dt,AverageTemperature,AverageTemperatureUncertainty,City,Country,Latitude,Longitude
1912-07-01,21.071,0.391,Worcester,United States,42.59N,72.00W
1890-05-01,18.494,0.97,Tunja,Colombia,5.63N,72.65W
1906-01-01,23.06,0.51,Santiago,Philippines,16.87N,122.23E
1958-12-01,11.140999999999998,0.557,Nador,Morocco,34.56N,3.89W
1959-08-01,20.515,0.2269999999999999,Deyang,China,31.35N,103.66E
1888-11-01,19.565,0.476,Ahmadpur East,Pakistan,29.74N,72.00E
1948-12-01,12.275,0.452,Guilin,China,24.92N,109.95E
1841-04-01,6.385000000000002,1.94,Highlands Ranch,United States,39.38N,104.05W
1900-04-01,10.559,0.356,Philadelphia,United States,39.38N,74.91W
1820-10-01,22.678,1.255,Ranchi,India,23.31N,84.76E
2009-02-01,17.491,0.2319999999999999,Miami,United States,26.52N,80.60W
1864-05-01,13.289,1.026,Tyumen,Russia,57.05N,66.39E
1861-01-01,25.223000000000003,2.049,My Tho,Vietnam,10.45N,105.55E
1895-03-01,-2.1180000000000003,0.601,Gomel,Belarus,52.24N,31.53E
1957-06-01,22.373,0.562,Ngaoundéré,Cameroon,7.23N,13.78E
1894-01-01,4.07,0.57,Hofu,Japan,34.56N,132.32E
1857-11-01,6.0920000000000005,2.609,Hirosaki,Japan,40.99N,140.59E
1867-07-01,,,Bandundu,Congo (Democratic Republic Of The),4.02S,16.88E
1910-02-01,22.325,0.354,Kharagpur,India,21.70N,87.40E
1815-07-01,29.08,2.252,Birganj,Nepal,26.52N,84.18E
1789-03-01,-1.4210000000000005,3.323,Shakhty,Russia,47.42N,39.08E
1770-12-01,8.448,3.074,Hampton,United States,36.17N,75.58W
1979-11-01,19.948,0.185,Canoas,Brazil,29.74S,51.69W
1882-07-01,13.269,0.841,Corrientes,Argentina,28.13S,59.09W
1966-12-01,18.052,0.578,Bankura,India,23.31N,86.50E
1884-01-01,24.719,1.432,Lipa,Philippines,13.66N,121.38E
1970-10-01,26.452,0.261,Hafizabad,Pakistan,31.35N,73.51E
1920-08-01,26.146,0.223,Kakogawa,Japan,34.56N,134.27E
1837-09-01,8.173,1.508,Kostroma,Russia,57.05N,39.84E
1907-04-01,24.778,0.465,Port Moresby,Papua New Guinea,8.84S,146.76E
1967-10-01,26.869,0.168,Tacloban,Philippines,12.05N,124.93E
1789-09-01,14.539,2.0980000000000003,Minneapolis,United States,45.81N,93.46W
1759-04-01,8.58,5.087,Móstoles,Spain,40.99N,4.26W
2002-06-01,26.007,0.174,Mandya,India,12.05N,77.26E
1946-06-01,27.901,0.614,Iloilo,Philippines,10.45N,121.91E
1745-12-01,,,Gera,Germany,50.63N,11.41E
1776-05-01,11.453,3.355,Hamilton,Canada,42.59N,80.73W
1877-02-01,3.945,1.813,Ube,Japan,34.56N,130.38E
1857-10-01,16.099,1.162,Lisbon,Portugal,39.38N,8.32W
1954-07-01,27.467,0.385,Columbia,United States,34.56N,81.73W
1953-10-01,15.123,0.183,Santander,Spain,44.20N,4.47W
1804-05-01,18.471,1.546,Amadora,Portugal,39.38N,8.32W
1867-01-01,2.71,1.486,Changzhou,China,31.35N,120.63E
1859-04-01,14.267,1.378,Siverek,Turkey,37.78N,38.64E
1791-07-01,17.509999999999998,2.424,Uppsala,Sweden,60.27N,16.22E
1992-04-01,19.231,0.2289999999999999,Nelspruit,South Africa,24.92S,30.15E
1962-12-01,1.7819999999999998,0.392,Modena,Italy,44.20N,11.18E
1949-07-01,26.722,0.614,Olongapo,Philippines,15.27N,120.83E
2003-06-01,26.001,0.256,Yichun,China,28.13N,113.64E
1986-08-01,24.554,0.148,Zhucheng,China,36.17N,119.34E
1867-05-01,16.926000000000002,1.474,Hirakata,Japan,34.56N,136.22E
1873-02-01,0.11,1.256,Debrecen,Hungary,47.42N,22.50E
1871-11-01,21.306,1.569,Aswan,Egypt,23.31N,32.33E
1870-10-01,12.587,3.142,Tangshan,China,37.78N,113.90E
1893-12-01,25.538,1.21,Parana,Argentina,31.35S,60.31W
1865-12-01,13.412,2.93,Apodaca,Mexico,26.52N,100.30W
1891-06-01,15.735,0.417,Ulm,Germany,49.03N,9.80E
1935-08-01,14.825,0.171,Edinburgh,United Kingdom,55.45N,2.83W
1905-03-01,25.676,0.696,Manaus,Brazil,2.41S,60.27W
1754-06-01,21.456,2.678,Philadelphia,United States,39.38N,74.91W
1897-04-01,19.032,0.748,East London,South Africa,32.95S,27.77E
1869-07-01,25.552,1.229,Marivan,Iran,36.17N,45.75E
1877-08-01,26.538,1.3730000000000002,Antipolo,Philippines,15.27N,120.83E
1904-08-01,10.894,0.742,Boksburg,South Africa,26.52S,28.66E
1881-09-01,8.280999999999999,0.568,Cherepovets,Russia,58.66N,36.92E
1918-10-01,17.275,0.1889999999999999,Chaohu,China,31.35N,118.74E
1868-04-01,8.561,1.06,Colchester,United Kingdom,52.24N,0.00W
1759-06-01,16.581,3.022,Barrie,Canada,44.20N,80.50W
1871-07-01,24.686,0.938,Tegal,Indonesia,7.23S,109.46E
1965-03-01,28.311,0.233,Ikot Ekpene,Nigeria,5.63N,8.07E
1848-07-01,,,Pôrto Seguro,Brazil,16.87S,38.51W
1931-08-01,18.655,0.273,Kirovohrad,Ukraine,49.03N,31.84E
1915-08-01,29.247,0.496,Ballia,India,26.52N,84.18E
1910-03-01,19.731,0.858,San Nicolás De Los Garza,Mexico,26.52N,100.30W
1964-02-01,21.31900000000001,0.691,Worcester,South Africa,32.95S,20.11E
1978-12-01,21.954,0.2789999999999999,Milagro,Ecuador,2.41S,79.55W
1908-12-01,11.332,0.74,Gujranwala,Pakistan,32.95N,73.72E
2003-11-01,25.827,0.203,Cianjur,Indonesia,7.23S,107.84E
1898-05-01,15.4,0.513,Toms River,United States,39.38N,74.91W
1781-02-01,-6.182,8.505,Poltava,Ukraine,49.03N,34.29E
1854-08-01,27.22300000000001,1.239,Santa Rosa,Philippines,13.66N,121.38E
1841-10-01,24.271,1.783,Adoni,India,15.27N,77.50E
1758-06-01,17.509,3.875,Cheboksary,Russia,55.45N,48.19E
1793-11-01,,,Bayrut,Lebanon,34.56N,35.03E
1842-01-01,-1.833,1.816,The Hague,Netherlands,52.24N,5.26E
1856-03-01,-9.113,1.347,Obninsk,Russia,55.45N,36.85E
1894-02-01,6.754,1.118,Anshun,China,26.52N,105.67E
1937-06-01,16.576,0.41,Grenoble,France,45.81N,5.77E
1812-08-01,,,Rewari,India,28.13N,77.27E
1920-03-01,4.082999999999998,0.204,Takaoka,Japan,36.17N,137.24E
1984-08-01,29.75,0.314,Gurgaon,India,28.13N,77.27E
1884-08-01,21.918000000000003,0.816,Leshan,China,29.74N,103.38E
1845-09-01,,,Surabaya,Indonesia,7.23S,112.70E
1923-08-01,25.728,0.181,Mandsaur,India,24.92N,74.48E
1977-09-01,15.499,0.253,Galati,Romania,45.81N,28.85E
1913-02-01,25.425,0.346,Hagonoy,Philippines,15.27N,120.83E
1816-09-01,27.836,1.571,Lahore,Pakistan,31.35N,73.51E
1828-07-01,27.99,1.6669999999999998,Vejalpur,India,23.31N,74.27E
1881-09-01,7.704,2.588,Chillan,Chile,36.17S,71.60W
1887-03-01,7.332999999999999,0.813,Durham,United States,36.17N,79.56W
1925-07-01,27.556,0.536,Khon Kaen,Thailand,16.87N,102.14E
1832-04-01,,,Khushab,Pakistan,32.95N,71.81E
1827-01-01,-0.9449999999999998,3.095,Hamadan,Iran,34.56N,48.65E
1959-12-01,8.648000000000001,0.319,Duma,Syria,32.95N,37.34E
1927-11-01,26.389,0.481,Purwokerto,Indonesia,7.23S,109.46E
1977-03-01,8.631,0.208,Handa,Japan,34.56N,136.22E
1963-05-01,17.302,0.327,Iasi,Romania,47.42N,27.24E
1948-10-01,25.654,0.375,Charallave,Venezuela,10.45N,66.27W
1925-05-01,22.431,0.497,Spring Valley,United States,36.17N,115.36W
1835-09-01,16.012,1.411,Santo André,Brazil,23.31S,46.31W
1965-06-01,20.304,0.5489999999999999,Ageo,Japan,36.17N,139.23E
1982-12-01,-0.427,0.168,Seoul,South Korea,37.78N,126.10E
1921-02-01,-14.15,0.326,Glazov,Russia,58.66N,52.31E
1944-11-01,14.75,0.281,Nicolás Romero,Mexico,20.09N,98.96W
1904-10-01,8.756,0.263,Stuttgart,Germany,49.03N,9.80E
1765-12-01,1.609,2.519,Southend On Sea,United Kingdom,52.24N,0.00W
1940-03-01,3.12,0.198,Washington,United States,39.38N,76.99W
1865-12-01,6.142,2.463,Plano,United States,32.95N,96.70W
1755-03-01,4.255000000000001,4.604,London,United Kingdom,52.24N,0.00W
1922-12-01,23.633000000000003,0.352,Limeira,Brazil,21.70S,47.60W
1913-06-01,31.088000000000005,0.885,Islamabad,Pakistan,32.95N,73.72E
1892-12-01,25.748,1.421,San Miguelito,Panama,8.84N,80.27W
1926-08-01,20.655,0.52,Aix En Provence,France,44.20N,4.47E
1989-10-01,17.238,0.302,Zhenjiang,China,32.95N,119.68E
1957-07-01,22.828000000000003,0.347,Kindu,Congo (Democratic Republic Of The),2.41S,26.52E
1823-02-01,-1.959,1.85,Kherson,Ukraine,47.42N,31.97E
1883-06-01,21.76,0.885,Kurume,Japan,32.95N,131.17E
1875-02-01,3.6020000000000003,0.7090000000000001,Exeter,United Kingdom,50.63N,3.80W
1929-05-01,28.254,0.525,Port Blair,India,12.05N,92.05E
2009-07-01,26.599,0.432,Mawlamyine,Burma,16.87N,97.12E
1967-09-01,16.191,0.5,Bisho,South Africa,32.95S,27.77E
1917-10-01,11.03,0.574,Erzincan,Turkey,39.38N,39.54E
2002-02-01,-0.2040000000000006,0.262,Jinzhou,China,40.99N,121.42E
1866-02-01,7.638999999999999,1.599,Beibei,China,29.74N,107.08E
1979-05-01,12.322,0.573,Portland,United States,45.81N,123.46W
1922-05-01,21.334,0.3379999999999999,Jishou,China,28.13N,110.00E
1965-12-01,-18.382,0.5920000000000001,Yushu,China,44.20N,127.45E
2008-10-01,23.89,0.514,Vitória Da Conquista,Brazil,15.27S,40.83W
1960-04-01,20.008,0.492,Itapetininga,Brazil,23.31S,48.06W
1942-11-01,3.0610000000000004,0.185,Springfield,United States,42.59N,72.00W
1771-02-01,-0.0869999999999999,5.003,Strasbourg,France,49.03N,7.35E
1846-08-01,26.481,1.266,San Fernando,Philippines,15.27N,120.83E
1860-03-01,-11.199000000000002,2.256,Penza,Russia,53.84N,45.00E
1938-05-01,27.178,0.177,Melaka,Malaysia,2.41N,102.05E
1937-01-01,-11.682,0.638,Balashikha,Russia,55.45N,36.85E
1957-02-01,20.396,0.306,Taunggyi,Burma,20.09N,97.25E
1811-04-01,20.146,1.862,Orlando,United States,28.13N,80.91W
1854-03-01,26.637,0.865,Champdani,India,23.31N,88.25E
1822-05-01,14.317,1.588,Xichang,China,28.13N,102.73E
1918-04-01,12.393,0.3389999999999999,Ogaki,Japan,34.56N,136.22E
1993-09-01,14.277,0.376,Tarija,Bolivia,21.70S,64.90W
1938-11-01,10.222,0.305,Sakai,Japan,34.56N,136.22E
1897-10-01,10.639,0.415,Kayseri,Turkey,39.38N,35.38E
1999-06-01,23.381,0.3329999999999999,Maxixe,Mozambique,23.31S,35.83E
1896-09-01,21.696,0.526,Xinpu,China,34.56N,118.70E
1877-12-01,12.878,2.063,Shekhupura,Pakistan,31.35N,73.51E
1946-07-01,28.19,0.436,Coro,Venezuela,12.05N,69.04W
1928-03-01,-7.782,0.578,Ivanovo,Russia,57.05N,39.84E
1999-07-01,7.182,0.241,Lasa,China,29.74N,90.46E
1885-06-01,28.338,0.6729999999999999,Bhiwandi,India,20.09N,73.36E
1969-02-01,22.045,0.526,Bahia Blanca,Argentina,39.38S,62.43W
1958-04-01,26.721,0.653,Taman,Indonesia,7.23S,109.46E
1974-10-01,11.901,0.335,Braga,Portugal,40.99N,8.52W
1963-05-01,23.878,0.427,Tallahassee,United States,29.74N,84.92W
1817-03-01,0.7519999999999999,3.103,Mazyr,Belarus,52.24N,28.91E
1827-01-01,,,Sungai Petani,Malaysia,5.63N,100.09E
1992-07-01,24.47,0.332,Zaria,Nigeria,10.45N,7.36E
1916-05-01,22.247,0.723,Mazatlán,Mexico,23.31N,105.73W
1909-02-01,-10.470999999999998,0.525,Saint Petersburg,Russia,60.27N,29.19E
1962-04-01,25.938,0.238,Grogol,Indonesia,7.23S,111.08E
2000-07-01,28.825,0.276,Gazipur,Bangladesh,23.31N,90.00E
1895-07-01,26.864,0.537,Ipoh,Malaysia,4.02N,100.45E
1912-06-01,16.391,0.535,Rubtsovsk,Russia,52.24N,81.46E
1960-12-01,4.314,0.366,Pécs,Hungary,45.81N,17.31E
1825-04-01,9.408,3.1260000000000003,Essen,Germany,50.63N,6.34E
2006-12-01,15.358,0.2019999999999999,Chaozhou,China,23.31N,116.21E
1967-12-01,16.907,0.297,Jaunpur,India,26.52N,82.39E
2007-01-01,-18.324,0.6629999999999999,Altay,China,47.42N,88.82E
1982-02-01,19.006,0.324,Villa Nueva,Guatemala,15.27N,90.83W
1744-02-01,,,Waterbury,United States,40.99N,72.43W
1928-10-01,25.866,0.4579999999999999,Managua,Nicaragua,12.05N,85.48W
1998-07-01,24.815,0.213,Taganrog,Russia,47.42N,39.08E
1893-10-01,23.661,0.959,Asyut,Egypt,26.52N,30.45E
1900-04-01,20.606,1.109,Ibirité,Brazil,20.09S,44.36W
1893-10-01,24.156,0.481,Bhadravati,India,13.66N,75.14E
1908-05-01,21.412,0.45,Alexandria,Egypt,31.35N,30.16E
1913-10-01,13.824000000000002,0.616,Terni,Italy,42.59N,13.09E
1984-03-01,10.711,0.19,Little Rock,United States,34.56N,91.46W
2011-08-01,18.531,0.207,Olsztyn,Poland,53.84N,20.45E
1918-02-01,25.53,1.004,Tanete,Indonesia,5.63S,119.46E
1920-07-01,7.346999999999999,0.648,Los Angeles,Chile,37.78S,73.22W
1823-09-01,15.941,1.538,Belgrade,Serbia,44.20N,20.12E
1950-10-01,18.315,0.568,Oaxaca,Mexico,16.87N,97.12W
1982-02-01,0.1200000000000001,0.159,Verona,Italy,45.81N,10.38E
1900-11-01,-3.504,0.47,Balashikha,Russia,55.45N,36.85E
1886-11-01,20.539,1.194,Hòa Bình,Vietnam,20.09N,105.78E
1852-09-01,24.867,1.272,Barquisimeto,Venezuela,10.45N,69.55W
1937-11-01,19.801,0.647,Sabha,Libya,26.52N,14.33E
1957-09-01,27.352,0.389,Nanded,India,18.48N,77.75E
2001-07-01,25.121,0.723,Padalarang,Indonesia,7.23S,107.84E
1828-08-01,21.017,1.574,Cúcuta,Colombia,7.23N,72.16W
1851-05-01,12.62,1.121,Wencheng,China,37.78N,122.03E
2013-06-01,26.935,0.3829999999999999,Taman,Indonesia,7.23S,109.46E
1863-11-01,24.318,1.481,Bacoor,Philippines,15.27N,120.83E
1819-05-01,13.814,2.388,Wuppertal,Germany,50.63N,6.34E
1844-06-01,20.158,1.207,Forlì,Italy,44.20N,11.18E
1961-06-01,26.104000000000006,0.288,Shaki,Nigeria,8.84N,4.05E
1836-03-01,14.943,2.415,Iskenderun,Turkey,36.17N,35.80E
1888-07-01,27.078000000000003,1.127,Athens,Greece,37.78N,24.41E
1849-11-01,6.710999999999999,1.964,Konan,Japan,36.17N,137.24E
1984-04-01,21.619,0.135,Ribeirão Das Neves,Brazil,20.09S,44.36W
1846-06-01,,,Fernando De La Mora,Paraguay,24.92S,56.75W
1915-10-01,1.665,0.755,Petropavlovsk Kamchatskiy,Russia,53.84N,159.55E
1930-10-01,22.131,1.054,Ribeirão Das Neves,Brazil,20.09S,44.36W
1950-01-01,16.274,0.243,Ghazipur,India,24.92N,83.35E
2009-03-01,24.228,0.968,Nouakchott,Mauritania,18.48N,15.21W
1789-10-01,0.371,3.017,Sterlitamak,Russia,53.84N,55.91E
1997-11-01,9.108,0.313,Arak,Iran,34.56N,50.59E
2006-05-01,32.617999999999995,0.321,Sholapur,India,18.48N,76.06E
1939-12-01,26.362,0.345,Kumba,Cameroon,4.02N,8.84E
1832-10-01,,,Phra Pradaeng,Thailand,13.66N,99.91E
1884-04-01,28.183000000000003,0.698,Kalyan,India,20.09N,73.36E
1953-12-01,20.986,0.499,Bidar,India,18.48N,77.75E
1775-04-01,7.725,2.087,Sunderland,United Kingdom,55.45N,2.83W
1944-10-01,27.251,1.297,Jombang,Indonesia,7.23S,112.70E
1955-03-01,-5.4,0.092,Zelenograd,Russia,55.45N,36.85E
1804-05-01,14.741,1.659,Prizren,Serbia,42.59N,21.82E
1965-02-01,22.954,0.284,Mandalay,Burma,21.70N,96.06E
1818-08-01,17.308,1.831,Brussels,Belgium,50.63N,3.80E
1867-09-01,18.54,2.004,Modesto,United States,37.78N,120.00W
1993-08-01,28.337000000000003,0.35,Mbour,Senegal,13.66N,17.34W
1854-11-01,20.866,1.565,Jabalpur,India,23.31N,79.51E
1914-06-01,13.105,0.706,Kitami,Japan,44.20N,143.11E
1993-07-01,25.979,0.25,Taman,Indonesia,7.23S,109.46E
1958-05-01,32.980000000000004,0.747,Chas,India,23.31N,86.50E
1784-04-01,8.562000000000001,8.39,Timisoara,Romania,45.81N,21.92E
1910-11-01,19.944000000000003,0.3389999999999999,Khanpur,Pakistan,28.13N,70.00E
1944-04-01,27.241,0.175,Abohar,India,29.74N,73.85E
1894-06-01,13.536,1.402,São Paulo,Brazil,23.31S,46.31W
1848-10-01,8.818999999999997,0.804,Ratisbon,Germany,49.03N,12.24E
1872-10-01,26.812,0.523,Carúpano,Venezuela,10.45N,63.00W
1983-06-01,25.835,0.38,Taunggyi,Burma,20.09N,97.25E
1886-08-01,10.800999999999998,0.782,Midrand,South Africa,26.52S,28.66E
1952-09-01,7.055,0.603,Puerto Montt,Chile,40.99S,72.43W
1894-11-01,9.717,0.4589999999999999,Kiryu,Japan,36.17N,139.23E
1820-06-01,25.621,1.722,Jackson,United States,32.95N,90.96W
1970-03-01,7.1770000000000005,0.286,Neyshabur,Iran,36.17N,59.67E
1834-01-01,4.908,2.568,Krefeld,Germany,50.63N,6.34E
1778-12-01,11.643,2.498,Cadiz,Spain,36.17N,5.97W
1958-01-01,1.064,0.445,Bonn,Germany,50.63N,6.34E
1857-08-01,29.615,1.499,Luxor,Egypt,26.52N,32.24E
1974-01-01,0.434,0.43,Iruma,Japan,36.17N,139.23E
2013-08-01,8.729000000000001,0.46,Salta,Argentina,24.92S,65.62W
1893-08-01,27.200000000000006,0.746,Hsichih,Taiwan,24.92N,122.36E
1833-07-01,23.911,2.122,Wuda,China,39.38N,106.13E
1931-04-01,5.456,0.325,Ostrava,Czech Republic,50.63N,19.01E
1883-08-01,27.166,0.519,Huangpu,China,23.31N,112.72E
1882-08-01,16.918000000000006,0.895,Xichang,China,28.13N,102.73E
1887-06-01,27.388,0.7070000000000001,My Tho,Vietnam,10.45N,105.55E
1913-08-01,21.679,1.739,Amadora,Portugal,39.38N,8.32W
1876-08-01,12.965,1.523,Concordia,Argentina,31.35S,58.43W
1924-03-01,22.046,0.385,Purnia,India,26.52N,87.76E
1880-11-01,24.458,1.528,Bata,Equatorial Guinea,2.41N,10.45E
1943-01-01,16.387999999999998,0.6809999999999999,Las Palmas,Spain,28.13N,15.45W
1945-06-01,23.554,0.6940000000000001,Reggio Di Calabria,Italy,37.78N,16.27E
1955-04-01,28.457,0.243,Pimpri,India,18.48N,74.37E
1801-06-01,14.157,2.212,Walbrzych,Poland,50.63N,16.48E
1980-05-01,12.023,0.168,Midrand,South Africa,26.52S,28.66E
1913-01-01,15.362,0.722,Deoria,India,26.52N,84.18E
1865-09-01,24.708,1.069,Surt,Libya,31.35N,16.96E
1954-10-01,15.105,0.317,Shangqiu,China,34.56N,114.81E
1965-12-01,-1.539,0.519,Bydgoszcz,Poland,53.84N,17.73E
1998-06-01,31.69,0.235,Kamarhati,India,23.31N,88.25E
1873-08-01,14.173,0.95,Santa Cruz Do Sul,Brazil,29.74S,51.69W
1897-08-01,26.021,0.66,Santarém,Brazil,2.41S,55.45W
1874-07-01,23.595,0.915,Hubli,India,15.27N,75.83E
1754-05-01,21.608,2.814,Tripoli,Libya,32.95N,12.45E
1992-05-01,26.222,0.7959999999999999,Asmara,Eritrea,15.27N,39.17E
1855-01-01,9.266,2.154,Jaramana,Syria,32.95N,35.43E
1812-02-01,-19.129,3.007,Temirtau,Kazakhstan,50.63N,72.25E
1877-04-01,7.337999999999999,1.235,Erlangen,Germany,49.03N,9.80E
1980-09-01,13.656,0.221,Bloemfontein,South Africa,29.74S,25.85E
1866-04-01,7.605,0.8490000000000001,Kerch,Ukraine,45.81N,35.77E
2011-01-01,23.588,0.45,Uberlândia,Brazil,18.48S,49.01W
1930-06-01,28.307,0.532,Beihai,China,21.70N,109.90E
2009-06-01,28.302,0.364,Ziguinchor,Senegal,12.05N,16.44W
1753-03-01,0.6679999999999999,3.414,Green Bay,United States,44.20N,87.20W
1874-06-01,21.664,1.453,Numazu,Japan,34.56N,138.16E
1910-03-01,19.569000000000003,0.435,Hoshiarpur,India,31.35N,75.39E
1936-02-01,2.2710000000000004,0.198,Amagasaki,Japan,34.56N,136.22E
1971-11-01,24.396,0.389,Lira,Uganda,2.41N,32.95E
1970-01-01,14.892,0.498,Hathras,India,28.13N,77.27E
1894-03-01,19.875,0.498,São José Dos Pinhais,Brazil,24.92S,49.66W
1955-09-01,16.491999999999994,0.511,Chiclayo,Peru,7.23S,80.27W
1940-06-01,19.637,0.524,Pleven,Bulgaria,44.20N,24.60E
1899-12-01,6.884,0.596,Toyonaka,Japan,34.56N,136.22E
1953-03-01,18.539,0.35,Queenstown,South Africa,31.35S,26.39E
1979-05-01,16.895,0.3329999999999999,Piatra Neamt,Romania,47.42N,27.24E
1846-05-01,29.91,1.636,Sitapur,India,28.13N,80.91E
1996-11-01,10.675,0.341,Osmaniye,Turkey,37.78N,36.61E
1954-07-01,19.981,0.252,Petropavl,Kazakhstan,55.45N,68.03E
1925-07-01,25.035,0.434,Accra,Ghana,5.63N,0.00W
1891-10-01,22.305,0.8590000000000001,Manta,Ecuador,0.80S,81.16W
1794-04-01,13.207,2.41,Çorlu,Turkey,40.99N,27.69E
1981-08-01,20.773000000000003,0.261,Nizhnekamsk,Russia,55.45N,51.02E
1925-11-01,20.68,0.6759999999999999,São Vicente,Brazil,23.31S,46.31W
1996-05-01,20.648000000000003,0.247,Hangzhou,China,29.74N,120.00E
2010-08-01,30.217,0.4429999999999999,Moga,India,31.35N,75.39E
1942-08-01,28.429,0.275,Narsingdi,Bangladesh,23.31N,90.00E
1938-01-01,28.436,0.531,Bohicon,Benin,7.23N,2.43E
1880-02-01,-2.286,1.744,Çorum,Turkey,40.99N,34.08E
1890-06-01,18.897,0.649,Torrejón De Ardoz,Spain,40.99N,4.26W
1987-10-01,26.239,0.316,Ikare,Nigeria,7.23N,5.68E
1945-09-01,24.938,0.321,Villavicencio,Colombia,4.02N,73.13W
1964-10-01,26.134,0.498,Valencia,Venezuela,10.45N,67.91W
1904-11-01,22.623,0.711,Rio De Janeiro,Brazil,23.31S,42.82W
2004-02-01,26.442,0.308,Meycauayan,Philippines,15.27N,120.83E
1843-07-01,26.579,1.525,Luzhou,China,29.74N,105.23E
1744-02-01,,,Halifax,Canada,44.20N,62.61W
1799-02-01,16.477999999999998,2.42,Firozabad,India,26.52N,78.81E
1921-07-01,25.668000000000003,0.525,Savannah,United States,31.35N,81.05W
1859-01-01,5.424,0.919,Eastbourne,United Kingdom,50.63N,1.27E
1847-06-01,19.807,1.2819999999999998,Taganrog,Russia,47.42N,39.08E
1992-03-01,18.07,0.35,Querétaro,Mexico,20.09N,100.66W
1760-11-01,7.846999999999999,2.43,Cary,United States,36.17N,79.56W
2006-06-01,27.358,0.283,Offa,Nigeria,8.84N,4.05E
1839-09-01,11.85,1.443,Lanzhou,China,36.17N,103.43E
2011-01-01,17.363,0.624,Manama,Bahrain,26.52N,50.15E
1861-06-01,15.296,1.705,Osasco,Brazil,23.31S,46.31W
1905-07-01,27.889,0.483,Luoyang,China,23.31N,114.47E
1974-12-01,26.324,0.1689999999999999,Pamulang,Indonesia,5.63S,106.55E
1925-11-01,12.114,0.308,Amagasaki,Japan,34.56N,136.22E
1826-10-01,11.567,2.879,Ruse,Bulgaria,44.20N,26.83E
1841-04-01,11.223,2.037,Suita,Japan,34.56N,136.22E
1972-09-01,20.534,0.593,Benguela,Angola,12.05S,13.15E
1934-01-01,24.136,0.405,Garut,Indonesia,7.23S,107.84E
1991-08-01,30.705,0.442,Guaymas,Mexico,28.13N,110.00W
1925-11-01,13.48,0.289,Xiantao,China,29.74N,112.62E
1959-07-01,16.587,0.356,Kadoma,Zimbabwe,18.48S,30.42E
1860-04-01,22.653,2.366,Los Mochis,Mexico,26.52N,109.25W
1876-06-01,26.174,1.306,Pontianak,Indonesia,0.80S,110.09E
1802-07-01,28.268,1.788,Tunis,Tunisia,36.17N,9.94E
1913-06-01,28.47,0.489,Ubon Ratchathani,Thailand,15.27N,104.17E
2003-03-01,27.893,0.173,Maisuru,India,12.05N,77.26E
1852-09-01,8.94,0.889,Seversk,Russia,57.05N,84.10E
1917-06-01,26.692,0.268,Brownsville,United States,26.52N,96.72W
1981-06-01,35.484,0.4039999999999999,Sonipat,India,28.13N,77.27E
1963-10-01,18.075,0.186,Fujinomiya,Japan,34.56N,138.16E
1887-09-01,26.45,0.482,Kuantan,Malaysia,4.02N,103.66E
1963-01-01,-8.213000000000001,0.355,Shakhty,Russia,47.42N,39.08E
1876-10-01,24.592,0.6779999999999999,Subang,Indonesia,7.23S,107.84E
1969-08-01,17.5,0.367,Samara,Russia,53.84N,50.45E
1984-04-01,9.252,0.115,Odawara,Japan,36.17N,139.23E
1979-04-01,17.475,0.336,Zhoucheng,China,24.92N,102.86E
1843-09-01,16.52,1.089,Xinxiang,China,36.17N,113.37E
1964-01-01,-4.132,0.779,Prague,Czech Republic,50.63N,13.94E
1897-04-01,30.536,0.7,Bansbaria,India,23.31N,88.25E
1953-02-01,-17.419,0.396,Tolyatti,Russia,53.84N,50.45E
1925-11-01,11.627,0.609,Norfolk,United States,36.17N,75.58W
1863-07-01,23.784,1.625,Philadelphia,United States,39.38N,74.91W
1839-10-01,6.8980000000000015,1.868,Erzurum,Turkey,39.38N,41.62E
1917-11-01,25.416,0.455,Sukaraja,Indonesia,7.23S,106.22E
1852-05-01,7.100999999999999,1.52,Saint Petersburg,Russia,60.27N,29.19E
1930-01-01,24.347,0.377,Cienfuegos,Cuba,21.70N,80.48W
2004-08-01,21.771,0.244,Jersey City,United States,40.99N,74.56W
2009-11-01,28.841,0.482,Port Blair,India,12.05N,92.05E
1825-02-01,-4.199,1.918,Piatra Neamt,Romania,47.42N,27.24E
1977-07-01,31.305,0.357,Tambaram,India,13.66N,80.09E
1761-05-01,16.28,2.25,Springfield,United States,42.59N,72.00W
1953-07-01,25.213,0.126,Okazaki,Japan,34.56N,136.22E
1873-04-01,11.547,1.375,Coimbra,Portugal,40.99N,8.52W
1871-04-01,26.324,0.946,Karawang,Indonesia,5.63S,106.55E
1888-02-01,23.314,1.041,Itapetininga,Brazil,23.31S,48.06W
1990-04-01,10.678,0.502,Mahabad,Iran,36.17N,45.75E
1826-03-01,-3.95,2.525,Arvada,United States,39.38N,106.13W
1920-08-01,24.818,0.201,Oyama,Japan,36.17N,139.23E
1866-05-01,16.173,2.266,Tottori,Japan,34.56N,134.27E
1920-08-01,27.53,0.487,Yingcheng,China,31.35N,113.09E
1877-03-01,28.445,1.683,Hadejia,Nigeria,12.05N,9.86E
2003-08-01,27.514,0.352,Gainesville,United States,29.74N,83.08W
1928-10-01,26.457,0.233,Sekudai,Malaysia,0.80N,103.66E
1903-11-01,24.068,1.356,Gemena,Congo (Democratic Republic Of The),4.02N,20.09E
2003-07-01,17.34,0.4039999999999999,Ukhta,Russia,63.49N,52.20E
1882-07-01,32.294999999999995,0.687,Nawabshah,Pakistan,26.52N,68.06E
1926-06-01,24.65,0.925,Kindia,Guinea,10.45N,12.27W
1877-08-01,11.718,1.423,Bethal,South Africa,26.52S,28.66E
1930-07-01,28.073,0.34,Sungai Petani,Malaysia,5.63N,100.09E
1822-12-01,25.313,2.894,Thrissur,India,10.45N,76.09E
1987-09-01,27.558000000000003,0.162,Palo Negro,Venezuela,10.45N,67.91W
1800-11-01,20.163,2.364,Etah,India,28.13N,79.09E
1911-05-01,14.78,0.309,Yelets,Russia,52.24N,39.42E
1928-07-01,18.384,0.303,Winnipeg,Canada,50.63N,97.61W
2007-11-01,21.005,0.449,Santa Cruz De Tenerife,Spain,28.13N,15.45W
2006-05-01,17.747,0.309,Albacete,Spain,39.38N,2.08W
1794-03-01,14.685,2.136,Qabis,Tunisia,34.56N,9.73E
1886-03-01,27.803,0.412,Robertsonpet,India,13.66N,78.44E
1859-06-01,28.117,1.018,Samut Prakan,Thailand,13.66N,99.91E
1847-01-01,23.155,3.116,Hubli,India,15.27N,75.83E
1817-07-01,15.968,1.3430000000000002,Wolfsburg,Germany,52.24N,10.51E
1916-07-01,24.202,0.431,Ciamis,Indonesia,7.23S,107.84E
1863-12-01,23.074,1.414,Qui Nhon,Vietnam,13.66N,109.82E
1826-05-01,25.137,1.644,Baton Rouge,United States,29.74N,90.46W
2011-08-01,19.389,0.415,Santa Rosa,United States,37.78N,122.03W
1970-03-01,-12.525,0.631,Zalantun,China,47.42N,121.97E
1911-11-01,26.542,0.8540000000000001,São Luís,Brazil,2.41S,44.20W
1956-12-01,16.905,0.444,Jhansi,India,24.92N,78.03E
1909-04-01,11.083,1.452,Eslamshahr,Iran,36.17N,51.71E
1988-08-01,26.257,0.206,Richmond,United States,37.78N,77.29W
1753-05-01,11.708,2.12,Panevezys,Lithuania,55.45N,25.51E
1840-11-01,6.340999999999998,3.01,Ruse,Bulgaria,44.20N,26.83E
1911-06-01,14.842,0.412,Solingen,Germany,50.63N,6.34E
1911-07-01,32.961,0.531,Dhaulpur,India,26.52N,77.01E
1927-06-01,32.121,0.433,Kanchipuram,India,13.66N,80.09E
1967-04-01,28.128,0.19,Hat Yai,Thailand,7.23N,99.73E
1996-02-01,1.7959999999999998,0.203,Koganei,Japan,36.17N,139.23E
1996-01-01,4.933,0.415,Nazilli,Turkey,37.78N,28.47E
1961-04-01,20.851,0.298,Cubatão,Brazil,23.31S,46.31W
1991-03-01,26.571,0.2289999999999999,Metro,Indonesia,5.63S,104.93E
1953-05-01,27.256,0.258,El Progreso,Honduras,15.27N,87.50W
1832-01-01,1.7029999999999998,2.168,Amiens,France,49.03N,2.45E
2011-01-01,12.211,0.222,Ahmadpur East,Pakistan,29.74N,72.00E
1981-02-01,-0.488,0.461,Kumanovo,Macedonia,42.59N,21.82E
2004-11-01,15.991,0.195,Waitakere,New Zealand,36.17S,175.03E
2001-04-01,16.729,0.511,George,South Africa,34.56S,23.35E
1893-10-01,18.894,0.603,Marbella,Spain,36.17N,3.98W
1908-03-01,4.005,0.315,Gyor,Hungary,47.42N,17.76E
1919-05-01,23.844,1.939,Feira De Santana,Brazil,12.05S,39.45W
1980-03-01,-7.734,0.236,Dzerzhinsk,Russia,57.05N,42.79E
1892-05-01,30.083,0.8490000000000001,Azare,Nigeria,12.05N,9.86E
1892-11-01,-0.8700000000000001,0.698,Rivne,Ukraine,50.63N,26.62E
1920-05-01,12.308,0.887,Yining,China,44.20N,80.50E
1954-06-01,24.318,0.38,Nossa Senhora Do Socorro,Brazil,10.45S,36.82W
1882-04-01,19.693,1.33,Luanshya,Zambia,13.66S,28.90E
2010-05-01,26.193,0.286,Subang,Indonesia,7.23S,107.84E
1983-04-01,16.644000000000002,0.161,Phoenix,United States,32.95N,112.02W
1869-11-01,,,Chimoio,Mozambique,18.48S,33.80E
1822-06-01,,,Asyut,Egypt,26.52N,30.45E
1934-11-01,1.0590000000000002,0.292,Dzerzhinsk,Russia,57.05N,42.79E
1980-07-01,29.262,0.272,Bangaon,India,23.31N,88.25E
1983-11-01,7.082000000000001,0.262,Halifax,Canada,44.20N,62.61W
1963-02-01,5.46,0.1689999999999999,Yaizu,Japan,34.56N,138.16E
1968-01-01,3.866,0.104,Orléans,France,47.42N,1.18E
1918-06-01,17.16,0.3939999999999999,Naucalpan,Mexico,20.09N,98.96W
1859-10-01,16.933,1.398,Hangzhou,China,29.74N,120.00E
1901-07-01,27.341,1.09,Manaus,Brazil,2.41S,60.27W
1872-05-01,8.424,1.013,San Rafael,Argentina,34.56S,68.11W
1938-08-01,20.289,0.307,Syzran,Russia,53.84N,47.73E
1955-06-01,20.92,0.249,Shenyang,China,40.99N,123.55E
1853-12-01,-2.08,1.786,Seoul,South Korea,37.78N,126.10E
1920-05-01,21.96,0.851,Shashi,China,29.74N,112.62E
1895-04-01,24.558000000000003,0.7490000000000001,Daska,Pakistan,32.95N,73.72E
1838-08-01,15.553,3.484,Prague,Czech Republic,50.63N,13.94E
1978-06-01,21.110000000000007,0.3339999999999999,San Cristóbal,Venezuela,7.23N,72.16W
1991-02-01,4.107,0.168,León,Spain,42.59N,6.55W
2002-05-01,18.783,0.181,Elbasan,Albania,40.99N,19.17E
1987-03-01,26.064,0.23,Caracas,Venezuela,10.45N,66.27W
1965-12-01,4.998,0.285,Kurume,Japan,32.95N,131.17E
1933-08-01,15.532000000000002,0.254,Kaliningrad,Russia,55.45N,19.84E
1957-12-01,18.084,0.457,Zhuhai,China,21.70N,113.37E
1904-02-01,18.841,0.638,Ranchi,India,23.31N,84.76E
1997-10-01,12.478,0.357,Cincinnati,United States,39.38N,85.32W
1870-01-01,9.384,1.254,Downey,United States,34.56N,118.70W
1984-12-01,19.762,0.355,Soacha,Colombia,4.02N,74.73W
1986-07-01,17.685000000000006,0.203,Toamasina,Madagascar,18.48S,49.01E
1884-07-01,16.910999999999998,0.6459999999999999,Tver,Russia,57.05N,36.89E
1981-01-01,22.827,0.363,Gweru,Zimbabwe,20.09S,29.00E
1936-09-01,24.462000000000003,0.434,Oklahoma City,United States,36.17N,97.46W
2012-10-01,28.689,0.368,Ulhasnagar,India,18.48N,72.68E
1886-04-01,19.231,0.7709999999999999,Qandahar,Afghanistan,31.35N,65.97E
2005-11-01,21.297,0.321,Guangzhou,China,23.31N,112.72E
1959-06-01,14.707,0.249,Eugene,United States,44.20N,122.98W
1976-11-01,7.236999999999999,0.601,Sabzevar,Iran,36.17N,57.68E
1856-05-01,28.103,1.431,Djougou,Benin,10.45N,2.45E
1878-10-01,27.776,0.473,Dum Dum,India,23.31N,88.25E
1924-10-01,19.912,0.386,Duque De Caxias,Brazil,23.31S,42.82W
1987-04-01,26.522,0.2289999999999999,Manaus,Brazil,2.41S,60.27W
1870-04-01,29.539,1.626,Basti,India,26.52N,82.39E
1987-10-01,14.083,0.265,Tandil,Argentina,37.78S,58.98W
1951-04-01,13.114,0.318,Nanyang,China,32.95N,112.02E
1791-12-01,7.869,2.276,Ordu,Turkey,40.99N,38.34E
1847-01-01,,,Rio Grande,Brazil,31.35S,52.77W
1982-04-01,27.128,0.629,Manzanillo,Cuba,20.09N,76.78W
1832-02-01,-15.194,2.499,Harbin,China,45.81N,125.77E
1884-01-01,3.672,1.275,Zhicheng,China,29.74N,110.77E
1882-04-01,13.108,0.524,Neyagawa,Japan,34.56N,136.22E
1859-09-01,10.017,0.623,Trondheim,Norway,63.49N,9.00E
1813-11-01,7.093999999999999,2.441,Pamplona,Spain,42.59N,2.18W
1865-06-01,24.555,1.235,Huaihua,China,28.13N,110.00E
1924-05-01,31.614,0.809,Jamuria,India,23.31N,86.50E
1949-05-01,12.336,0.184,Bochum,Germany,52.24N,7.88E
1837-05-01,32.069,1.739,Akola,India,20.09N,76.78E
1943-08-01,18.123,0.366,Leninsk Kuznetskiy,Russia,53.84N,85.91E
1753-07-01,16.152,2.355,Birmingham,United Kingdom,52.24N,2.63W
1961-06-01,26.884,0.253,Santa Marta,Colombia,10.45N,74.45W
1957-08-01,29.042,0.848,Jaipur,India,26.52N,75.22E
1993-12-01,3.241,0.574,Mashhad,Iran,36.17N,59.67E
1954-03-01,12.296,0.2339999999999999,Peristérion,Greece,37.78N,24.41E
1978-03-01,24.911,0.291,Vila Velha,Brazil,20.09S,40.95W
2004-12-01,21.868,0.415,San Pedro Sula,Honduras,15.27N,87.50W
1902-08-01,25.34,1.001,Xuzhou,China,34.56N,116.76E
1976-10-01,14.135,0.27,Urayasu,Japan,36.17N,139.23E
1972-09-01,24.131,0.432,Ejido,Venezuela,8.84N,70.54W
1887-06-01,13.481,0.417,Riga,Latvia,57.05N,25.08E
1876-03-01,14.102,1.375,Almería,Spain,36.17N,1.99W
1913-06-01,25.129,0.235,Petare,Venezuela,10.45N,66.27W
1895-03-01,27.299,0.518,Mombasa,Kenya,4.02S,39.38E
1835-10-01,-3.577,2.022,Surgut,Russia,61.88N,73.02E
1882-03-01,24.773000000000003,0.951,Payakumbuh,Indonesia,0.80S,100.45E
1942-06-01,21.754,0.327,Hirakata,Japan,34.56N,136.22E
2009-04-01,12.56,0.317,Kasukabe,Japan,36.17N,139.23E
1847-05-01,18.821,1.895,Herat,Afghanistan,34.56N,62.27E
1888-01-01,23.878,2.503,São João De Meriti,Brazil,23.31S,42.82W
2010-01-01,16.4,0.1689999999999999,Maoming,China,21.70N,111.63E
1778-03-01,,,Kansas City,United States,39.38N,93.64W
1885-05-01,16.784000000000002,0.677,Ardabil,Iran,37.78N,48.81E
1992-08-01,28.096,0.212,Dadiangas,Philippines,5.63N,125.92E
1859-10-01,25.493,1.288,Sapele,Nigeria,5.63N,6.46E
1945-04-01,21.179,0.519,Guadalajara,Mexico,20.09N,104.08W
1979-05-01,11.705,0.355,Apeldoorn,Netherlands,52.24N,5.26E
1929-05-01,21.159,0.242,Fort Worth,United States,32.95N,96.70W
1902-12-01,8.195,0.675,Kadoma,Japan,34.56N,136.22E
1903-06-01,33.395,0.427,Itarsi,India,23.31N,77.77E
1885-04-01,5.247000000000001,1.507,Xuanhua,China,40.99N,115.03E
2013-05-01,8.884,0.588,Halifax,Canada,44.20N,62.61W
1764-02-01,2.2230000000000003,1.669,Bridgeport,United States,40.99N,72.43W
1992-09-01,21.016,0.326,Ibagué,Colombia,4.02N,74.73W
1947-01-01,-9.556,0.722,Olsztyn,Poland,53.84N,20.45E
1818-04-01,19.02,4.013999999999999,Qujing,China,24.92N,104.63E
1870-07-01,19.009,0.563,Chemnitz,Germany,50.63N,13.94E
1905-01-01,-0.7600000000000002,0.935,Dongying,China,37.78N,117.97E
1859-05-01,15.033,1.072,Araucária,Brazil,24.92S,49.66W
1888-02-01,0.969,0.949,Le Havre,France,49.03N,0.00W
1761-02-01,5.3050000000000015,3.009,Greensboro,United States,36.17N,79.56W
1860-08-01,27.687,0.87,Rach Gia,Vietnam,10.45N,105.55E
1976-11-01,17.599999999999994,0.273,Haifa,Israel,32.95N,35.43E
1927-11-01,15.373,0.2189999999999999,Linhai,China,28.13N,120.91E
1747-02-01,,,Leverkusen,Germany,50.63N,6.34E
1866-12-01,-10.193,0.95,Zlatoust,Russia,55.45N,59.53E
1986-10-01,25.700000000000006,0.215,Ikorodu,Nigeria,7.23N,4.05E
1952-03-01,27.972,0.207,Katsina,Nigeria,13.66N,7.43E
2003-03-01,27.837,0.156,Sepatan,Indonesia,5.63S,106.55E
1988-06-01,34.004999999999995,0.356,Etawah,India,26.52N,78.81E
1876-10-01,14.276,1.938,Akita,Japan,39.38N,139.42E
1840-08-01,20.565,1.507,São José Do Rio Prêto,Brazil,20.09S,49.48W
1857-03-01,9.433,1.426,Jiaxing,China,31.35N,120.63E
1889-09-01,19.965,1.014,Colatina,Brazil,20.09S,40.95W
1862-04-01,9.322,1.331,Brasov,Romania,45.81N,26.54E
1949-07-01,19.018,0.111,Heilbronn,Germany,49.03N,9.80E
1850-10-01,23.478,1.234,Villavicencio,Colombia,4.02N,73.13W
2003-04-01,19.782,0.29,Waco,United States,31.35N,98.01W
1902-04-01,21.214,1.181,Eldoret,Kenya,0.80N,34.55E
1903-04-01,4.827,0.492,Hildesheim,Germany,52.24N,10.51E
1807-09-01,12.295,1.249,Nuremberg,Germany,49.03N,12.24E
1934-02-01,0.691,0.685,Ljubljana,Slovenia,45.81N,15.00E
1841-07-01,26.926,1.7,Algiers,Algeria,36.17N,3.98E
1877-05-01,27.655,1.044,Jamame,Somalia,0.80N,42.59E
1961-08-01,14.805,0.207,Derby,United Kingdom,53.84N,1.36W
1753-01-01,-1.538,8.232000000000001,Osnabrück,Germany,52.24N,7.88E
1797-09-01,,,Calgary,Canada,50.63N,112.82W
1830-06-01,,,Aswan,Egypt,23.31N,32.33E
1860-01-01,-21.745,5.009,Öskemen,Kazakhstan,50.63N,82.39E
1890-11-01,4.728,0.981,Sibiu,Romania,45.81N,24.23E
1886-05-01,30.578000000000003,0.6,Raurkela,India,21.70N,85.67E
1950-12-01,19.467,0.282,Pabna,Bangladesh,23.31N,90.00E
1891-07-01,26.478,0.27,Netanya,Israel,32.95N,35.43E
1864-12-01,-2.267,1.548,Zanjan,Iran,36.17N,47.73E
1963-12-01,-9.748,0.223,Odintsovo,Russia,55.45N,36.85E
1963-10-01,27.632,0.361,Tiruchchirappalli,India,10.45N,79.36E
1854-11-01,3.812,1.011,Nottingham,United Kingdom,53.84N,1.36W
1818-10-01,24.171,2.214,Vihari,Pakistan,29.74N,72.00E
1829-10-01,,,Cam Ranh,Vietnam,12.05N,108.49E
1887-07-01,25.804,1.331,Zuwarah,Libya,32.95N,12.45E
2009-07-01,14.356000000000002,0.4029999999999999,Oslo,Norway,60.27N,9.73E
1829-10-01,22.3,2.102,Jerusalem,Israel,31.35N,35.81E
2007-12-01,27.049,0.237,Mandaue,Philippines,10.45N,123.55E
1922-10-01,9.439,0.669,Limoges,France,45.81N,1.15E
1947-12-01,5.346,0.579,Amol,Iran,36.17N,51.71E
1971-03-01,22.101,0.377,Salto,Uruguay,31.35S,58.43W
1748-03-01,,,Winston Salem,United States,36.17N,79.56W
1914-03-01,19.733,0.8190000000000001,Ambala,India,29.74N,77.54E
1883-12-01,4.475,1.569,Wuning,China,29.74N,120.00E
1977-04-01,27.833,0.32,Rayong,Thailand,12.05N,101.92E
1891-03-01,24.995,0.585,Badlapur,India,18.48N,72.68E
1988-11-01,26.942,0.469,Alor Setar,Malaysia,5.63N,100.09E
1869-06-01,,,Bangui,Central African Republic,4.02N,18.48E
1932-09-01,12.769,0.245,Worcester,United Kingdom,52.24N,2.63W
1899-06-01,7.261,1.497,Tembisa,South Africa,26.52S,28.66E
1943-02-01,22.474,0.875,Parbhani,India,20.09N,76.78E
1969-02-01,-1.212,0.272,Grenoble,France,45.81N,5.77E
1810-10-01,10.745,4.935,Limoges,France,45.81N,1.15E
1976-05-01,21.813,0.491,Dakar,Senegal,15.27N,17.50W
1794-04-01,16.57,1.618,Tétouan,Morocco,36.17N,5.97W
1968-12-01,22.362,0.1119999999999999,Kadoma,Zimbabwe,18.48S,30.42E
1904-02-01,-7.957000000000002,1.361,Yingkou,China,40.99N,123.55E
1815-06-01,14.339000000000002,2.094,Sterlitamak,Russia,53.84N,55.91E
1927-09-01,18.718,0.352,Makhachkala,Russia,42.59N,48.00E
1851-11-01,14.759,1.5319999999999998,Asfi,Morocco,32.95N,8.62W
1812-03-01,,,Bulandshahr,India,28.13N,77.27E
1819-02-01,0.908,4.334,Wroclaw,Poland,50.63N,16.48E
1936-10-01,16.246,0.537,Türkmenabat,Turkmenistan,39.38N,64.51E
1903-03-01,19.708,0.557,Guwahati,India,26.52N,91.34E
2012-01-01,9.07,0.4529999999999999,Norfolk,United States,36.17N,75.58W
1946-04-01,30.899,0.475,Chhatarpur,India,24.92N,79.80E
1776-01-01,-6.787999999999999,7.08,Stockholm,Sweden,58.66N,18.46E
1842-04-01,29.485,1.531,Thanjavur,India,10.45N,79.36E
1856-06-01,17.552,2.073,Ibirité,Brazil,20.09S,44.36W
1937-11-01,2.459,0.417,Turin,Italy,45.81N,8.08E
1851-06-01,18.879,1.932,Chofu,Japan,36.17N,139.23E
1800-01-01,25.117,1.763,Kandy,Sri Lanka,7.23N,80.27E
1813-05-01,9.723,4.765,Berezniki,Russia,58.66N,55.38E
1790-03-01,4.831,2.734,Afyonkarahisar,Turkey,39.38N,31.21E
1994-07-01,23.152,0.271,Toledo,United States,40.99N,83.08W
1890-09-01,15.783,0.4679999999999999,Stara Zagora,Bulgaria,42.59N,26.18E
1876-05-01,22.701,1.461,Yingcheng,China,24.92N,113.50E
1940-03-01,2.655,0.201,Potsdam,Germany,52.24N,13.14E
1960-12-01,22.05,0.439,Yelahanka,India,13.66N,76.79E
1809-12-01,2.803,2.337,Antalya,Turkey,37.78N,30.51E
1927-01-01,-3.511,0.146,Paterson,United States,40.99N,74.56W
1856-06-01,16.142,1.713,Ramnicu Valcea,Romania,45.81N,24.23E
1912-02-01,-10.04,0.5529999999999999,Ussuriysk,Russia,44.20N,131.93E
1898-06-01,20.534,0.439,Norwalk,United States,34.56N,118.70W
1964-08-01,25.561,0.298,Girón,Colombia,7.23N,73.78W
1822-10-01,24.735,1.179,Wardha,India,20.09N,78.48E
1990-10-01,18.502,0.3829999999999999,Yingcheng,China,31.35N,113.09E
1919-04-01,6.126,0.341,Manchester,United States,42.59N,72.00W
1943-05-01,17.381,0.437,Andijon,Uzbekistan,40.99N,72.43E
1832-07-01,26.462000000000003,2.699,Dindigul,India,10.45N,77.73E
1921-04-01,28.203000000000003,0.769,Offa,Nigeria,8.84N,4.05E
2002-02-01,26.866,0.3389999999999999,Saint Denis,Reunion,21.70S,56.25E
1996-11-01,26.499,0.882,Modakeke,Nigeria,7.23N,4.05E
1811-10-01,14.888,5.396,Burgas,Bulgaria,42.59N,28.36E
1952-11-01,27.016,0.373,Gboko,Nigeria,7.23N,8.92E
1888-05-01,24.536,0.414,Purwakarta,Indonesia,7.23S,107.84E
1846-08-01,24.931,1.54,Hachioji,Japan,36.17N,139.23E
1833-09-01,14.674,1.279,León,Spain,42.59N,6.55W
1946-01-01,14.469,0.425,Sitapur,India,28.13N,80.91E
1857-10-01,23.135,0.934,Mbandaka,Congo (Democratic Republic Of The),0.80N,18.48E
1997-04-01,13.845,0.132,Daito,Japan,34.56N,136.22E
1835-08-01,12.467,1.844,Pelotas,Brazil,31.35S,52.77W
1796-08-01,,,Derbent,Russia,42.59N,48.00E
1908-08-01,20.024,0.22,Kherson,Ukraine,47.42N,31.97E
1914-01-01,23.863000000000003,0.636,La Romana,Dominican Republic,18.48N,69.30W
1892-11-01,7.542000000000001,0.698,Ravenna,Italy,44.20N,11.18E
1886-02-01,16.969,2.949,Manama,Bahrain,26.52N,50.15E
1885-08-01,28.08,0.4579999999999999,Bareli,India,28.13N,79.09E
1858-09-01,16.163,1.866,Tongliao,China,44.20N,122.98E
1957-05-01,18.896,0.3229999999999999,Dongtai,China,32.95N,119.68E
1938-05-01,32.32,0.585,Anantapur,India,15.27N,77.50E
1857-06-01,30.573,1.997,Avadi,India,13.66N,80.09E
1964-12-01,13.300999999999998,0.374,Irapuato,Mexico,20.09N,100.66W
1918-05-01,7.854999999999999,0.674,Ulaanbaatar,Mongolia,47.42N,107.76E
2009-10-01,12.542000000000002,0.162,Oklahoma City,United States,36.17N,97.46W
1906-03-01,20.284,1.02,Katumba,Tanzania,8.84S,33.24E
1977-01-01,0.6880000000000001,0.245,Potsdam,Germany,52.24N,13.14E
1995-07-01,27.235000000000007,0.19,Phnum Pénh,Cambodia,12.05N,105.21E
1953-06-01,17.365,0.253,Guelph,Canada,44.20N,80.50W
1986-01-01,20.279,0.4639999999999999,North Shore,New Zealand,36.17S,175.03E
1912-12-01,-12.005999999999998,1.152,Chengde,China,40.99N,117.16E
1916-12-01,18.343,0.4479999999999999,Pabna,Bangladesh,23.31N,90.00E
2001-08-01,27.56600000000001,0.29,Palmas,Brazil,10.45S,48.27W
1965-04-01,8.804,0.28,Roseville,United States,39.38N,120.69W
1914-05-01,33.58900000000001,0.544,Khurja,India,28.13N,77.27E
1983-04-01,16.042,0.296,Kallithéa,Greece,37.78N,24.41E
1920-02-01,-0.919,0.429,Matsumoto,Japan,36.17N,137.24E
1908-02-01,25.26,0.355,Kotte,Sri Lanka,7.23N,80.27E
1982-08-01,19.68,0.161,Sochi,Russia,44.20N,40.25E
1997-12-01,5.534,0.162,Slough,United Kingdom,52.24N,0.00W
1923-06-01,26.315,0.347,Cavite,Philippines,15.27N,120.83E
2012-12-01,16.509,0.997,Bettiah,India,26.52N,84.18E
1945-11-01,26.257,0.375,João Pessoa,Brazil,7.23S,34.86W
1929-04-01,16.521,0.351,Huntsville,United States,34.56N,85.62W
1937-05-01,17.836,0.204,Fujinomiya,Japan,34.56N,138.16E
1851-04-01,-6.931,2.96,Ulan Ude,Russia,52.24N,107.74E
1821-10-01,19.145,1.4240000000000002,Alanya,Turkey,36.17N,31.82E
1886-01-01,-2.422,0.696,Zielona Gora,Poland,52.24N,15.77E
1966-01-01,5.756,0.608,Kermanshah,Iran,34.56N,46.70E
1921-06-01,27.544,0.643,Montería,Colombia,8.84N,75.41W
1945-02-01,10.309,0.135,Lancaster,United States,34.56N,118.70W
1977-07-01,16.897000000000002,0.283,Rybnik,Poland,50.63N,19.01E
1888-12-01,20.876,0.8109999999999999,Newcastle,Australia,32.95S,152.23E
1831-02-01,,,Linshui,China,36.17N,113.37E
1907-10-01,24.829,0.4,Monywa,Burma,21.70N,94.33E
1754-10-01,10.873,2.468,Windsor,United States,42.59N,82.91W
1977-11-01,1.212,0.12,Odintsovo,Russia,55.45N,36.85E
1992-03-01,20.063,0.5670000000000001,Kigali,Rwanda,2.41S,29.73E
1800-12-01,,,Kurgan,Russia,55.45N,65.20E
1956-03-01,4.172,0.532,Qazvin,Iran,36.17N,49.72E
1936-04-01,17.314,0.355,Garland,United States,32.95N,96.70W
1891-08-01,27.587,0.377,Pembroke Pines,United States,26.52N,80.60W
1920-02-01,12.523,0.8590000000000001,Humen,China,23.31N,114.47E
1805-12-01,2.228,1.855,León,Spain,42.59N,6.55W
1960-02-01,26.377,0.366,Cotabato,Philippines,7.23N,124.05E
1950-02-01,4.663,0.3229999999999999,Emmen,Netherlands,52.24N,7.88E
1788-05-01,14.222,2.5810000000000004,Alcobendas,Spain,40.99N,4.26W
2004-08-01,28.992,0.831,Vijayawada,India,16.87N,80.37E
1915-04-01,18.666,0.472,Gainesville,United States,29.74N,83.08W
2007-04-01,30.666,0.35,Avadi,India,13.66N,80.09E
1984-11-01,21.043000000000003,0.262,Sawai Madhopur,India,26.52N,77.01E
1922-09-01,24.673,0.409,Iráklion,Greece,34.56N,25.30E
1956-02-01,20.403,0.203,Hialeah,United States,26.52N,80.60W
1914-02-01,12.669,0.77,Sabratah,Libya,32.95N,12.45E
1888-09-01,16.252,1.809,San Juan,Argentina,31.35S,67.85W
1951-04-01,13.037,0.216,San Rafael,Argentina,34.56S,68.11W
1868-04-01,,,Ahmadpur East,Pakistan,29.74N,72.00E
1860-09-01,10.265999999999998,1.1840000000000002,Tauranga,New Zealand,37.78S,176.95E
1828-10-01,,,Kulim,Malaysia,5.63N,100.09E
1955-12-01,27.221,0.2319999999999999,Abomey Calavi,Benin,7.23N,2.43E
1854-01-01,23.536,1.6880000000000002,Governador Valadares,Brazil,18.48S,42.25W
1836-09-01,26.373,3.268,Gainesville,United States,29.74N,83.08W
1940-08-01,27.699,0.205,Puri,India,20.09N,85.31E
1801-01-01,-0.999,2.844,Krasnodar,Russia,45.81N,38.08E
1871-01-01,11.689,1.277,Irbid,Jordan,32.95N,35.43E
1951-07-01,22.998,0.2239999999999999,Kodaira,Japan,36.17N,139.23E
1889-09-01,15.803,0.494,Cedar Rapids,United States,42.59N,91.64W
1968-11-01,-5.181,0.366,Anda,China,45.81N,125.77E
1816-10-01,18.349,5.073,Tallahassee,United States,29.74N,84.92W
1767-08-01,15.529000000000002,2.141,Novara,Italy,45.81N,8.08E
1962-05-01,27.296000000000006,0.395,Bhadravati,India,13.66N,75.14E
1971-02-01,25.645,0.3289999999999999,Binjai,Indonesia,4.02N,98.84E
1835-02-01,21.397,2.27,Madhyamgram,India,23.31N,88.25E
1965-10-01,20.698,0.382,Itu,Brazil,23.31S,48.06W
1895-02-01,-6.397,0.54,Poznan,Poland,52.24N,15.77E
1897-12-01,4.533,0.427,Yonago,Japan,36.17N,133.26E
1875-04-01,26.114,1.138,Klang,Malaysia,2.41N,102.05E
1905-01-01,25.252,0.6779999999999999,Grogol,Indonesia,7.23S,111.08E
1942-01-01,2.593,0.351,León,Spain,42.59N,6.55W
1976-09-01,20.268,0.289,Kansas City,United States,39.38N,93.64W
1788-07-01,16.672,4.515,Brest,France,49.03N,4.90W
1864-03-01,23.347,1.5719999999999998,La Vega,Dominican Republic,18.48N,70.99W
1820-07-01,22.577,3.196,Badalona,Spain,40.99N,2.13E
1997-08-01,21.943,0.347,Marília,Brazil,21.70S,49.33W
1965-09-01,26.382,0.326,Humen,China,23.31N,114.47E
1836-04-01,,,Loa Janan,Indonesia,0.80S,116.52E
1906-12-01,26.072,1.631,Asunción,Paraguay,24.92S,58.52W
1924-01-01,24.482,0.3879999999999999,Tagum,Philippines,7.23N,125.68E
1909-10-01,11.095999999999998,0.439,Lincoln,United States,40.99N,95.86W
1994-09-01,29.139,0.26,Habra,India,23.31N,88.25E
1856-03-01,22.243,2.128,Bahadurgarh,India,28.13N,77.27E
1988-09-01,29.117,0.286,San Luis Río Colorado,Mexico,32.95N,113.94W
1770-07-01,23.925,6.193,Baltimore,United States,39.38N,76.99W
1862-06-01,20.328,1.2,Marand,Iran,39.38N,45.78E
1933-09-01,21.536,0.342,Kenitra,Morocco,34.56N,5.84W
1832-02-01,1.616,2.668,Baltimore,United States,39.38N,76.99W
1846-09-01,25.883000000000003,1.405,Cainta,Philippines,15.27N,120.83E
1850-10-01,25.284,0.958,Castanhal,Brazil,0.80S,47.41W
1939-01-01,16.619999999999994,0.305,Nakuru,Kenya,0.80S,36.16E
1927-06-01,29.945,0.385,Kapra,India,16.87N,78.70E
1908-10-01,27.728,0.476,Trincomalee,Sri Lanka,8.84N,81.89E
1831-10-01,16.679000000000002,1.632,Lisbon,Portugal,39.38N,8.32W
1958-03-01,25.264,0.313,Cicalengka,Indonesia,7.23S,107.84E
1755-05-01,15.579,2.689,Lipetsk,Russia,52.24N,39.42E
1933-07-01,24.037,0.25,Qiqihar,China,47.42N,124.34E
1908-05-01,12.87,0.375,Cambridge,United Kingdom,52.24N,0.00W
1850-05-01,20.865,2.026,Macheng,China,31.35N,114.97E
1904-02-01,23.868,0.623,Luanda,Angola,8.84S,13.78E
1996-10-01,23.069000000000003,0.226,Hong Gai,Vietnam,21.70N,106.44E
1943-06-01,25.525,0.371,Singaraja,Indonesia,8.84S,114.32E
1913-03-01,4.252,0.247,Copenhagen,Denmark,55.45N,11.34E
1771-08-01,20.5,2.439,Lowell,United States,42.59N,72.00W
1990-11-01,-7.7189999999999985,0.522,Angarsk,Russia,52.24N,105.11E
1854-04-01,12.747,0.7979999999999999,Overland Park,United States,39.38N,93.64W
1915-11-01,-5.131,0.2319999999999999,Zhaodong,China,45.81N,125.77E
1799-02-01,15.712,2.464,Nangloi Jat,India,28.13N,77.27E
1991-12-01,-1.818,0.243,Tallinn,Estonia,58.66N,24.62E
1947-12-01,26.455,0.3939999999999999,Oshogbo,Nigeria,7.23N,4.05E
1824-10-01,22.963,1.72,Lakhimpur,India,28.13N,80.91E
1910-06-01,18.513,0.353,Londrina,Brazil,23.31S,51.55W
2007-05-01,31.56,0.36,Yamunanagar,India,29.74N,77.54E
1834-12-01,14.913,1.804,Burewala,Pakistan,29.74N,72.00E
1816-12-01,5.408,2.1630000000000003,Reading,United Kingdom,50.63N,1.27W
1992-06-01,16.910999999999998,0.188,Fort Collins,United States,40.99N,104.38W
1943-09-01,27.746,0.216,Kulti,India,23.31N,86.50E
1922-12-01,2.202,0.284,Sakata,Japan,39.38N,139.42E
1826-07-01,29.626,1.449,Ballia,India,26.52N,84.18E
1863-07-01,17.32,0.865,Gijón,Spain,44.20N,6.71W
1831-11-01,4.965,4.479,Konya,Turkey,37.78N,32.54E
1885-01-01,-15.226,0.889,Arkhangelsk,Russia,65.09N,40.21E
1886-01-01,10.007,1.211,Ayacucho,Peru,13.66S,73.49W
1922-03-01,4.134,0.3289999999999999,Cleveland,United States,40.99N,80.95W
1896-06-01,29.052,0.367,Puruliya,India,23.31N,86.50E
1974-03-01,12.593,0.313,Nashville,United States,36.17N,87.51W
1986-05-01,25.465,0.431,Hargeysa,Somalia,8.84N,44.59E
1869-03-01,-0.8239999999999998,1.18,Naperville,United States,40.99N,87.34W
1862-03-01,,,Hapur,India,28.13N,77.27E
1988-12-01,-11.518999999999998,0.214,Omsk,Russia,55.45N,73.70E
1972-11-01,21.542,0.54,Dhaulpur,India,26.52N,77.01E
1871-06-01,27.686,1.531,Campeche,Mexico,20.09N,90.43W
1826-03-01,,,Rangkasbitung,Indonesia,5.63S,106.55E
1832-10-01,9.4,2.33,Aurora,United States,39.38N,104.05W
1931-08-01,26.47,0.39,Pamanukan,Indonesia,5.63S,108.16E
1941-08-01,28.254,0.266,Ganzhou,China,26.52N,114.63E
1921-09-01,24.202,0.481,Spring Valley,United States,36.17N,115.36W
2013-07-01,19.068,0.599,Xai Xai,Mozambique,24.92S,33.69E
1871-09-01,12.306,0.4479999999999999,Bolton,United Kingdom,53.84N,1.36W
1979-10-01,27.934,0.262,Tenali,India,16.87N,80.37E
1888-02-01,-1.003,1.269,Breda,Netherlands,52.24N,5.26E
1899-12-01,-3.887,0.687,Tashkent,Uzbekistan,40.99N,70.30E
1860-11-01,9.162,1.696,Suzuka,Japan,34.56N,136.22E
1892-09-01,11.025,0.722,Heihe,Russia,50.63N,128.03E
1903-06-01,24.125,0.352,Savannah,United States,31.35N,81.05W
1855-08-01,6.795,1.514,Valdivia,Chile,39.38S,72.83W
1829-07-01,13.049,2.155,Anchorage,United States,61.88N,151.13W
1963-10-01,15.291,0.203,Guiyang,China,26.52N,107.46E
1949-02-01,16.421,0.186,New Orleans,United States,29.74N,90.46W
1830-05-01,,,Metro,Indonesia,5.63S,104.93E
1981-10-01,14.569,0.381,Salinas,United States,36.17N,121.33W
1759-07-01,20.416,5.265,Pforzheim,Germany,49.03N,9.80E
1939-01-01,-1.0399999999999996,0.415,Lublin,Poland,50.63N,21.55E
1967-09-01,24.779,0.314,Ahmadnagar,India,18.48N,74.37E
1924-07-01,24.359,0.342,Neiva,Colombia,2.41N,74.73W
1932-10-01,10.688,0.551,Nanpiao,China,40.99N,121.42E
1847-05-01,,,Caxias Do Sul,Brazil,29.74S,51.69W
1880-01-01,19.743,1.324,Bhusawal,India,21.70N,75.29E
1980-05-01,12.56,0.5,Izhevsk,Russia,57.05N,54.59E
1986-10-01,25.554,0.32,Sirajganj,Bangladesh,24.92N,90.44E
1905-02-01,11.848,0.521,Sonipat,India,28.13N,77.27E
1985-09-01,24.238000000000003,0.414,Buon Me Thuot,Vietnam,12.05N,108.49E
1972-08-01,21.333,0.364,Nazret,Ethiopia,8.84N,39.73E
1835-06-01,16.698999999999998,2.12,Jiaohe,China,44.20N,127.45E
1827-11-01,22.719,1.455,Sambalpur,India,21.70N,83.94E
2001-02-01,-3.043,0.238,Hakodate,Japan,40.99N,140.59E
1939-01-01,-15.98,1.359,Perm,Russia,58.66N,55.38E
1861-08-01,14.749,0.449,Nalchik,Russia,42.59N,43.64E
1862-08-01,24.247,1.109,Messina,Italy,37.78N,16.27E
1901-10-01,26.335,0.608,Singkawang,Indonesia,0.80N,108.48E
1936-05-01,26.761,0.4039999999999999,Uromi,Nigeria,7.23N,5.68E
1921-05-01,28.208,0.679,Najran,Saudi Arabia,16.87N,43.53E
1810-10-01,8.874,3.795,South Bend,United States,40.99N,85.21W
2010-06-01,34.678999999999995,0.419,Dera Ismail Khan,Pakistan,31.35N,71.62E
1832-01-01,-5.629,2.313,Marand,Iran,39.38N,45.78E
1889-05-01,23.348000000000003,0.885,Birjand,Iran,32.95N,58.40E
1858-03-01,10.119,1.217,Shashi,China,29.74N,112.62E
1972-06-01,14.114,0.27,Maastricht,Netherlands,50.63N,6.34E
1958-09-01,29.148000000000003,0.256,Jamalpur,India,24.92N,86.90E
1906-08-01,25.898000000000003,0.244,Memphis,United States,34.56N,89.51W
2008-07-01,20.228,0.215,Jequié,Brazil,13.66S,40.46W
1934-06-01,21.695,0.225,Sakai,Japan,34.56N,136.22E
1856-08-01,21.497,1.55,Qianguo,China,45.81N,125.77E
1912-01-01,12.768,0.872,Hoshiarpur,India,31.35N,75.39E
1991-11-01,26.688,0.155,Marawi,Philippines,7.23N,124.05E
1859-03-01,5.379,1.675,Machida,Japan,36.17N,139.23E
1814-07-01,19.432,2.853,Madrid,Spain,40.99N,4.26W
1849-01-01,11.823,1.893,Tripoli,Libya,32.95N,12.45E
1997-03-01,28.919,0.6970000000000001,Kismayo,Somalia,0.80S,42.59E
1955-01-01,-24.959,0.31,Khabarovsk,Russia,49.03N,134.69E
1883-11-01,9.214,0.4029999999999999,Nagaoka,Japan,37.78N,138.31E
1934-12-01,3.029,0.418,Linz,Austria,49.03N,14.69E
1798-10-01,10.872,2.659,Bucharest,Romania,44.20N,26.83E
1982-06-01,25.653,0.612,Ji Paraná,Brazil,10.45S,61.36W
1910-01-01,13.534,0.523,Huizhou,China,23.31N,114.47E
1833-04-01,,,Padang,Indonesia,0.80S,100.45E
2000-03-01,29.512,0.389,Minna,Nigeria,8.84N,7.30E
1986-11-01,19.948,0.481,Firozpur,India,31.35N,75.39E
1972-09-01,24.777,0.213,Darjiling,India,26.52N,87.76E
1958-02-01,15.125,0.408,Lahore,Pakistan,31.35N,73.51E
1982-10-01,25.949,0.252,Sapele,Nigeria,5.63N,6.46E
1913-08-01,27.785,0.319,Shaoguan,China,24.92N,113.50E
1850-05-01,22.091,1.6880000000000002,Liuzhou,China,24.92N,109.95E
1768-01-01,-4.176,13.592,Trento,Italy,45.81N,10.38E
2005-12-01,-3.326,0.305,Minsk,Belarus,53.84N,28.64E
1903-11-01,2.003,0.434,Akron,United States,40.99N,80.95W
1989-12-01,19.313,0.302,Faridpur,Bangladesh,23.31N,90.00E
1801-11-01,3.3510000000000004,1.612,Bern,Switzerland,47.42N,8.29E
1946-03-01,5.848,0.606,Baneh,Iran,36.17N,45.75E
1808-10-01,,,Satkhira,Bangladesh,23.31N,88.25E
1871-03-01,23.681,1.27,Kisaran,Indonesia,2.41N,98.84E
1874-11-01,3.722,0.768,Novocherkassk,Russia,47.42N,39.08E
1918-08-01,25.744,0.4029999999999999,Parung,Indonesia,5.63S,106.55E
2010-09-01,27.845,0.998,Salalah,Oman,16.87N,53.58E
1887-03-01,-7.539,2.57,Krasnoyarsk,Russia,55.45N,93.54E
1830-10-01,13.213,3.67,Lincoln,United States,40.99N,95.86W
1859-12-01,0.0459999999999998,1.592,Nijmegen,Netherlands,52.24N,5.26E
1982-06-01,27.182,0.317,Tambun,Indonesia,5.63S,106.55E
1845-05-01,22.040000000000006,1.818,Yazd,Iran,31.35N,54.66E
1851-08-01,24.024,1.557,Kamagaya,Japan,36.17N,139.23E
1818-08-01,24.999,2.144,Panvel,India,18.48N,72.68E
1923-01-01,17.072,0.575,Jamalpur,India,24.92N,86.90E
1903-09-01,16.488,1.666,Addis Abeba,Ethiopia,8.84N,38.11E
1824-07-01,11.345999999999998,4.376,Reykjavík,Iceland,65.09N,21.06W
1932-11-01,-2.878,0.358,Ottawa,Canada,45.81N,75.00W
1865-02-01,13.238,1.863,Naucalpan,Mexico,20.09N,98.96W
1817-09-01,13.062,3.152,Birmingham,United Kingdom,52.24N,2.63W
1965-05-01,23.828000000000007,0.325,Loum,Cameroon,5.63N,9.69E
1874-05-01,15.262999999999998,1.435,Matsudo,Japan,36.17N,139.23E
1770-06-01,15.621,2.585,Elektrostal,Russia,55.45N,39.69E
1901-01-01,3.153,0.746,Alcorcón,Spain,40.99N,4.26W
1985-01-01,18.506,0.239,Iguala,Mexico,18.48N,99.72W
1796-03-01,11.927,2.523,Tartus,Syria,34.56N,35.03E
1916-07-01,30.154,0.5660000000000001,Qui Nhon,Vietnam,13.66N,109.82E
1937-05-01,28.894,0.267,Gangawati,India,15.27N,75.83E
1812-02-01,,,Rangpur,Bangladesh,26.52N,89.55E
1967-02-01,20.541,0.284,Tonk,India,26.52N,75.22E
1920-03-01,29.664,0.595,Sokodé,Togo,8.84N,0.81E
1847-06-01,24.487,1.913,Norman,United States,34.56N,97.30W
1978-04-01,13.015999999999998,0.241,Lárisa,Greece,39.38N,22.89E
1773-08-01,25.923,2.136,Badajoz,Spain,39.38N,6.24W
1941-10-01,22.697,0.84,Colatina,Brazil,20.09S,40.95W
1841-03-01,23.834000000000003,3.129,Sagar,India,23.31N,79.51E
1865-09-01,12.363,0.91,Aqtöbe,Kazakhstan,50.63N,57.04E
1979-04-01,21.221,0.303,Hsichih,Taiwan,24.92N,122.36E
1986-08-01,20.865,0.444,Angra Dos Reis,Brazil,23.31S,44.56W
1973-09-01,14.778,0.3879999999999999,Ploiesti,Romania,45.81N,26.54E
1919-05-01,11.97,0.64,Villeurbanne,France,45.81N,5.77E
1839-10-01,24.986,1.843,Bid,India,18.48N,76.06E
1972-08-01,22.957,0.2689999999999999,Washington,United States,39.38N,76.99W
1792-04-01,9.758,2.364,Prizren,Serbia,42.59N,21.82E
1951-06-01,27.025,0.505,Parung,Indonesia,5.63S,106.55E
1861-04-01,19.336,1.1909999999999998,Barra Mansa,Brazil,21.70S,44.13W
1877-07-01,28.385,1.168,Nukus,Uzbekistan,42.59N,58.91E
1839-06-01,17.343,1.582,Yushu,China,44.20N,127.45E
1848-06-01,,,Marília,Brazil,21.70S,49.33W
1991-05-01,15.8,0.276,Dalian,China,39.38N,120.69E
2003-06-01,21.995,0.315,Takatsuki,Japan,34.56N,136.22E
1957-07-01,26.66,0.769,Kermanshah,Iran,34.56N,46.70E
1957-07-01,18.23,1.402,Santa Luzia,Brazil,20.09S,44.36W
1945-12-01,-1.0570000000000002,0.7120000000000001,Skopje,Macedonia,42.59N,21.82E
1949-07-01,22.128,0.173,Perpignan,France,42.59N,2.18E
1867-01-01,,,Mbouda,Cameroon,5.63N,9.69E
1853-07-01,23.871,0.883,Kisaran,Indonesia,2.41N,98.84E
1852-05-01,17.951,1.183,Bragança Paulista,Brazil,23.31S,46.31W
2005-12-01,25.2,0.371,Kotte,Sri Lanka,7.23N,80.27E
1868-07-01,30.218000000000004,1.352,Maicao,Colombia,12.05N,72.33W
1929-09-01,29.315,0.6409999999999999,Khanna,India,31.35N,75.39E
1984-07-01,26.558000000000003,0.324,Melaka,Malaysia,2.41N,102.05E
1976-06-01,22.677,0.45,Iguala,Mexico,18.48N,99.72W
1980-05-01,16.996,0.235,Chengde,China,40.99N,117.16E
1902-11-01,4.147,0.313,Karaman,Turkey,37.78N,32.54E
1899-09-01,25.882,0.406,Rengasdengklok,Indonesia,5.63S,106.55E
1802-04-01,7.188,1.452,Minsk,Belarus,53.84N,28.64E
1807-07-01,29.521,1.95,Shantipur,India,23.31N,88.25E
1999-12-01,4.234999999999999,0.2269999999999999,Norwich,United Kingdom,52.24N,0.00W
1855-09-01,14.958,0.496,Caen,France,49.03N,0.00W
1821-07-01,29.277,1.854,Trincomalee,Sri Lanka,8.84N,81.89E
2005-12-01,24.832,0.241,Bangkok,Thailand,13.66N,99.91E
1892-08-01,19.525,0.6940000000000001,Long Beach,United States,32.95N,117.77W
1942-06-01,20.999,0.836,Pulandian,China,39.38N,122.77E
1916-08-01,27.475,0.58,Calamba,Philippines,13.66N,121.38E
1872-10-01,26.568,1.094,Chinandega,Nicaragua,12.05N,87.12W
1940-12-01,-12.550999999999998,0.924,Jiayuguan,China,39.38N,97.80E
1947-11-01,-14.284,0.3879999999999999,Nizhnevartovsk,Russia,60.27N,77.84E
1878-08-01,23.341,1.399,Thousand Oaks,United States,34.56N,118.70W
1865-11-01,13.19,1.093,Médéa,Algeria,36.17N,1.99E
1964-02-01,27.117,0.319,Ho Chi Minh City,Vietnam,10.45N,107.18E
1961-09-01,25.33,0.145,Kobe,Japan,34.56N,134.27E
1983-12-01,1.3829999999999991,0.314,Garland,United States,32.95N,96.70W
1868-03-01,26.253,0.953,Sidoarjo,Indonesia,7.23S,112.70E
1870-09-01,20.343,1.259,Asunción,Paraguay,24.92S,58.52W
1924-11-01,20.72300000000001,0.491,Gonda,India,26.52N,82.39E
1941-01-01,-6.171,1.259,Ploiesti,Romania,45.81N,26.54E
1971-07-01,25.702,0.4,Korla,China,40.99N,85.21E
1861-10-01,13.778,2.241,Hamilton,New Zealand,37.78S,174.92E
1936-11-01,18.622,0.276,Ganganagar,India,29.74N,73.85E
1899-02-01,16.407,0.647,Curico,Chile,34.56S,72.00W
2007-02-01,16.111,0.1889999999999999,Lahore,Pakistan,31.35N,73.51E
1837-02-01,16.578,1.917,Bahraich,India,28.13N,80.91E
1760-10-01,7.734,4.644,Dublin,Ireland,53.84N,6.82W
1886-03-01,25.648000000000003,0.598,Itarsi,India,23.31N,77.77E
1991-08-01,30.251,0.326,Batala,India,31.35N,75.39E
1868-09-01,27.012,0.73,Phitsanulok,Thailand,16.87N,100.47E
1857-03-01,,,Cikarang,Indonesia,5.63S,106.55E
1937-06-01,29.777,0.303,Baleshwar,India,21.70N,87.40E
1896-09-01,26.269,0.484,Colombo,Sri Lanka,7.23N,80.27E
1921-02-01,13.058,0.451,San Diego,United States,32.95N,117.77W
1986-03-01,4.823,0.215,Gloucester,United Kingdom,52.24N,2.63W
1782-07-01,25.372,3.659,Cartagena,Spain,37.78N,0.00W
1957-02-01,26.554,0.441,Cilegon,Indonesia,5.63S,106.55E
1851-01-01,4.38,0.447,Huddersfield,United Kingdom,53.84N,1.36W
1867-07-01,20.097,1.899,Irvine,United States,32.95N,117.77W
1912-07-01,28.08,0.175,Agartala,India,23.31N,91.75E
1772-05-01,8.515,2.386,Kirov,Russia,58.66N,49.23E
1990-09-01,29.299,0.276,Ulubaria,India,23.31N,88.25E
1883-10-01,18.076,0.578,Salto,Uruguay,31.35S,58.43W
1987-10-01,26.962,0.3279999999999999,Nsukka,Nigeria,7.23N,7.30E
1811-02-01,,,Latur,India,18.48N,76.06E
2007-02-01,-8.275,0.302,South Bend,United States,40.99N,85.21W
1800-12-01,1.305,3.1860000000000004,Aalborg,Denmark,57.05N,10.33E
1990-09-01,27.054,0.186,Ambarnath,India,18.48N,72.68E
1959-12-01,26.972,0.3879999999999999,Malambo,Colombia,10.45N,74.45W
1819-08-01,25.487,2.136,Gulbarga,India,16.87N,77.02E
1887-08-01,25.634,1.274,Jiaozhou,China,36.17N,119.34E
1758-07-01,15.277,10.007,Haarlemmermeer,Netherlands,52.24N,5.26E
1920-11-01,4.917,1.039,Paris,France,49.03N,2.45E
1884-01-01,23.658,3.193,Campos,Brazil,21.70S,40.67W
1897-09-01,20.645,0.918,Metepec,Mexico,18.48N,99.72W
1929-03-01,26.108,0.367,Jamalpur,India,24.92N,86.90E
1985-06-01,27.352,0.8009999999999999,Freetown,Sierra Leone,8.84N,13.78W
1887-01-01,22.25500000000001,1.244,La Plata,Argentina,34.56S,58.38W
1933-03-01,19.11,0.8340000000000001,Alberton,South Africa,26.52S,28.66E
1914-08-01,16.857,0.474,Kosice,Slovakia,49.03N,22.04E
1943-01-01,1.942,0.6759999999999999,Macheng,China,31.35N,114.97E
1856-05-01,12.356000000000002,1.693,Akita,Japan,39.38N,139.42E
1932-12-01,-0.629,0.589,Buzau,Romania,45.81N,26.54E
2003-08-01,24.476,0.313,Blitar,Indonesia,8.84S,112.70E
1922-03-01,9.213,0.627,Chaohu,China,31.35N,118.74E
1914-10-01,13.224,0.505,Esfahan,Iran,32.95N,50.74E
1829-05-01,,,Teluknaga,Indonesia,5.63S,106.55E
1967-01-01,6.114999999999998,0.16,Suining,China,29.74N,105.23E
1953-04-01,12.279000000000002,0.561,Osmaniye,Turkey,37.78N,36.61E
1888-03-01,7.449999999999998,1.5119999999999998,Baneh,Iran,36.17N,45.75E
1979-08-01,27.323,0.297,Luzhou,China,29.74N,105.23E
1794-11-01,5.888999999999999,2.884,Worcester,United Kingdom,52.24N,2.63W
1993-11-01,14.135,0.276,Valparaiso,Chile,32.95S,71.81W
1927-01-01,22.44,0.87,Taubaté,Brazil,23.31S,46.31W
1972-08-01,22.511,0.5870000000000001,Brasília,Brazil,15.27S,47.50W
1911-04-01,7.673999999999999,0.728,Dingzhou,China,39.38N,114.45E
1894-02-01,23.517,1.009,Anápolis,Brazil,16.87S,48.56W
1927-09-01,24.746,0.583,Yamoussoukro,Côte D'Ivoire,7.23N,5.68W
1975-04-01,24.474,0.435,Guanare,Venezuela,8.84N,70.54W
2013-08-01,28.513,0.634,Saharanpur,India,29.74N,77.54E
1749-03-01,,,Salzburg,Austria,47.42N,13.03E
1873-02-01,-2.063,1.3030000000000002,Zabrze,Poland,50.63N,19.01E
2008-07-01,12.630999999999998,0.586,Petropavlovsk Kamchatskiy,Russia,53.84N,159.55E
1852-09-01,30.042,1.281,Warqla,Algeria,31.35N,5.65E
1787-02-01,-2.79,3.656,Elizabeth,United States,40.99N,74.56W
1987-09-01,31.064,0.522,Nangloi Jat,India,28.13N,77.27E
2003-08-01,27.353,0.287,Springfield,United States,37.78N,93.56W
1976-11-01,13.890999999999998,0.5479999999999999,Wah,Pakistan,34.56N,72.00E
1885-03-01,1.767,0.5479999999999999,Warsaw,Poland,52.24N,21.02E
1857-11-01,17.813,1.853,Gojra,Pakistan,31.35N,73.51E
1966-01-01,4.545,0.356,Dallas,United States,32.95N,96.70W
1864-05-01,,,Etawah,India,26.52N,78.81E
1946-03-01,21.683000000000003,0.956,Burewala,Pakistan,29.74N,72.00E
1984-01-01,26.16,0.4479999999999999,Pontianak,Indonesia,0.80S,110.09E
1938-06-01,28.365,0.41,Puri,India,20.09N,85.31E
1779-09-01,15.718,2.488,Watford,United Kingdom,52.24N,0.00W
1991-04-01,14.268,0.155,Jining,China,34.56N,116.76E
1888-01-01,13.958,1.286,Bettiah,India,26.52N,84.18E
1933-02-01,25.972,0.254,Tanjung Morawa,Indonesia,4.02N,98.84E
1969-04-01,6.672999999999999,0.268,Manchester,United Kingdom,53.84N,1.36W
2005-03-01,29.14,0.314,Avadi,India,13.66N,80.09E
1883-07-01,29.415,0.674,Gangapur,India,26.52N,77.01E
1959-10-01,26.832,0.417,La Romana,Dominican Republic,18.48N,69.30W
1770-07-01,20.025,6.056,Queluz,Portugal,39.38N,8.32W
1882-10-01,15.98,0.502,Granada,Spain,37.78N,4.07W
1955-02-01,25.997,0.436,Udgir,India,18.48N,77.75E
1919-10-01,24.348000000000003,0.41,Villavicencio,Colombia,4.02N,73.13W
1850-01-01,11.798,1.628,Saharanpur,India,29.74N,77.54E
1960-06-01,25.647,0.243,Birmingham,United States,32.95N,87.13W
2007-10-01,17.567999999999998,0.1889999999999999,Zhenjiang,China,32.95N,119.68E
1881-08-01,27.612,0.481,Palma Soriano,Cuba,20.09N,76.78W
1885-07-01,22.365,0.67,Iida,Japan,36.17N,137.24E
1806-10-01,22.866,1.814,Tampa,United States,28.13N,82.73W
1871-08-01,30.224,0.503,Corpus Christi,United States,28.13N,97.27W
1800-10-01,16.423000000000002,3.0780000000000003,Pescara,Italy,42.59N,15.27E
1940-08-01,28.481,1.518,Ibb,Yemen,13.66N,43.76E
1895-01-01,18.472,0.627,Shantipur,India,23.31N,88.25E
1990-12-01,4.504,0.291,Taizhou,China,32.95N,119.68E
1871-06-01,26.06,0.61,Carúpano,Venezuela,10.45N,63.00W
1777-03-01,0.478,2.67,Novocherkassk,Russia,47.42N,39.08E
1977-01-01,10.663,0.357,Islamabad,Pakistan,32.95N,73.72E
1954-03-01,-1.705,0.4379999999999999,Xining,China,36.17N,101.44E
1920-10-01,11.389,0.485,Split,Croatia,44.20N,15.65E
1922-07-01,26.53,0.358,Mérida,Mexico,21.70N,89.13W
1818-08-01,26.211,1.666,Patan,India,23.31N,72.52E
1834-08-01,18.965,1.614,Cologne,Germany,50.63N,6.34E
1796-05-01,12.861,2.063,Arzamas,Russia,55.45N,42.52E
1924-12-01,-4.311999999999999,1.054,Tbilisi,Georgia,40.99N,44.73E
1939-04-01,5.649,0.679,Juliaca,Peru,15.27S,70.83W
2007-11-01,21.403,0.236,El Mahalla El Kubra,Egypt,31.35N,32.04E
2013-02-01,29.679,1.298,Inisa,Nigeria,7.23N,4.05E
1924-07-01,20.489,0.653,Pokhara,Nepal,28.13N,84.55E
1855-04-01,7.09,1.62,Cambridge,United Kingdom,52.24N,0.00W
1943-10-01,25.81600000000001,1.015,Manado,Indonesia,0.80N,124.55E
1910-05-01,16.887,0.253,Mostar,Bosnia And Herzegovina,42.59N,17.45E
1997-03-01,3.682,0.259,Victoria,Canada,49.03N,122.45W
1959-05-01,9.126,0.262,Augsburg,Germany,47.42N,10.66E
1931-03-01,23.12,1.172,Budaun,India,28.13N,79.09E
1998-03-01,25.213,0.321,Panihati,India,23.31N,88.25E
1871-02-01,21.894,2.768,Calcutta,India,23.31N,88.25E
1962-02-01,15.539,0.1969999999999999,Guangzhou,China,23.31N,112.72E
1878-10-01,26.69,0.975,Mataram,Indonesia,8.84S,115.95E
1842-01-01,,,Cianjur,Indonesia,7.23S,107.84E
1871-09-01,23.556,1.551,Lengshuijiang,China,28.13N,111.82E
2011-03-01,4.8,0.348,Çorum,Turkey,40.99N,34.08E
1845-11-01,8.307,1.3159999999999998,Zhumadian,China,32.95N,113.94E
1889-05-01,26.035,1.472,Floridablanca,Colombia,7.23N,73.78W
1986-01-01,23.843000000000004,0.706,Man,Côte D'Ivoire,7.23N,7.30W
1935-09-01,26.708,0.179,Klang,Malaysia,2.41N,102.05E
1973-10-01,9.939,0.449,Novi Sad,Serbia,45.81N,19.62E
1936-07-01,26.047,0.493,Sibu,Malaysia,2.41N,111.70E
1924-11-01,25.311,0.5579999999999999,Recife,Brazil,8.84S,34.86W
1868-04-01,19.45,1.429,Atibaia,Brazil,23.31S,46.31W
1865-11-01,3.925,0.912,Pittsburgh,United States,40.99N,80.95W
1876-12-01,17.623,1.341,Bisho,South Africa,32.95S,27.77E
1753-02-01,1.681,3.92,Clermont Ferrand,France,45.81N,3.46E
1857-04-01,13.047,1.054,Pescara,Italy,42.59N,15.27E
2011-09-01,25.855,0.887,Natal,Brazil,5.63S,35.52W
1914-08-01,28.008000000000006,0.647,Jerusalem,Israel,31.35N,35.81E
1992-02-01,27.43,0.482,Bouaké,Côte D'Ivoire,7.23N,5.68W
1907-05-01,32.206,0.944,Bama,Nigeria,12.05N,13.15E
1879-12-01,23.333,1.332,Luanda,Angola,8.84S,13.78E
2013-08-01,24.974,0.4589999999999999,Kabul,Afghanistan,34.56N,70.05E
1833-02-01,,,El Paso,United States,31.35N,105.55W
1838-04-01,5.477,1.464,Dresden,Germany,50.63N,13.94E
1827-05-01,,,Kediri,Indonesia,7.23S,112.70E
1812-06-01,22.732,1.796,Lárisa,Greece,39.38N,22.89E
1942-12-01,25.719,0.51,Panamá,Panama,8.84N,80.27W
1963-12-01,14.847,0.326,Khanewal,Pakistan,29.74N,72.00E
1973-10-01,27.549000000000003,0.252,Jaffna,Sri Lanka,8.84N,80.27E
1795-05-01,14.78,3.507,Zonguldak,Turkey,40.99N,31.95E
1994-09-01,24.136,0.615,Lira,Uganda,2.41N,32.95E
1857-01-01,22.09,1.235,Mbour,Senegal,13.66N,17.34W
2011-12-01,10.171,0.477,Elbasan,Albania,40.99N,19.17E
1905-06-01,24.695,0.502,Jinhua,China,29.74N,120.00E
2010-05-01,8.869,0.336,Kitami,Japan,44.20N,143.11E
1920-07-01,28.873,1.3030000000000002,Diourbel,Senegal,15.27N,15.83W
1865-02-01,24.372,1.148,Santa Fe,Argentina,31.35S,60.31W
1924-09-01,18.004,0.474,São Bernardo Do Campo,Brazil,23.31S,46.31W
2009-10-01,27.012,0.204,Cotabato,Philippines,7.23N,124.05E
1988-05-01,14.602,0.216,Frankfurt,Germany,50.63N,8.87E
1985-12-01,21.653,0.374,Gandhinagar,India,23.31N,72.52E
1902-05-01,26.75,0.8140000000000001,Marabá,Brazil,5.63S,48.43W
1889-03-01,-0.169,0.457,Århus,Denmark,57.05N,10.33E
1948-06-01,27.770000000000003,1.3330000000000002,Tacloban,Philippines,12.05N,124.93E
1977-10-01,24.144,0.171,Luoyang,China,23.31N,114.47E
1947-02-01,23.512,0.302,Diadema,Brazil,23.31S,46.31W
1966-02-01,3.2030000000000003,0.52,Boshan,China,36.17N,117.35E
1985-12-01,4.967,0.495,Oldham,United Kingdom,53.84N,1.36W
1800-11-01,9.312,2.844,Thessaloníki,Greece,40.99N,23.43E
1986-05-01,26.967,0.206,Yulin,China,21.70N,109.90E
1916-08-01,26.419,0.492,Shaoxing,China,29.74N,120.00E
1881-07-01,19.254,0.738,Rongcheng,China,26.52N,103.88E
1886-01-01,-3.979,1.097,Stavropol,Russia,44.20N,42.48E
1988-02-01,19.25,0.207,Sikar,India,28.13N,75.45E
1903-11-01,5.37,0.521,Middlesbrough,United Kingdom,53.84N,1.36W
1948-10-01,15.076,0.124,Kashiwa,Japan,36.17N,139.23E
1983-06-01,16.477,0.5,Wulanhaote,China,45.81N,121.15E
1941-11-01,-2.67,0.758,Vinnytsya,Ukraine,49.03N,29.39E
1870-09-01,,,Amaigbo,Nigeria,5.63N,8.07E
1893-04-01,22.712,0.682,Bafoussam,Cameroon,5.63N,9.69E
1938-10-01,16.863999999999994,0.316,Norfolk,United States,36.17N,75.58W
1829-02-01,-10.254,3.762,Panevezys,Lithuania,55.45N,25.51E
1847-09-01,20.586,0.853,Barcelona,Spain,40.99N,2.13E
2005-11-01,10.975,0.2789999999999999,Porto,Portugal,40.99N,8.52W
1917-02-01,26.854,1.207,Quelimane,Mozambique,18.48S,37.18E
1983-06-01,16.669,0.1989999999999999,Frankfurt,Germany,50.63N,8.87E
1929-05-01,18.891,0.879,Chincha Alta,Peru,13.66S,76.79W
1842-05-01,23.133000000000003,1.328,Jacksonville,United States,29.74N,81.23W
1921-05-01,20.153,0.256,Tongling,China,31.35N,118.74E
1862-07-01,14.883,1.319,Itapevi,Brazil,23.31S,46.31W
1806-04-01,11.789,2.5610000000000004,Palermo,Italy,37.78N,14.24E
1848-12-01,19.063,1.215,Khulna,Bangladesh,23.31N,90.00E
1907-12-01,23.771,0.46,Bhadravati,India,13.66N,75.14E
1892-03-01,16.470000000000002,0.879,Hermosillo,Mexico,29.74N,110.77W
1750-09-01,10.004,1.939,Lyubertsy,Russia,55.45N,36.85E
1847-05-01,11.002,1.942,Westminster,United States,39.38N,104.05W
1974-02-01,11.840000000000002,0.363,Adana,Turkey,36.17N,35.80E
1881-11-01,2.972,0.815,Székesfehérvár,Hungary,47.42N,17.76E
1909-04-01,14.156,0.501,Corona,United States,32.95N,117.77W
1838-11-01,-2.5380000000000003,3.079,Tampere,Finland,61.88N,22.08E
2012-02-01,-17.852999999999998,0.612,Angarsk,Russia,52.24N,105.11E
1914-06-01,26.203000000000003,0.591,Liaocheng,China,36.17N,115.36E
1880-11-01,27.215,2.455,Freetown,Sierra Leone,8.84N,13.78W
1851-02-01,14.779000000000002,2.175,Cam Pha,Vietnam,21.70N,108.17E
1960-12-01,17.913,0.1169999999999999,Beni Suef,Egypt,29.74N,31.38E
1829-09-01,24.344,1.457,Santa Teresa,Venezuela,10.45N,66.27W
1788-03-01,1.5659999999999998,4.398,Cottbus,Germany,52.24N,13.14E
1835-09-01,15.963,1.4980000000000002,Jaraguá Do Sul,Brazil,26.52S,48.36W
1885-10-01,20.914,1.199,Clearwater,United States,28.13N,82.73W
1999-12-01,12.652,0.166,Houston,United States,29.74N,96.00W
1806-05-01,22.044,2.238,Little Rock,United States,34.56N,91.46W
1917-12-01,2.247,0.654,Perugia,Italy,42.59N,13.09E
1948-05-01,14.397,0.2769999999999999,Cherkessk,Russia,44.20N,42.48E
1993-12-01,22.597,0.191,Matanzas,Cuba,23.31N,81.26W
1872-12-01,,,Ambato,Ecuador,0.80S,77.95W
1985-06-01,20.799,0.499,Marbella,Spain,36.17N,3.98W
1934-02-01,-1.234,0.917,Nis,Serbia,42.59N,21.82E
1988-01-01,24.307,0.218,Nandyal,India,15.27N,79.17E
1930-10-01,18.097,0.923,Kashipur,India,29.74N,79.38E
1986-11-01,16.927,0.2289999999999999,Benghazi,Libya,32.95N,20.11E
1860-03-01,,,Faisalabad,Pakistan,31.35N,73.51E
1881-12-01,-7.832999999999999,0.955,Zhukovskiy,Russia,55.45N,36.85E
1918-04-01,21.474,0.409,Corpus Christi,United States,28.13N,97.27W
1806-12-01,4.221,2.766,Halle,Germany,50.63N,11.41E
1922-01-01,21.243,0.427,Arica,Chile,18.48S,70.99W
1773-06-01,26.324,1.6880000000000002,Saint Petersburg,United States,28.13N,82.73W
1940-05-01,12.344,0.3339999999999999,Zenica,Bosnia And Herzegovina,44.20N,17.89E
2008-11-01,20.488000000000003,0.218,Sohag,Egypt,26.52N,32.24E
1929-05-01,23.403,0.478,Taichung,Taiwan,24.92N,120.59E
1952-02-01,18.194000000000003,0.573,George,South Africa,34.56S,23.35E
1831-11-01,4.9510000000000005,6.382999999999999,Dayton,United States,39.38N,83.24W
1842-10-01,17.95,1.307,Blumenau,Brazil,26.52S,48.36W
1862-04-01,12.319,1.546,Norfolk,United States,36.17N,75.58W
1893-07-01,33.185,0.4539999999999999,Larkana,Pakistan,28.13N,68.18E
1904-12-01,13.682,0.4589999999999999,Firozpur,India,31.35N,75.39E
1872-12-01,26.012,1.5930000000000002,Kediri,Indonesia,7.23S,112.70E
1997-04-01,27.911,0.184,Ayer Itam,Malaysia,5.63N,100.09E
1985-06-01,18.523,0.3979999999999999,Blagoveshchensk,Russia,50.63N,128.03E
1883-06-01,26.055,0.847,Owerri,Nigeria,5.63N,6.46E
2005-01-01,0.8400000000000001,0.182,Yizheng,China,32.95N,119.68E
1941-09-01,13.791,0.285,Remscheid,Germany,50.63N,6.34E
1930-05-01,24.791,0.243,Ciparay,Indonesia,7.23S,107.84E
1995-09-01,13.343,0.325,Rzeszow,Poland,50.63N,21.55E
1997-11-01,26.931,0.2019999999999999,Puerto Cabello,Venezuela,10.45N,67.91W
1956-11-01,-1.233,1.262,Kalisz,Poland,52.24N,18.39E
1933-02-01,26.574,0.427,Klang,Malaysia,2.41N,102.05E
1827-04-01,24.089,2.869,Dharan,Nepal,26.52N,87.76E
1845-04-01,9.727,1.123,Rome,Italy,42.59N,13.09E
1815-07-01,26.529,3.672,Jaffna,Sri Lanka,8.84N,80.27E
1863-03-01,,,Fianarantsoa,Madagascar,21.70S,47.60E
1896-02-01,20.666,1.15,San Cristóbal,Venezuela,7.23N,72.16W
1934-08-01,27.492,0.518,Ubon Ratchathani,Thailand,15.27N,104.17E
1964-09-01,19.04,0.217,Giugliano In Campania,Italy,40.99N,14.91E
1923-10-01,3.527,0.307,Acheng,China,45.81N,128.08E
1786-11-01,5.113,3.808,Springfield,United States,37.78N,93.56W
1960-02-01,20.373,0.309,Kigoma,Tanzania,4.02S,29.73E
1899-10-01,12.65,0.926,Ferrara,Italy,44.20N,11.18E
1780-06-01,15.638,5.7620000000000005,Bochum,Germany,52.24N,7.88E
1864-07-01,25.964,1.21,Bago,Burma,16.87N,97.12E
2000-10-01,15.599,0.281,Louisville,United States,37.78N,85.42W
1783-02-01,21.034,3.596,Miramar,United States,26.52N,80.60W
1941-06-01,24.038,0.615,Zapopan,Mexico,20.09N,104.08W
2003-06-01,27.482,0.3389999999999999,Makati,Philippines,15.27N,120.83E
1914-01-01,-3.298,0.754,Novocherkassk,Russia,47.42N,39.08E
2003-09-01,18.309,0.418,Parma,Italy,44.20N,11.18E
2001-01-01,-20.871,0.775,Changchun,China,44.20N,125.22E
1914-03-01,27.534,3.164,Jamame,Somalia,0.80N,42.59E
2000-01-01,10.081,0.228,Stockton,United States,37.78N,122.03W
1955-12-01,20.267,0.402,Gandhidham,India,23.31N,70.78E
1877-02-01,14.735,1.162,Port Said,Egypt,31.35N,32.04E
1921-10-01,25.989,0.488,Perbaungan,Indonesia,4.02N,98.84E
1781-10-01,9.609,1.787,Rockford,United States,42.59N,89.45W
1838-09-01,26.575,1.382,Veraval,India,21.70N,70.10E
1870-09-01,20.918000000000006,1.79,Kawasaki,Japan,36.17N,139.23E
1925-02-01,-5.424,0.659,Balakovo,Russia,52.24N,47.30E
1958-09-01,16.727999999999998,0.349,Stara Zagora,Bulgaria,42.59N,26.18E
1973-12-01,4.284,0.1889999999999999,Handa,Japan,34.56N,136.22E
1932-08-01,29.19,0.178,Mesquite,United States,32.95N,96.70W
1967-07-01,29.16,0.614,Rancho Cucamonga,United States,34.56N,116.76W
1857-09-01,24.287,1.3119999999999998,Dekernes,Egypt,31.35N,32.04E
1973-05-01,17.236,0.384,Hebi,China,36.17N,113.37E
1865-03-01,,,Cileunyi,Indonesia,7.23S,107.84E
1960-03-01,5.539,0.53,Marivan,Iran,36.17N,45.75E
1962-02-01,25.641,0.407,Koronadal,Philippines,5.63N,124.30E
1939-03-01,1.768,0.688,Jinzhou,China,40.99N,121.42E
1972-01-01,7.608,0.297,Neijiang,China,29.74N,105.23E
1919-04-01,34.550000000000004,1.49,Niamey,Niger,13.66N,2.48E
1966-10-01,20.824,0.4029999999999999,Chilpancingo,Mexico,18.48N,99.72W
1828-01-01,-13.823,2.67,Orël,Russia,52.24N,36.79E
1882-06-01,26.984,0.889,Lapu Lapu,Philippines,10.45N,123.55E
1749-01-01,,,Marseille,France,42.59N,6.55E
1907-02-01,21.066,0.397,Panihati,India,23.31N,88.25E
1816-04-01,28.539,4.236000000000001,Pudukkottai,India,10.45N,79.36E
1929-03-01,-0.464,0.395,Augsburg,Germany,47.42N,10.66E
1884-05-01,16.679000000000002,1.12,Weinan,China,34.56N,108.97E
1811-08-01,,,Jalpaiguri,India,26.52N,89.55E
1830-05-01,,,Balikpapan,Indonesia,0.80S,116.52E
1983-02-01,26.66,0.408,Pagadian,Philippines,7.23N,124.05E
1933-03-01,-4.612,0.523,Noginsk,Russia,55.45N,39.69E
1943-10-01,12.094,0.341,Banja Luka,Bosnia And Herzegovina,44.20N,17.89E
1981-03-01,23.701,0.311,Bhind,India,26.52N,78.81E
1916-02-01,23.11,0.3779999999999999,Charallave,Venezuela,10.45N,66.27W
2003-02-01,26.758000000000003,0.273,Sunggal,Indonesia,4.02N,98.84E
1882-04-01,11.258,0.6559999999999999,Ome,Japan,36.17N,139.23E
1830-02-01,20.015,1.99,Pali,India,26.52N,73.43E
1918-06-01,16.389,0.971,Vanadzor,Armenia,40.99N,44.73E
1885-06-01,17.058,0.305,Rochester,United States,42.59N,78.55W
1862-12-01,,,Mwanza,Tanzania,2.41S,32.95E
1762-05-01,16.750999999999998,4.88,Philadelphia,United States,39.38N,74.91W
1956-12-01,15.974,0.306,Dadu,Pakistan,26.52N,68.06E
1750-11-01,,,Sheffield,United Kingdom,53.84N,1.36W
1862-02-01,2.753,1.185,Venice,Italy,45.81N,12.69E
1909-10-01,21.868,0.701,San Nicolás De Los Garza,Mexico,26.52N,100.30W
1913-12-01,5.233,0.635,Kerch,Ukraine,45.81N,35.77E
2007-12-01,25.363000000000003,0.501,Magé,Brazil,23.31S,42.82W
1840-01-01,14.855,2.11,Larkana,Pakistan,28.13N,68.18E
1892-03-01,6.422999999999999,0.7809999999999999,Móstoles,Spain,40.99N,4.26W
1855-12-01,,,Kabwe,Zambia,13.66S,28.90E
1775-08-01,25.329,1.632,Bari,Italy,40.99N,17.04E
1883-07-01,20.632,0.5760000000000001,Venice,Italy,45.81N,12.69E
1994-01-01,25.37,0.406,Colombo,Sri Lanka,7.23N,80.27E
1859-07-01,16.659000000000002,1.3019999999999998,Stockholm,Sweden,58.66N,18.46E
1992-04-01,15.558,0.22,Tunis,Tunisia,36.17N,9.94E
1983-03-01,22.396,0.351,Newcastle,Australia,32.95S,152.23E
1965-06-01,18.819000000000003,0.969,Trujillo,Peru,8.84S,78.65W
1928-04-01,25.268,0.919,Sabha,Libya,26.52N,14.33E
1898-03-01,26.60100000000001,0.741,Cikupa,Indonesia,5.63S,106.55E
1949-11-01,18.97,0.2789999999999999,Miami,United States,26.52N,80.60W
1919-10-01,17.861,0.4379999999999999,Concordia,Argentina,31.35S,58.43W
1991-09-01,26.834,0.413,Managua,Nicaragua,12.05N,85.48W
1776-11-01,5.920999999999999,6.601,Amiens,France,49.03N,2.45E
1826-12-01,9.675,3.025,Killeen,United States,31.35N,98.01W
1936-12-01,3.273,0.252,Yangzhou,China,32.95N,119.68E
1830-09-01,27.292,1.821,Dum Dum,India,23.31N,88.25E
1913-06-01,18.953,0.425,Jiutai,China,44.20N,125.22E
1791-03-01,6.141,3.485,Indianapolis,United States,39.38N,85.32W
1964-04-01,23.954,0.348,Chenghai,China,23.31N,116.21E
1966-09-01,24.203000000000003,0.33,Sur,Lebanon,32.95N,35.43E
1978-05-01,27.121,0.263,Ziguinchor,Senegal,12.05N,16.44W
1871-12-01,23.167,1.093,Payakumbuh,Indonesia,0.80S,100.45E
1985-02-01,18.304,0.8320000000000001,Nawabshah,Pakistan,26.52N,68.06E
1884-08-01,22.648000000000003,1.043,Yaoundé,Cameroon,4.02N,12.05E
1916-08-01,25.342,0.755,Puyang,China,36.17N,115.36E
1842-11-01,20.022,1.475,São José Dos Campos,Brazil,23.31S,46.31W
1994-03-01,29.049,0.546,Yenangyaung,Burma,20.09N,95.55E
1966-03-01,4.357,0.28,Maastricht,Netherlands,50.63N,6.34E
1751-08-01,18.356,0.843,Bydgoszcz,Poland,53.84N,17.73E
1871-04-01,27.543000000000003,1.344,Badlapur,India,18.48N,72.68E
1922-01-01,25.271,0.531,Posadas,Argentina,28.13S,55.45W
1859-01-01,3.301,1.766,Okazaki,Japan,34.56N,136.22E
1886-11-01,22.717,1.3019999999999998,Luanshya,Zambia,13.66S,28.90E
1996-12-01,8.227,0.31,Turhal,Turkey,40.99N,36.21E
1906-02-01,15.519999999999998,0.767,Bareli,India,28.13N,79.09E
1999-08-01,24.074,0.3289999999999999,Beipiao,China,40.99N,121.42E
1969-10-01,22.974,0.262,Yungho,Taiwan,24.92N,122.36E
1877-12-01,-7.57,2.169,Orekhovo Zuevo,Russia,55.45N,39.69E
1970-02-01,26.067,0.498,Kisangani,Congo (Democratic Republic Of The),0.80N,24.91E
2009-05-01,19.052,0.268,Lianran,China,24.92N,102.86E
1878-09-01,25.749,1.195,Mubi,Nigeria,10.45N,13.91E
1967-10-01,20.947,0.319,Susah,Tunisia,36.17N,9.94E
1977-05-01,16.529,0.466,Jinzhou,China,40.99N,121.42E
1873-01-01,12.628,1.286,Zuwarah,Libya,32.95N,12.45E
2001-06-01,18.975,0.283,Syracuse,United States,42.59N,76.36W
1992-05-01,17.988,0.4,Toulon,France,42.59N,6.55E
2006-06-01,20.363,0.225,Ichikawa,Japan,36.17N,139.23E
1886-11-01,25.698,0.715,Tema,Ghana,5.63N,0.00W
1947-08-01,28.257,0.361,Puerto Vallarta,Mexico,20.09N,105.78W
1783-11-01,6.425,3.129,Paris,France,49.03N,2.45E
1922-04-01,27.501,1.017,Ikorodu,Nigeria,7.23N,4.05E
1848-04-01,10.858,1.607,Mahabad,Iran,36.17N,45.75E
1887-07-01,29.115,0.696,Morena,India,26.52N,78.81E
1968-05-01,9.215,0.4029999999999999,Groningen,Netherlands,53.84N,6.82E
1834-01-01,9.99,5.529,Casablanca,Morocco,32.95N,6.70W
1933-02-01,0.225,0.19,Darmstadt,Germany,50.63N,8.87E
1950-09-01,18.224,0.411,Samarkand,Uzbekistan,39.38N,66.59E
1817-09-01,20.093,2.766,Zaragoza,Spain,40.99N,0.00W
1976-03-01,-8.683,0.429,Novocheboksarsk,Russia,55.45N,48.19E
1961-09-01,22.971000000000004,0.166,Tama,Japan,36.17N,139.23E
1914-11-01,4.916,0.342,Dezhou,China,37.78N,115.93E
1856-03-01,10.461,1.49,Abilene,United States,32.95N,100.53W
1748-12-01,,,Joliet,United States,40.99N,87.34W
1783-02-01,3.446,4.171,Ankara,Turkey,39.38N,33.29E
1900-08-01,28.555,0.477,Donghai,China,23.31N,116.21E
2009-09-01,17.048000000000002,0.191,Balti,Moldova,47.42N,27.24E
1844-09-01,25.25,1.307,Cancún,Mexico,21.70N,87.40W
1862-11-01,,,Kisumu,Kenya,0.80S,34.55E
1982-07-01,25.518,0.344,Baneh,Iran,36.17N,45.75E
1895-07-01,22.148000000000003,1.122,Kampala,Uganda,0.80N,32.95E
1950-04-01,12.322,0.294,Kayseri,Turkey,39.38N,35.38E
1950-11-01,4.2,0.262,Tomakomai,Japan,42.59N,141.82E
1755-03-01,-3.815,3.516,Bryansk,Russia,53.84N,34.09E
1839-07-01,26.542,2.325,Dos Hermanas,Spain,37.78N,6.10W
1933-04-01,3.245,0.309,Minsk,Belarus,53.84N,28.64E
1766-10-01,8.171,2.154,Balti,Moldova,47.42N,27.24E
1856-11-01,24.274,1.11,Rajamahendri,India,16.87N,82.05E
2000-10-01,27.077,0.291,Unnao,India,26.52N,80.60E
1944-07-01,29.013,0.3279999999999999,Maymyo,Burma,21.70N,96.06E
1976-06-01,15.838,0.231,George,South Africa,34.56S,23.35E
1963-04-01,11.706,0.371,San Francisco,United States,37.78N,122.03W
1981-09-01,16.883,0.384,Huixquilucan,Mexico,20.09N,98.96W
1900-07-01,19.542,1.56,Qostanay,Kazakhstan,53.84N,64.09E
1969-09-01,28.407,0.4379999999999999,Hermosillo,Mexico,29.74N,110.77W
1966-01-01,-4.2010000000000005,0.664,Brasov,Romania,45.81N,26.54E
2005-12-01,-11.849,0.161,Zhangjiakou,China,40.99N,115.03E
1851-03-01,25.127,1.306,Depok,Indonesia,7.23S,109.46E
1984-10-01,20.641,0.411,Joinville,Brazil,26.52S,48.36W
1888-03-01,26.357,1.969,Matadi,Congo (Democratic Republic Of The),5.63S,12.91E
1789-01-01,7.955999999999999,6.047999999999999,Sassari,Italy,40.99N,8.52E
1954-08-01,22.109,0.634,Palmdale,United States,34.56N,118.70W
1871-11-01,25.166,1.079,Bac Lieu,Vietnam,8.84N,106.22E
1860-05-01,,,Hargeysa,Somalia,8.84N,44.59E
2009-01-01,17.435,0.286,Darbhanga,India,26.52N,85.97E
1897-05-01,22.368,0.716,Bantou,China,24.92N,118.82E
1925-10-01,16.436,0.496,Witbank,South Africa,26.52S,28.66E
1867-12-01,14.868,1.789,Temuco,Chile,39.38S,72.83W
1984-05-01,30.174,0.241,Meiktila,Burma,20.09N,95.55E
1998-07-01,27.709,0.33,Thaton,Burma,16.87N,97.12E
1953-02-01,3.654,0.26,Yizheng,China,32.95N,119.68E
1935-10-01,25.734,0.211,Pingtung,Taiwan,23.31N,119.71E
1820-05-01,12.253,2.293,Manchester,United States,42.59N,72.00W
1937-02-01,3.687,0.248,Tachikawa,Japan,36.17N,139.23E
1858-01-01,3.459,2.777,Irbil,Iraq,36.17N,43.76E
1888-03-01,23.301,0.906,Ribeirão Prêto,Brazil,21.70S,47.60W
1917-10-01,7.728,1.051,Dawukou,China,39.38N,106.13E
1931-08-01,29.772,0.337,Deoria,India,26.52N,84.18E
1916-02-01,11.193,1.071,Idlib,Syria,36.17N,35.80E
1864-05-01,21.954,1.0759999999999998,Denton,United States,32.95N,96.70W
1928-09-01,16.241,0.408,Nantes,France,47.42N,1.18W
1941-03-01,18.847,0.25,Auckland,New Zealand,36.17S,175.03E
1801-07-01,29.385,2.386,Ulubaria,India,23.31N,88.25E
1937-05-01,16.785,0.589,Guarujá,Brazil,23.31S,46.31W
1966-06-01,21.382,0.437,Guaratinguetá,Brazil,23.31S,44.56W
1915-08-01,25.354,0.6709999999999999,Laohekou,China,32.95N,112.02E
1971-02-01,9.187,0.2189999999999999,Mesquite,United States,32.95N,96.70W
1935-11-01,12.474,0.902,Shaoyang,China,26.52N,111.04E
1915-09-01,25.984,0.447,Sepatan,Indonesia,5.63S,106.55E
1989-07-01,28.634,0.354,Nandyal,India,15.27N,79.17E
1928-07-01,26.843000000000004,0.24,Sekudai,Malaysia,0.80N,103.66E
1974-03-01,26.322000000000006,0.4639999999999999,Sidoarjo,Indonesia,7.23S,112.70E
1920-06-01,31.71,0.787,Hoshiarpur,India,31.35N,75.39E
1882-06-01,26.121,0.579,Wichita Falls,United States,34.56N,99.24W
1909-07-01,16.594,1.105,Botucatu,Brazil,23.31S,48.06W
1852-10-01,,,Lilongwe,Malawi,13.66S,33.85E
1918-11-01,1.996,0.307,Gdansk,Poland,53.84N,17.73E
1982-04-01,16.572,0.289,Kaiyuan,China,23.31N,103.98E
1926-05-01,12.536,0.401,Olsztyn,Poland,53.84N,20.45E
1806-12-01,,,Oklahoma City,United States,36.17N,97.46W
1902-12-01,19.172,0.713,Bethal,South Africa,26.52S,28.66E
1999-10-01,11.608,0.163,Exeter,United Kingdom,50.63N,3.80W
1872-10-01,17.562,0.616,Yueyang,China,29.74N,112.62E
1971-04-01,11.058,0.501,Osmaniye,Turkey,37.78N,36.61E
1902-11-01,26.854000000000006,0.884,Thaton,Burma,16.87N,97.12E
1945-05-01,16.477,0.41,Zhoucheng,China,24.92N,102.86E
1874-09-01,23.296000000000006,2.501,Rialto,United States,34.56N,116.76W
1832-07-01,23.234,2.7030000000000003,Knoxville,United States,36.17N,83.54W
1829-07-01,23.608,1.746,Hulan Ergi,China,47.42N,124.34E
1883-07-01,22.732,0.948,Antalya,Turkey,37.78N,30.51E
1973-06-01,13.841,0.3979999999999999,Glasgow,United Kingdom,55.45N,2.83W
1959-03-01,25.626,0.4429999999999999,Prabumulih,Indonesia,4.02S,103.66E
1794-01-01,-11.375,6.021,Sherbrooke,Canada,45.81N,72.69W
1869-09-01,16.101000000000006,1.27,Zhaotong,China,26.52N,103.88E
1963-08-01,24.91,0.415,Korla,China,40.99N,85.21E
1908-02-01,4.106,0.552,Charlotte,United States,34.56N,81.73W
1926-06-01,22.2,0.4679999999999999,Fuxin,China,42.59N,122.18E
1973-08-01,26.03,0.377,Karang Tengah,Indonesia,7.23S,106.22E
1877-12-01,-1.996,2.15,Oradea,Romania,47.42N,22.50E
1866-09-01,21.458,1.046,Saveh,Iran,34.56N,50.59E
1841-06-01,30.85,1.569,Raigarh,India,21.70N,83.94E
1940-08-01,13.324000000000002,0.769,Viamão,Brazil,29.74S,51.69W
1989-02-01,19.153,0.243,Jodhpur,India,26.52N,73.43E
1863-02-01,-1.4389999999999998,2.438,Pingliang,China,36.17N,107.40E
1831-08-01,,,Srinagar,India,34.56N,73.95E
1837-04-01,2.7170000000000005,2.062,Ranghulu,China,47.42N,124.34E
1966-06-01,19.675,0.259,Shihezi,China,44.20N,84.97E
1974-01-01,13.105,0.373,Port Said,Egypt,31.35N,32.04E
1795-05-01,,,Gyumri,Armenia,40.99N,44.73E
1862-10-01,18.186,1.365,Virginia Beach,United States,36.17N,75.58W
1808-06-01,17.215999999999998,1.789,Kayseri,Turkey,39.38N,35.38E
1897-03-01,20.35,0.535,New Orleans,United States,29.74N,90.46W
1954-12-01,16.413999999999998,0.285,Mirzapur,India,24.92N,83.35E
1990-06-01,26.266,0.432,Bijapur,India,16.87N,75.35E
1919-08-01,16.166,0.429,Leiden,Netherlands,52.24N,5.26E
1880-05-01,10.239,1.0659999999999998,Tandil,Argentina,37.78S,58.98W
1986-10-01,24.188,0.457,Maceió,Brazil,10.45S,35.18W
1968-03-01,24.157,0.718,Berbera,Somalia,10.45N,45.00E
1922-05-01,18.107,0.537,Resende,Brazil,21.70S,44.13W
1933-03-01,25.651000000000003,0.302,Sagar,India,23.31N,79.51E
1750-12-01,1.241,1.6230000000000002,Düsseldorf,Germany,50.63N,6.34E
1909-08-01,25.153,0.5329999999999999,Bissau,Guinea Bissau,12.05N,14.79W
1814-03-01,2.633,2.959,Stoke On Trent,United Kingdom,52.24N,2.63W
1787-01-01,5.945,4.071000000000001,Zaragoza,Spain,40.99N,0.00W
1982-12-01,2.855,0.278,Clermont Ferrand,France,45.81N,3.46E
1856-12-01,6.880999999999999,2.045,Simi Valley,United States,34.56N,118.70W
1748-06-01,,,Nizhnekamsk,Russia,55.45N,51.02E
1988-02-01,22.95,0.18,Botucatu,Brazil,23.31S,48.06W
1872-08-01,19.763,1.112,Colorado Springs,United States,39.38N,104.05W
1882-01-01,25.639,1.394,Minna,Nigeria,8.84N,7.30E
2004-09-01,25.55,0.196,Cape Coast,Ghana,5.63N,1.61W
1832-06-01,,,Durg,India,21.70N,80.48E
1965-06-01,23.3,0.455,Daxian,China,31.35N,107.43E
1864-02-01,7.393000000000002,2.125,Neijiang,China,29.74N,105.23E
1754-10-01,17.252000000000002,2.31,Murcia,Spain,37.78N,2.03W
1949-11-01,26.222,0.251,Nonthaburi,Thailand,13.66N,99.91E
1964-06-01,22.905,0.327,Mbouda,Cameroon,5.63N,9.69E
1758-07-01,15.156,9.769,Liège,Belgium,50.63N,6.34E
1953-01-01,4.979,0.309,Shaoyang,China,26.52N,111.04E
1911-03-01,5.257999999999999,0.369,Nancy,France,49.03N,7.35E
1857-11-01,5.852,1.433,Aksaray,Turkey,37.78N,34.58E
1838-01-01,1.423,2.3040000000000003,Manbij,Syria,36.17N,37.79E
1915-09-01,10.994000000000002,0.292,Wroclaw,Poland,50.63N,16.48E
1932-03-01,1.6840000000000002,1.002,Orumiyeh,Iran,37.78N,44.75E
1899-03-01,21.172,1.151,Cartago,Colombia,4.02N,76.34W
1928-08-01,24.727,0.421,Qinhuangdao,China,39.38N,118.61E
1863-09-01,19.548,1.443,Eslamshahr,Iran,36.17N,51.71E
1825-12-01,7.795,1.238,Virginia Beach,United States,36.17N,75.58W
1996-04-01,28.534,0.521,Phan Thiet,Vietnam,10.45N,107.18E
1993-09-01,23.241,0.17,Yokosuka,Japan,34.56N,140.11E
1857-06-01,16.235,0.738,Odense,Denmark,55.45N,11.34E
1801-08-01,24.585,1.88,Casablanca,Morocco,32.95N,6.70W
1778-04-01,,,Charleston,United States,32.95N,79.47W
1999-03-01,28.244,0.326,Tanza,Philippines,15.27N,120.83E
1943-07-01,26.028,0.36,Macapá,Brazil,0.80N,50.63W
1944-03-01,6.422999999999999,0.208,Matsusaka,Japan,34.56N,136.22E
1930-06-01,24.098000000000003,0.318,Xintai,China,36.17N,117.35E
1968-07-01,26.211,0.366,Mersin,Turkey,36.17N,33.81E
1870-12-01,24.022,1.2,Sibu,Malaysia,2.41N,111.70E
1995-05-01,11.824000000000002,0.258,Bialystok,Poland,53.84N,23.18E
2002-09-01,32.083,0.304,Khairpur,Pakistan,28.13N,68.18E
1780-09-01,6.957999999999998,3.123,Rybinsk,Russia,58.66N,40.00E
1952-07-01,28.523000000000003,0.471,Wardha,India,20.09N,78.48E
1775-02-01,-3.344,5.141,Riga,Latvia,57.05N,25.08E
1875-09-01,23.508000000000003,0.918,Ezhou,China,29.74N,114.46E
1861-10-01,,,Jhang,Pakistan,31.35N,71.62E
1886-04-01,7.212000000000001,0.163,Gloucester,United Kingdom,52.24N,2.63W
1902-04-01,26.392,0.506,Cagua,Venezuela,10.45N,67.91W
1940-12-01,20.779,0.371,Rajkot,India,21.70N,70.10E
1968-08-01,18.607,0.321,Aix En Provence,France,44.20N,4.47E
1888-10-01,22.458,1.08,Monterrey,Mexico,26.52N,100.30W
1913-05-01,13.49,0.181,Boulogne Billancourt,France,49.03N,2.45E
1939-08-01,17.959,0.583,Barbacena,Brazil,21.70S,44.13W
1917-05-01,25.346,0.907,Paramaribo,Suriname,5.63N,54.89W
1905-04-01,8.77,0.752,Tanggu,China,39.38N,118.61E
1913-01-01,-10.88,1.1909999999999998,Jinxi,China,40.99N,121.42E
1944-10-01,24.536,0.3289999999999999,Mwene Ditu,Congo (Democratic Republic Of The),7.23S,23.51E
1958-10-01,16.371000000000002,0.216,Himeji,Japan,34.56N,134.27E
1873-11-01,,,Libreville,Gabon,0.80N,8.84E
1855-12-01,0.7800000000000001,1.929,Chengdu,China,31.35N,103.66E
1860-10-01,4.468999999999999,0.764,Tartu,Estonia,58.66N,27.69E
1867-11-01,12.948,2.769,Wenzhou,China,28.13N,120.91E
1971-08-01,3.024,0.367,San Carlos De Bariloche,Argentina,40.99S,70.30W
1948-09-01,18.31,0.358,Stockton,United States,37.78N,122.03W
1862-05-01,14.75,1.761,Wuppertal,Germany,50.63N,6.34E
1983-04-01,8.772,0.211,Haibowan,China,39.38N,106.13E
2005-08-01,25.813,0.417,Kano,Nigeria,12.05N,8.22E
1876-04-01,26.372,1.203,Jolo,Philippines,5.63N,119.46E
1862-09-01,16.749000000000002,1.615,Itapevi,Brazil,23.31S,46.31W
2006-01-01,23.849,0.406,Itapecerica Da Serra,Brazil,23.31S,46.31W
1874-03-01,19.408,1.886,Sydney,Australia,34.56S,151.78E
1955-03-01,-5.063,0.236,Sherbrooke,Canada,45.81N,72.69W
2002-08-01,21.835,0.2239999999999999,Girardot,Colombia,4.02N,74.73W
1885-09-01,26.372,0.8,Raichur,India,16.87N,77.02E
1975-09-01,14.598,0.627,Bern,Switzerland,47.42N,8.29E
1802-02-01,25.304,1.707,Nanded,India,18.48N,77.75E
1776-07-01,17.154,3.045,Linz,Austria,49.03N,14.69E
1840-06-01,15.993,1.56,Gyumri,Armenia,40.99N,44.73E
1874-08-01,28.487,0.8190000000000001,Patna,India,24.92N,85.12E
1968-04-01,20.572,0.3279999999999999,Chenghai,China,23.31N,116.21E
1906-10-01,14.111,0.4679999999999999,Huntsville,United States,34.56N,85.62W
1864-11-01,16.285,1.73,Tallahassee,United States,29.74N,84.92W
2011-04-01,9.73,0.192,Nagaoka,Japan,37.78N,138.31E
1967-02-01,22.12,0.29,Brikama,Gambia,13.66N,17.34W
1948-07-01,24.716,0.32,Hanzhong,China,32.95N,106.28E
1834-10-01,19.2,2.169,Killeen,United States,31.35N,98.01W
1945-01-01,-13.863,0.544,Regina,Canada,50.63N,105.21W
1827-08-01,16.185,2.02,Solingen,Germany,50.63N,6.34E
1978-04-01,20.256,0.337,Chungho,Taiwan,24.92N,120.59E
1967-07-01,24.44400000000001,0.447,Akishima,Japan,36.17N,139.23E
1879-07-01,28.252,1.014,Siwan,India,26.52N,84.18E
1853-05-01,10.675,1.181,Kitchener,Canada,44.20N,80.50W
1885-03-01,,,Loja,Ecuador,4.02S,79.55W
2001-07-01,19.548,0.298,Varginha,Brazil,21.70S,45.87W
1977-08-01,26.975,0.5479999999999999,Angeles,Philippines,15.27N,120.83E
2008-06-01,7.0840000000000005,0.351,Lasa,China,29.74N,90.46E
1874-05-01,17.008,1.49,Várzea Paulista,Brazil,23.31S,46.31W
1756-05-01,16.384,4.887,Kremenchuk,Ukraine,49.03N,34.29E
1855-08-01,18.69400000000001,0.7829999999999999,Rochester,United States,42.59N,78.55W
1974-12-01,7.531999999999999,0.264,Arlington,United States,32.95N,96.70W
2009-08-01,27.476,0.3329999999999999,Pagadian,Philippines,7.23N,124.05E
1989-10-01,11.979,0.314,Deyang,China,31.35N,103.66E
1936-02-01,6.388999999999999,0.485,Móstoles,Spain,40.99N,4.26W
1874-12-01,23.642,2.068,Umm Durman,Sudan,15.27N,32.50E
1891-07-01,13.565,0.409,Trondheim,Norway,63.49N,9.00E
1848-01-01,-19.232,2.08,Ryazan,Russia,53.84N,39.55E
1837-02-01,25.052,1.48,Bijapur,India,16.87N,75.35E
1832-02-01,0.281,2.8480000000000003,Göttingen,Germany,52.24N,10.51E
1814-04-01,9.395,1.35,Luton,United Kingdom,52.24N,0.00W
1904-12-01,6.432,0.355,Ogaki,Japan,34.56N,136.22E
1925-07-01,18.864,0.37,Herne,Germany,52.24N,7.88E
1814-04-01,5.636,1.098,Minsk,Belarus,53.84N,28.64E
1785-12-01,0.224,2.128,Banja Luka,Bosnia And Herzegovina,44.20N,17.89E
1980-08-01,22.72300000000001,0.236,Portoviejo,Ecuador,0.80S,81.16W
1872-12-01,,,Calabar,Nigeria,5.63N,8.07E
1814-03-01,25.155,2.111,Dum Dum,India,23.31N,88.25E
1905-11-01,25.638,0.693,Gusau,Nigeria,12.05N,6.58E
1884-04-01,10.463,0.7390000000000001,Bologna,Italy,44.20N,11.18E
1983-05-01,17.379,0.259,Ankang,China,32.95N,108.19E
1876-01-01,12.41,1.3219999999999998,Sanchung,Taiwan,24.92N,120.59E
1958-11-01,24.193,0.331,Surendranagar,India,23.31N,72.52E
1966-04-01,14.687,0.143,Yushan,China,31.35N,120.63E
1891-09-01,26.264,0.475,Perbaungan,Indonesia,4.02N,98.84E
1913-11-01,15.678,0.482,Sur,Lebanon,32.95N,35.43E
1911-03-01,26.602,0.519,Shah Alam,Malaysia,2.41N,102.05E
1958-05-01,35.139,0.76,Bilaspur,India,21.70N,82.21E
1927-08-01,27.276,0.551,Jining,China,34.56N,116.76E
1941-03-01,28.198,1.193,Jibuti,Djibouti,12.05N,42.74E
1964-07-01,24.706,0.432,Tripoli,Libya,32.95N,12.45E
1898-01-01,7.576,0.797,Glendale,United States,32.95N,112.02W
1922-12-01,14.457,0.485,Bhind,India,26.52N,78.81E
1986-02-01,15.844,0.283,Temuco,Chile,39.38S,72.83W
1913-09-01,12.187,0.384,Halle,Germany,50.63N,11.41E
1862-10-01,9.473,2.212,Oruro,Bolivia,18.48S,67.61W
1937-08-01,27.029000000000003,0.475,Robertsonpet,India,13.66N,78.44E
1928-03-01,26.278,0.488,Bhuj,India,23.31N,69.03E
1969-08-01,22.561,0.385,Buga,Colombia,4.02N,76.34W
1829-03-01,23.855,1.996,Jaunpur,India,26.52N,82.39E
1966-03-01,17.997,0.282,Brownsville,United States,26.52N,96.72W
1869-11-01,3.0380000000000003,0.307,Kassel,Germany,50.63N,8.87E
1954-08-01,24.138,0.257,Gusau,Nigeria,12.05N,6.58E
1974-02-01,17.683,0.509,Jodhpur,India,26.52N,73.43E
1804-02-01,17.925,2.537,Pembroke Pines,United States,26.52N,80.60W
1856-01-01,-3.809,0.898,Clarksville,United States,36.17N,87.51W
1796-05-01,13.235,1.927,Stavropol,Russia,44.20N,42.48E
1808-09-01,16.364,3.25,Horlivka,Ukraine,49.03N,39.18E
1985-04-01,22.944000000000003,0.483,Goiânia,Brazil,16.87S,48.56W
1794-06-01,17.45,5.376,Providence,United States,42.59N,72.00W
1769-07-01,16.442999999999998,6.683,Peterborough,United Kingdom,52.24N,0.00W
1936-11-01,12.074000000000002,0.442,Guangshui,China,31.35N,113.09E
1864-08-01,,,Karachi,Pakistan,24.92N,67.39E
1835-12-01,5.6610000000000005,1.833,Nanchong,China,31.35N,105.55E
1878-12-01,3.56,1.46,Edirne,Turkey,42.59N,26.18E
1911-09-01,17.477999999999998,0.506,Edirne,Turkey,42.59N,26.18E
1988-04-01,17.015,0.206,Yichun,China,28.13N,113.64E
1985-12-01,19.255,0.377,Silchar,India,24.92N,92.22E
1820-12-01,18.038,2.108,Bilaspur,India,21.70N,82.21E
1912-08-01,28.249,0.6,Foshan,China,23.31N,112.72E
1858-08-01,5.4700000000000015,1.101,Canberra,Australia,36.17S,149.17E
1904-04-01,22.38,0.405,Gómez Palacio,Mexico,24.92N,102.86W
1994-10-01,26.534,0.15,Nonthaburi,Thailand,13.66N,99.91E
1872-02-01,18.399,2.004,Vientiane,Laos,18.48N,103.10E
1875-04-01,26.047,1.089,Bontang,Indonesia,0.80N,118.13E
1973-09-01,8.692,0.176,Lipetsk,Russia,52.24N,39.42E
1935-10-01,18.395,0.198,Fujinomiya,Japan,34.56N,138.16E
1835-02-01,14.601,2.22,Ludhiana,India,31.35N,75.39E
1809-10-01,11.879,3.65,Windsor,United States,42.59N,82.91W
1824-07-01,20.448,4.053999999999999,Verona,Italy,45.81N,10.38E
1854-04-01,,,Arusha,Tanzania,4.02S,36.16E
1945-06-01,25.61,0.474,Lafia,Nigeria,8.84N,8.92E
1909-06-01,21.244,0.763,Andijon,Uzbekistan,40.99N,72.43E
1839-01-01,,,Klang,Malaysia,2.41N,102.05E
1962-03-01,22.938,0.347,Betim,Brazil,20.09S,44.36W
1875-02-01,16.59,1.019,Bahadurgarh,India,28.13N,77.27E
1932-09-01,27.424000000000003,0.616,Khlong Luang,Thailand,13.66N,99.91E
1945-10-01,14.838,0.23,Akishima,Japan,36.17N,139.23E
1997-08-01,19.189,0.432,São José,Brazil,28.13S,48.18W
1965-07-01,19.592,0.292,Dodoma,Tanzania,5.63S,35.52E
1959-10-01,24.464,0.595,Dehra Dun,India,29.74N,77.54E
1877-05-01,31.583,0.6559999999999999,Unnao,India,26.52N,80.60E
2002-12-01,17.026,0.245,Yangjiang,China,21.70N,111.63E
1935-02-01,2.6820000000000004,0.888,Vicenza,Italy,45.81N,12.69E
1910-10-01,27.308000000000003,0.7020000000000001,Santiago,Dominican Republic,20.09N,69.95W
1916-11-01,7.475,0.376,Perpignan,France,42.59N,2.18E
1844-10-01,7.782999999999999,0.8,Turin,Italy,45.81N,8.08E
1968-08-01,19.403,0.295,Kitwe,Zambia,12.05S,27.95E
1926-01-01,22.523000000000003,1.056,Santos,Brazil,23.31S,46.31W
1916-09-01,14.806,0.5579999999999999,Baoding,China,39.38N,114.45E
1809-02-01,0.5529999999999999,3.92,Arad,Romania,45.81N,21.92E
1950-09-01,11.512,0.223,Aberdeen,United Kingdom,57.05N,1.48W
1851-02-01,10.432,1.22,Casablanca,Morocco,32.95N,6.70W
1881-05-01,16.118,0.852,Novocherkassk,Russia,47.42N,39.08E
1794-12-01,10.837,2.496,Fez,Morocco,34.56N,5.84W
2006-02-01,22.174,0.6920000000000001,New Delhi,India,28.13N,77.27E
1955-05-01,25.8,0.37,Caucaia,Brazil,4.02S,39.38W
1864-09-01,26.615,1.276,Pak Kret,Thailand,13.66N,99.91E
1911-11-01,23.394,0.831,Varginha,Brazil,21.70S,45.87W
1824-04-01,7.125,2.434,Nijmegen,Netherlands,52.24N,5.26E
1883-11-01,22.308000000000003,0.33,Khulna,Bangladesh,23.31N,90.00E
1784-04-01,6.227,9.219,Czestochowa,Poland,50.63N,19.01E
1883-03-01,3.615,0.784,Funabashi,Japan,36.17N,139.23E
1907-08-01,21.729,0.508,Bamenda,Cameroon,5.63N,9.69E
2010-04-01,29.615,0.472,Udupi,India,13.66N,75.14E
1871-09-01,24.596,0.544,Purwakarta,Indonesia,7.23S,107.84E
1923-11-01,4.917,0.275,Peoria,United States,40.99N,89.47W
1827-08-01,,,Gejiu,China,23.31N,103.98E
1836-08-01,19.833,2.78,Ribeirão Prêto,Brazil,21.70S,47.60W
1855-09-01,27.883000000000003,1.064,Barisal,Bangladesh,23.31N,90.00E
1888-11-01,25.45,0.484,Colombo,Sri Lanka,7.23N,80.27E
1880-08-01,20.298,0.861,Bukavu,Congo (Democratic Republic Of The),2.41S,28.13E
1920-03-01,7.551,0.325,Recklinghausen,Germany,52.24N,7.88E
1885-12-01,24.745,1.3730000000000002,Bulaon,Philippines,15.27N,120.83E
1836-09-01,27.543000000000003,2.096,Gangapur,India,26.52N,77.01E
1868-08-01,,,Songea,Tanzania,10.45S,35.18E
1817-04-01,4.615,2.32,Lübeck,Germany,53.84N,9.55E
1873-12-01,23.267,1.166,Santa Fe,Argentina,31.35S,60.31W
1822-06-01,31.188,1.4469999999999998,Gandhidham,India,23.31N,70.78E
1931-11-01,7.747000000000001,0.357,Saveh,Iran,34.56N,50.59E
1810-09-01,,,Thana,India,18.48N,72.68E
1890-10-01,8.647,0.7,Bergamo,Italy,45.81N,10.38E
2005-08-01,16.726,0.153,Tartu,Estonia,58.66N,27.69E
1937-03-01,19.394,0.616,Yangjiang,China,21.70N,111.63E
1751-03-01,19.527,2.464,Saint Petersburg,United States,28.13N,82.73W
1882-06-01,23.806,0.833,Sumedang,Indonesia,7.23S,107.84E
1975-05-01,25.568,0.19,Gemena,Congo (Democratic Republic Of The),4.02N,20.09E
1888-11-01,27.31,1.252,Jamame,Somalia,0.80N,42.59E
1920-07-01,19.567,0.4,Syzran,Russia,53.84N,47.73E
1974-09-01,24.933000000000003,0.419,Agboville,Côte D'Ivoire,5.63N,4.84W
1785-09-01,15.175999999999998,2.154,Zaporizhzhya,Ukraine,47.42N,34.34E
1864-11-01,,,Tiruvottiyur,India,13.66N,80.09E
2004-05-01,21.988000000000003,0.293,Shangqiu,China,34.56N,114.81E
1955-09-01,8.195,0.124,Neuquen,Argentina,39.38S,68.67W
1971-05-01,25.202,0.308,Paseh,Indonesia,7.23S,107.84E
1864-02-01,-1.927,1.472,Torun,Poland,52.24N,18.39E
1890-08-01,27.725,0.4029999999999999,Khulna,Bangladesh,23.31N,90.00E
1780-04-01,,,Orlando,United States,28.13N,80.91W
1885-02-01,,,Recife,Brazil,8.84S,34.86W
1959-10-01,26.08,0.201,Kpalimé,Togo,7.23N,0.81E
2004-02-01,26.844,0.0969999999999999,Si Racha,Thailand,13.66N,101.56E
1984-06-01,24.95,0.504,João Pessoa,Brazil,7.23S,34.86W
1914-04-01,1.5170000000000003,0.175,Sherbrooke,Canada,45.81N,72.69W
1951-01-01,2.006,0.674,Stara Zagora,Bulgaria,42.59N,26.18E
1975-05-01,17.111,0.3339999999999999,Guarujá,Brazil,23.31S,46.31W
1933-10-01,27.737,0.565,Petrolina,Brazil,8.84S,39.73W
1882-12-01,15.948,0.655,El Mahalla El Kubra,Egypt,31.35N,32.04E
1943-12-01,21.638,0.512,Lusaka,Zambia,15.27S,27.50E
1886-05-01,15.179999999999998,0.561,Kokubunji,Japan,36.17N,139.23E
1971-11-01,7.737999999999999,0.266,Wichita,United States,37.78N,97.63W
1876-12-01,13.954,1.7,Orange,United States,32.95N,117.77W
1877-05-01,10.297,0.563,Plzen,Czech Republic,50.63N,13.94E
1816-12-01,-7.735,2.519,Odintsovo,Russia,55.45N,36.85E
1986-03-01,25.137,0.5,Guatire,Venezuela,10.45N,66.27W
1841-03-01,8.084,4.243,Charleroi,Belgium,50.63N,3.80E
1897-02-01,25.919,1.843,Dawei,Burma,13.66N,98.26E
1810-06-01,,,Norman,United States,34.56N,97.30W
2004-11-01,28.424,0.2739999999999999,Santarém,Brazil,2.41S,55.45W
1981-06-01,25.259,0.332,Chesapeake,United States,36.17N,75.58W
1878-01-01,0.475,1.202,Bremerhaven,Germany,53.84N,9.55E
1926-01-01,-4.513999999999999,0.499,Augsburg,Germany,47.42N,10.66E
2004-11-01,-4.965,0.379,Nancha,China,47.42N,129.08E
1816-02-01,6.309,2.4090000000000003,Murcia,Spain,37.78N,2.03W
1902-10-01,26.642,0.555,Khulna,Bangladesh,23.31N,90.00E
1896-09-01,12.875,0.57,Cork,Ireland,52.24N,7.88W
1879-01-01,15.595999999999998,0.675,Bharatpur,India,26.52N,77.01E
1880-06-01,19.809,1.118,El Monte,United States,34.56N,118.70W
1771-08-01,28.419,2.036,Cape Coral,United States,26.52N,82.39W
1822-06-01,23.436,1.665,Turgutlu,Turkey,37.78N,28.47E
1842-08-01,26.722,1.137,Kuala Terengganu,Malaysia,5.63N,103.32E
1799-06-01,16.766000000000002,2.845,Brasov,Romania,45.81N,26.54E
2011-01-01,2.86,0.282,Toyonaka,Japan,34.56N,136.22E
1983-01-01,-1.6569999999999998,0.236,Jiaozhou,China,36.17N,119.34E
1835-05-01,31.713,2.001,Burewala,Pakistan,29.74N,72.00E
1905-04-01,25.526,1.307,Amroha,India,28.13N,79.09E
1955-07-01,25.082,0.129,Flint,United States,42.59N,82.91W
1870-05-01,12.285,0.727,Osnabrück,Germany,52.24N,7.88E
1869-11-01,5.78,0.521,Watford,United Kingdom,52.24N,0.00W
1847-10-01,23.866,1.584,Hoshiarpur,India,31.35N,75.39E
1868-02-01,20.38,2.123,Halisahar,India,23.31N,88.25E
1845-10-01,18.997,1.4509999999999998,Jiutepec,Mexico,18.48N,99.72W
1802-06-01,15.952,2.18,Mülheim,Germany,50.63N,6.34E
1914-05-01,12.815,0.428,Dabrowa Gornicza,Poland,50.63N,19.01E
1845-07-01,14.218,1.28,Brest,France,49.03N,4.90W
1894-09-01,14.166,0.508,Sivas,Turkey,39.38N,37.46E
1958-07-01,29.015,0.38,Yizheng,China,32.95N,119.68E
1919-01-01,23.894,0.753,São José Do Rio Prêto,Brazil,20.09S,49.48W
2003-02-01,-3.677000000000001,0.316,Liaoyang,China,40.99N,123.55E
1963-04-01,14.175999999999998,0.251,Córdoba,Spain,37.78N,4.07W
1987-06-01,26.935,0.139,Saveh,Iran,34.56N,50.59E
1884-12-01,3.889,0.812,Inazawa,Japan,34.56N,136.22E
1822-10-01,10.142,1.5490000000000002,Kielce,Poland,50.63N,21.55E
2012-11-01,27.54,0.657,Badlapur,India,18.48N,72.68E
1813-03-01,-10.579,3.682,Neftekamsk,Russia,55.45N,53.86E
2006-11-01,21.377,0.325,Ahmadpur East,Pakistan,29.74N,72.00E
1941-01-01,19.986,0.3339999999999999,Nelspruit,South Africa,24.92S,30.15E
1847-03-01,-7.617000000000001,2.727,Engels,Russia,50.63N,46.90E
1837-07-01,28.391,0.99,Bhatpara,India,23.31N,88.25E
1810-11-01,,,Bahraich,India,28.13N,80.91E
1916-08-01,17.4,0.593,Sarajevo,Bosnia And Herzegovina,44.20N,17.89E
1835-05-01,10.035,1.492,Kazan,Russia,55.45N,48.19E
1987-10-01,18.084000000000003,0.142,Fukuyama,Japan,34.56N,134.27E
1861-11-01,25.374,1.794,Carmen,Mexico,18.48N,91.27W
1944-11-01,14.75,0.281,Ecatepec,Mexico,20.09N,98.96W
1922-01-01,26.376,0.5820000000000001,Petaling Jaya,Malaysia,2.41N,102.05E
2003-10-01,8.02,0.136,Dunedin,New Zealand,45.81S,169.62E
1974-08-01,26.604,0.301,Pasarkemis,Indonesia,5.63S,106.55E
1988-01-01,26.731,0.307,Ijero,Nigeria,7.23N,5.68E
1934-11-01,13.104,0.519,Inglewood,United States,34.56N,118.70W
1876-10-01,11.033,0.7,Grenoble,France,45.81N,5.77E
1888-11-01,18.325,2.724,Guadalajara,Mexico,20.09N,104.08W
1982-03-01,22.903,0.865,Tampico,Mexico,21.70N,97.79W
1938-07-01,26.517,0.415,Bauchi,Nigeria,10.45N,10.64E
1863-08-01,22.17,1.147,Kindia,Guinea,10.45N,12.27W
1987-11-01,19.128,0.3279999999999999,Goma,Congo (Democratic Republic Of The),2.41S,29.73E
1902-10-01,17.576999999999998,1.103,Fuling,China,29.74N,107.08E
1957-12-01,22.173,0.316,Minatitlán,Mexico,18.48N,94.65W
1864-03-01,5.340999999999998,3.952,Yangzhou,China,32.95N,119.68E
1840-07-01,27.079,1.013,Bidar,India,18.48N,77.75E
1931-05-01,28.661,0.6709999999999999,Chitradurga,India,13.66N,76.79E
1784-12-01,2.7510000000000003,2.892,Terni,Italy,42.59N,13.09E
1831-08-01,17.295,1.743,Luton,United Kingdom,52.24N,0.00W
1821-03-01,-0.0009999999999998,2.354,Ruda Slaska,Poland,50.63N,19.01E
1786-09-01,21.294,3.422,Greensboro,United States,36.17N,79.56W
1976-08-01,23.238000000000003,0.222,Zhaocheng,China,37.78N,120.00E
1908-04-01,6.073,0.273,Cambridge,United States,42.59N,72.00W
1994-06-01,20.423,0.662,Arequipa,Peru,16.87S,72.00W
1845-06-01,33.824,1.6230000000000002,Abohar,India,29.74N,73.85E
1995-03-01,10.482,0.241,Yushan,China,31.35N,120.63E
1924-11-01,15.050999999999998,0.596,Liuzhou,China,24.92N,109.95E
1918-06-01,17.805999999999997,0.4379999999999999,Tighina,Moldova,47.42N,29.61E
1943-06-01,34.62,0.342,Pakpattan,Pakistan,29.74N,73.85E
1895-09-01,13.952,0.341,Radom,Poland,50.63N,21.55E
1821-11-01,23.55,2.427,Bijapur,India,16.87N,75.35E
1958-06-01,31.859,0.363,Barasat,India,23.31N,88.25E
1965-05-01,25.279,0.412,Bucaramanga,Colombia,7.23N,73.78W
1930-06-01,25.925,0.2689999999999999,Ananindeua,Brazil,0.80S,49.02W
1891-10-01,16.208000000000002,0.726,Linqing,China,36.17N,115.36E
1968-02-01,24.781,1.469,Managua,Nicaragua,12.05N,85.48W
1902-02-01,24.58,0.556,Kolar,India,13.66N,78.44E
1937-08-01,25.535,0.4429999999999999,Tel Aviv Yafo,Israel,31.35N,33.93E
1887-06-01,24.462000000000003,0.911,Ugep,Nigeria,5.63N,8.07E
1783-04-01,7.247999999999999,1.956,Detroit,United States,42.59N,82.91W
1970-03-01,30.479,0.296,Djougou,Benin,10.45N,2.45E
1796-06-01,19.101,4.11,Cluj Napoca,Romania,47.42N,22.50E
1852-08-01,18.267,1.275,Ostrava,Czech Republic,50.63N,19.01E
1825-09-01,14.541,2.518,Zenica,Bosnia And Herzegovina,44.20N,17.89E
1947-06-01,17.804000000000006,0.444,Wolfsburg,Germany,52.24N,10.51E
1952-12-01,24.724,0.257,Londrina,Brazil,23.31S,51.55W
1820-01-01,-8.496,8.221,Boston,United States,42.59N,72.00W
1885-02-01,-4.505,1.91,Hebi,China,36.17N,113.37E
1887-01-01,16.544999999999998,0.9,Haikou,China,20.09N,110.90E
1925-06-01,16.883000000000006,0.382,Usak,Turkey,39.38N,29.13E
1871-11-01,4.66,0.782,Eastbourne,United Kingdom,50.63N,1.27E
1944-04-01,12.383,0.494,East Los Angeles,United States,34.56N,118.70W
1885-09-01,18.209,0.918,Xingtai,China,37.78N,113.90E
1761-12-01,-5.41,1.779,Paterson,United States,40.99N,74.56W
1847-07-01,30.202,1.754,Amroha,India,28.13N,79.09E
1855-12-01,12.713,2.128,Fuzhou,China,26.52N,120.00E
1827-11-01,19.405,1.734,Benha,Egypt,29.74N,31.38E
1797-12-01,4.05,4.034,Derby,United Kingdom,53.84N,1.36W
1817-10-01,0.056,4.13,Orekhovo Zuevo,Russia,55.45N,39.69E
1954-10-01,26.977,0.196,Puerto Princesa,Philippines,10.45N,118.64E
1913-04-01,25.579,0.326,Bintulu,Malaysia,2.41N,113.30E
1845-01-01,2.395,1.6569999999999998,Bradford,United Kingdom,53.84N,1.36W
1845-02-01,12.13,2.091,Khushab,Pakistan,32.95N,71.81E
1943-05-01,25.526,0.256,Pembroke Pines,United States,26.52N,80.60W
1866-08-01,24.842,0.944,Surt,Libya,31.35N,16.96E
1787-02-01,5.1770000000000005,4.386,Gebze,Turkey,40.99N,29.82E
1852-09-01,11.901,0.967,Hohhot,China,40.99N,110.77E
1882-10-01,11.361,0.773,Tarsus,Turkey,37.78N,34.58E
1781-07-01,26.165,3.432,Chesapeake,United States,36.17N,75.58W
1833-01-01,6.074,2.783,Huntsville,United States,34.56N,85.62W
1806-12-01,6.408,3.052,Nijmegen,Netherlands,52.24N,5.26E
1896-11-01,3.95,0.432,Norwich,United Kingdom,52.24N,0.00W
1997-09-01,25.125,0.198,Kinshasa,Congo (Democratic Republic Of The),4.02S,15.27E
1973-08-01,29.924000000000003,0.3929999999999999,Patiala,India,29.74N,75.69E
1906-06-01,25.937,0.352,Bintulu,Malaysia,2.41N,113.30E
1946-05-01,35.632,0.516,Jacobabad,Pakistan,28.13N,68.18E
1910-04-01,8.18,0.312,Vinnytsya,Ukraine,49.03N,29.39E
1809-10-01,7.639000000000001,6.345,Hildesheim,Germany,52.24N,10.51E
1976-02-01,25.994,0.201,Kumbakonam,India,10.45N,79.36E
1907-09-01,28.998,0.386,Allahabad,India,24.92N,81.58E
1869-02-01,22.909,1.55,Ribeirão Pires,Brazil,23.31S,46.31W
1929-02-01,12.998,0.716,Algeciras,Spain,36.17N,5.97W
1941-08-01,22.05,0.208,Madison,United States,42.59N,89.45W
1856-10-01,25.17,0.991,Kochi,India,10.45N,76.09E
1981-11-01,26.638,0.231,Iquitos,Peru,4.02S,73.13W
1951-09-01,13.408,0.295,Yelets,Russia,52.24N,39.42E
1898-03-01,-18.033,3.039,Öskemen,Kazakhstan,50.63N,82.39E
1940-01-01,-0.0169999999999999,0.25,Chofu,Japan,36.17N,139.23E
1987-03-01,25.629,0.2,Rondonópolis,Brazil,16.87S,55.26W
1956-07-01,22.945,0.4589999999999999,Dehui,China,44.20N,125.22E
1956-01-01,22.53700000000001,0.3779999999999999,Mbouda,Cameroon,5.63N,9.69E
1949-08-01,19.231,0.392,Boulogne Billancourt,France,49.03N,2.45E
1823-04-01,28.413,2.889,Pondicherry,India,12.05N,80.55E
1844-07-01,14.242,0.932,Wroclaw,Poland,50.63N,16.48E
1960-11-01,-4.45,0.711,Hami,China,42.59N,93.82E
1958-12-01,9.106,0.297,Chongqing,China,29.74N,107.08E
1920-10-01,27.437,0.597,Bidar,India,18.48N,77.75E
1965-08-01,26.430000000000003,0.178,San Miguelito,Panama,8.84N,80.27W
1908-07-01,24.573,0.682,Qunduz,Afghanistan,36.17N,69.61E
1966-08-01,23.965,0.421,Haicheng,China,40.99N,123.55E
1903-07-01,30.794,0.736,Bettiah,India,26.52N,84.18E
1883-05-01,14.033,2.305,La Serena,Chile,29.74S,72.00W
1881-09-01,12.276,0.469,Villeurbanne,France,45.81N,5.77E
1754-12-01,-8.894,3.064,Saint Paul,United States,45.81N,93.46W
1780-01-01,-4.538,4.7780000000000005,Stavanger,Norway,58.66N,6.15E
1892-05-01,33.963,0.524,Nanded,India,18.48N,77.75E
1875-05-01,18.332,0.507,Izmir,Turkey,37.78N,26.44E
1865-07-01,26.107000000000006,1.035,Tiruppur,India,10.45N,77.73E
1905-02-01,24.249,0.5529999999999999,San Pedro De Macorís,Dominican Republic,18.48N,69.30W
1942-09-01,10.351,0.305,Nizhnekamsk,Russia,55.45N,51.02E
1908-07-01,25.373,0.7020000000000001,Mojokerto,Indonesia,7.23S,112.70E
1825-09-01,14.541,2.518,Sarajevo,Bosnia And Herzegovina,44.20N,17.89E
1967-01-01,25.853,0.241,Taiping,Malaysia,4.02N,100.45E
1932-04-01,27.482,1.0,Lagos,Nigeria,5.63N,3.23E
1936-02-01,-13.993,1.182,Jiayuguan,China,39.38N,97.80E
1809-09-01,13.665,2.615,Limoges,France,45.81N,1.15E
1976-02-01,19.997,0.322,Bukavu,Congo (Democratic Republic Of The),2.41S,28.13E
1869-08-01,17.555999999999997,1.352,Pindamonhangaba,Brazil,23.31S,46.31W
1876-09-01,25.733,1.134,Sanchung,Taiwan,24.92N,120.59E
2011-09-01,19.756,0.239,Inegol,Turkey,39.38N,29.13E
1986-06-01,28.38,0.235,Iligan,Philippines,8.84N,124.05E
1882-03-01,18.453,1.157,Touliu,Taiwan,23.31N,119.71E
1785-06-01,11.61,5.041,Augsburg,Germany,47.42N,10.66E
1904-11-01,14.37,0.5,Salamanca,Mexico,20.09N,100.66W
1973-03-01,-9.392,0.7909999999999999,Nizhnevartovsk,Russia,60.27N,77.84E
1927-03-01,5.388,0.441,Xintai,China,36.17N,117.35E
1948-04-01,18.804,0.291,Santiago Del Estero,Argentina,28.13S,64.55W
1925-10-01,14.095,0.8290000000000001,Panzhihua,China,26.52N,102.09E
1827-09-01,6.3340000000000005,1.259,Irkutsk,Russia,52.24N,105.11E
1860-06-01,,,Lusaka,Zambia,15.27S,27.50E
1778-04-01,5.644,2.833,Dundee,United Kingdom,57.05N,4.43W
1943-03-01,26.839,0.7240000000000001,Naga,Philippines,13.66N,123.03E
1935-08-01,25.163,0.486,Kano,Nigeria,12.05N,8.22E
1897-12-01,10.263,0.5379999999999999,Quetta,Pakistan,29.74N,66.46E
2012-03-01,-6.114999999999998,0.209,Neftekamsk,Russia,55.45N,53.86E
1948-08-01,26.513,0.311,Ziguinchor,Senegal,12.05N,16.44W
1943-10-01,15.169,0.421,Tulancingo,Mexico,20.09N,98.96W
2011-10-01,26.457,0.325,Basti,India,26.52N,82.39E
1981-03-01,-7.455,0.3329999999999999,Nancha,China,47.42N,129.08E
1908-06-01,27.696,0.636,Pak Kret,Thailand,13.66N,99.91E
1754-05-01,11.868,2.849,Yaroslavl,Russia,57.05N,39.84E
1873-07-01,17.839000000000006,0.75,Elektrostal,Russia,55.45N,39.69E
1818-02-01,-2.485,1.365,Bialystok,Poland,53.84N,23.18E
1917-03-01,25.499,1.291,Recife,Brazil,8.84S,34.86W
1907-05-01,14.831,0.615,Salinas,United States,36.17N,121.33W
1804-08-01,18.206000000000003,2.239,Syzran,Russia,53.84N,47.73E
1924-02-01,12.196000000000002,0.402,Hayward,United States,37.78N,122.03W
1766-12-01,1.4269999999999998,4.118,Brussels,Belgium,50.63N,3.80E
1993-04-01,17.166999999999998,0.337,Xiamen,China,24.92N,118.82E
2011-01-01,17.143,0.599,Zapopan,Mexico,20.09N,104.08W
1973-09-01,22.245,0.359,Barretos,Brazil,20.09S,47.77W
1987-06-01,22.92,0.223,Jinhua,China,29.74N,120.00E
1891-02-01,23.322,0.882,Franca,Brazil,20.09S,47.77W
1953-11-01,12.568,0.278,Stockton,United States,37.78N,122.03W
1898-10-01,26.343000000000004,0.422,Neyveli,India,12.05N,78.90E
1942-02-01,21.041,1.162,Soweto,South Africa,26.52S,28.66E
1995-09-01,27.516,0.342,Nanded,India,18.48N,77.75E
1929-12-01,-3.478,1.043,Nevinnomyssk,Russia,44.20N,42.48E
1796-05-01,29.754,1.686,Balurghat,India,24.92N,88.67E
1931-08-01,20.272,0.173,Erzurum,Turkey,39.38N,41.62E
1905-11-01,18.188,0.418,Licheng,China,23.31N,114.47E
1984-11-01,12.16,0.119,Toyota,Japan,34.56N,136.22E
1901-07-01,24.606,0.773,Thessaloníki,Greece,40.99N,23.43E
1952-11-01,10.368,0.568,Qingdao,China,36.17N,121.33E
2011-12-01,3.995,0.544,Karaj,Iran,36.17N,51.71E
1989-12-01,26.307,0.142,Roxas,Philippines,12.05N,123.29E
1968-07-01,21.091,0.265,Novi Sad,Serbia,45.81N,19.62E
1938-12-01,25.497,0.245,Thana,India,18.48N,72.68E
1896-11-01,5.263999999999999,0.639,Bordeaux,France,44.20N,0.00W
1787-08-01,15.985,3.569,Zhukovskiy,Russia,55.45N,36.85E
1875-08-01,27.574,1.177,Bac Lieu,Vietnam,8.84N,106.22E
2003-12-01,-13.972,0.352,Irkutsk,Russia,52.24N,105.11E
1996-07-01,16.58,0.15,Remscheid,Germany,50.63N,6.34E
1821-03-01,12.727,2.764,Richardson,United States,32.95N,96.70W
1914-01-01,9.839,0.807,Huánuco,Peru,10.45S,76.09W
1885-12-01,6.409,0.809,Saint Helens,United Kingdom,53.84N,4.09W
1951-09-01,27.663,0.35,Pyay,Burma,18.48N,94.65E
1827-03-01,14.722,2.214,Netanya,Israel,32.95N,35.43E
1950-02-01,5.803999999999999,0.293,Leicester,United Kingdom,52.24N,0.00W
1803-06-01,22.911,1.673,Denizli,Turkey,37.78N,28.47E
1972-08-01,27.432,0.355,Hòa Bình,Vietnam,20.09N,105.78E
1895-11-01,25.047,0.7759999999999999,Lucena,Philippines,13.66N,121.38E
1986-02-01,-3.008,0.361,Satu Mare,Romania,47.42N,22.50E
1859-07-01,23.901,0.97,Bangui,Central African Republic,4.02N,18.48E
1959-11-01,4.907,0.26,Herne,Germany,52.24N,7.88E
1947-03-01,27.039,0.256,Titagarh,India,23.31N,88.25E
1995-05-01,15.332,0.182,Novomoskovsk,Russia,53.84N,39.55E
1947-02-01,25.34800000000001,0.537,Mahbubnagar,India,16.87N,78.70E
1867-02-01,23.21,1.22,Nova Friburgo,Brazil,21.70S,42.40W
1950-01-01,5.9670000000000005,0.319,Zaragoza,Spain,40.99N,0.00W
1874-02-01,0.4300000000000001,0.633,Springfield,United States,39.38N,89.48W
1851-01-01,22.268,1.5730000000000002,Gudivada,India,16.87N,80.37E
1851-05-01,32.534,1.268,Farrukhabad,India,28.13N,79.09E
1933-11-01,2.207,0.2789999999999999,Vinnytsya,Ukraine,49.03N,29.39E
1818-01-01,18.631,2.984,Anand,India,23.31N,72.52E
1999-08-01,26.082,0.187,Puyang,China,36.17N,115.36E
2013-09-01,,,Milagro,Ecuador,2.41S,79.55W
1882-03-01,9.406,0.444,Terni,Italy,42.59N,13.09E
1849-02-01,,,Banjaran,Indonesia,7.23S,107.84E
1855-09-01,14.027,1.108,Pingliang,China,36.17N,107.40E
1899-04-01,18.794,0.594,Ponta Grossa,Brazil,24.92S,49.66W
1930-08-01,25.925,0.49,Navoi,Uzbekistan,39.38N,64.51E
1867-12-01,5.001,2.998,Roseville,United States,39.38N,120.69W
1909-12-01,23.267,0.359,Raichur,India,16.87N,77.02E
1996-07-01,16.493000000000002,0.207,Enschede,Netherlands,52.24N,7.88E
1957-02-01,26.732,0.624,Santa Rita,Brazil,7.23S,34.86W
1863-12-01,,,Ilawe,Nigeria,7.23N,5.68E
1901-02-01,16.830000000000002,1.476,Nairobi,Kenya,0.80S,36.16E
1814-08-01,28.119,1.418,Deoria,India,26.52N,84.18E
1915-03-01,26.873,0.634,Bhavnagar,India,21.70N,71.83E
1970-08-01,28.259,0.2289999999999999,Hangzhou,China,29.74N,120.00E
1989-01-01,17.865000000000006,0.3929999999999999,Rishra,India,23.31N,88.25E
1890-11-01,23.606,0.632,Raichur,India,16.87N,77.02E
1949-01-01,5.4110000000000005,0.44,Dali,China,26.52N,100.30E
1987-07-01,25.151000000000003,0.102,Akishima,Japan,36.17N,139.23E
1815-05-01,18.094,2.481,Wahran,Algeria,36.17N,0.00W
1848-01-01,-10.970999999999998,1.64,Yinchuan,China,37.78N,105.76E
1861-08-01,28.642,0.8540000000000001,Anbu,China,23.31N,116.21E
1793-04-01,6.157,2.892,Bremen,Germany,53.84N,9.55E
1848-03-01,,,Itagüí,Colombia,5.63N,75.87W
1965-10-01,9.998,0.303,Paterson,United States,40.99N,74.56W
1902-12-01,-13.689,0.958,Jishu,China,44.20N,127.45E
1955-06-01,34.215,0.78,Abadan,Iran,29.74N,48.00E
1955-07-01,26.12,0.5760000000000001,Mianyang,China,31.35N,105.55E
1934-07-01,29.239,0.239,Ambala,India,29.74N,77.54E
1924-11-01,4.283,0.158,Leverkusen,Germany,50.63N,6.34E
1875-07-01,14.762,2.679,Barra Mansa,Brazil,21.70S,44.13W
1857-01-01,5.276,2.325,Siverek,Turkey,37.78N,38.64E
1799-11-01,7.733,2.5380000000000003,Toms River,United States,39.38N,74.91W
1937-06-01,30.499,0.603,Obregon,Mexico,28.13N,110.00W
1868-08-01,24.996,1.429,Rafsanjan,Iran,29.74N,55.38E
1976-06-01,18.036,0.253,Kryvyy Rih,Ukraine,47.42N,34.34E
1794-02-01,3.83,8.99,Frankfurt,Germany,50.63N,8.87E
1895-05-01,21.599,1.142,Bantou,China,24.92N,118.82E
1952-02-01,24.79,0.213,Panvel,India,18.48N,72.68E
1768-05-01,12.233,3.1010000000000004,Zwolle,Netherlands,52.24N,5.26E
1823-10-01,27.509,2.375,Ambattur,India,13.66N,80.09E
1843-10-01,10.195,1.49,Novocherkassk,Russia,47.42N,39.08E
1905-06-01,28.496,0.372,Vung Tau,Vietnam,10.45N,107.18E
1981-08-01,26.35,0.601,Palo Negro,Venezuela,10.45N,67.91W
1986-03-01,4.8180000000000005,0.222,Sagamihara,Japan,36.17N,139.23E
1782-09-01,,,Winnipeg,Canada,50.63N,97.61W
1982-09-01,22.533,0.3289999999999999,Algeciras,Spain,36.17N,5.97W
1869-07-01,18.434,0.759,Chernivtsi,Ukraine,49.03N,26.94E
1957-02-01,20.854,0.3779999999999999,Chandannagar,India,23.31N,88.25E
1983-04-01,11.069,0.242,Rome,Italy,42.59N,13.09E
1930-01-01,23.999,0.505,San José,Costa Rica,10.45N,84.27W
1893-10-01,26.112,0.6729999999999999,Maracaibo,Venezuela,10.45N,71.18W
1882-03-01,7.154,0.475,Sutton Coldfield,United Kingdom,52.24N,2.63W
1958-05-01,18.308,0.315,Cluj Napoca,Romania,47.42N,22.50E
1899-09-01,25.195,0.866,Hsinchu,Taiwan,24.92N,120.59E
1868-12-01,9.435,1.133,Palmdale,United States,34.56N,118.70W
1823-06-01,34.316,2.11,Beawar,India,26.52N,73.43E
1940-07-01,17.654,0.125,San Pablo De Las Salinas,Mexico,20.09N,98.96W
1826-03-01,-1.96,3.116,Velikiy Novgorod,Russia,58.66N,30.77E
1859-09-01,22.217,1.099,Luzhou,China,29.74N,105.23E
1888-05-01,17.579,0.471,Queluz,Portugal,39.38N,8.32W
1827-11-01,22.014,1.49,Asansol,India,23.31N,86.50E
1949-12-01,18.741,0.356,Tlaquepaque,Mexico,20.09N,104.08W
1839-12-01,17.435000000000002,1.988,Agartala,India,23.31N,91.75E
1896-08-01,24.433000000000003,0.7709999999999999,Soreang,Indonesia,7.23S,107.84E
1985-03-01,26.459,0.207,Brebes,Indonesia,7.23S,109.46E
1912-04-01,26.611,0.643,Tanete,Indonesia,5.63S,119.46E
1830-03-01,21.762,1.754,Shillong,India,24.92N,92.22E
1964-07-01,18.327,0.602,Bydgoszcz,Poland,53.84N,17.73E
1949-01-01,25.79,0.346,Nagercoil,India,8.84N,77.03E
1830-09-01,9.135,1.671,Nehe,China,49.03N,124.90E
1875-11-01,-2.029,0.4589999999999999,Waterloo,Canada,44.20N,80.50W
1967-07-01,24.422,0.54,Houma,China,36.17N,111.38E
1905-10-01,15.514,0.547,Maseru,Lesotho,29.74S,27.69E
1972-08-01,2.084,0.342,San Carlos De Bariloche,Argentina,40.99S,70.30W
1939-09-01,18.124,0.1639999999999999,Highlands Ranch,United States,39.38N,104.05W
1968-01-01,5.952999999999999,0.294,Henderson,United States,36.17N,115.36W
1883-04-01,24.102,0.5660000000000001,Purwakarta,Indonesia,7.23S,107.84E
1865-07-01,22.819000000000003,1.378,Horlivka,Ukraine,49.03N,39.18E
1995-08-01,27.672,0.218,Nogales,United States,31.35N,111.20W
1976-06-01,21.895,0.439,Quevedo,Ecuador,0.80S,79.55W
1880-03-01,28.013,1.241,Phnum Pénh,Cambodia,12.05N,105.21E
1836-10-01,23.227,3.548,Yamunanagar,India,29.74N,77.54E
1944-11-01,-2.467,0.37,Cherepovets,Russia,58.66N,36.92E
1966-07-01,16.323999999999998,0.506,Lusaka,Zambia,15.27S,27.50E
1947-03-01,21.297,0.715,Jundiaí,Brazil,23.31S,46.31W
1933-10-01,9.921,0.368,Bataysk,Russia,47.42N,39.08E
1856-08-01,26.612,1.879,Ikoma,Japan,34.56N,136.22E
1747-06-01,,,Vinnitsa,Ukraine,49.03N,29.39E
1943-08-01,20.486,0.33,Jixi,China,45.81N,130.38E
1870-12-01,17.86,1.356,Seoni,India,21.70N,78.75E
1838-07-01,20.798,3.545,Nîmes,France,44.20N,4.47E
1980-09-01,23.818,0.186,Irbid,Jordan,32.95N,35.43E
1935-03-01,27.591,0.308,Mangaluru,India,13.66N,75.14E
1970-02-01,16.871,0.532,Bareli,India,28.13N,79.09E
1882-01-01,26.601,1.136,Mojokerto,Indonesia,7.23S,112.70E
1869-11-01,5.846,0.563,Gent,Belgium,50.63N,3.80E
2005-11-01,15.956,0.128,Ganzhou,China,26.52N,114.63E
2012-02-01,15.552,0.295,Jagadhri,India,29.74N,77.54E
1976-04-01,25.157,0.347,Subang,Indonesia,7.23S,107.84E
1832-02-01,25.961,3.213,Linhares,Brazil,20.09S,39.24W
1888-12-01,-1.59,1.351,Peking,China,39.38N,116.53E
1843-05-01,25.477,1.984,Erode,India,12.05N,77.26E
1901-06-01,21.698,0.635,Cherkasy,Ukraine,49.03N,31.84E
1945-06-01,25.511000000000006,0.45,Koidu,Sierra Leone,8.84N,10.54W
1870-04-01,19.009,1.55,Durango,Mexico,24.92N,104.63W
1856-04-01,,,Mufulira,Zambia,12.05S,27.95E
2005-11-01,29.204,0.259,Maracanaú,Brazil,4.02S,39.38W
1982-07-01,23.525,0.348,Niterói,Brazil,23.31S,42.82W
1953-11-01,20.804,0.24,Guarujá,Brazil,23.31S,46.31W
1997-09-01,28.068,0.377,Wardha,India,20.09N,78.48E
2004-05-01,26.318,0.336,Petrolina,Brazil,8.84S,39.73W
1954-10-01,26.936,0.693,Grogol,Indonesia,7.23S,111.08E
1853-09-01,28.200000000000006,0.956,Sultanpur,India,26.52N,82.39E
1979-03-01,27.69400000000001,0.222,Shah Alam,Malaysia,2.41N,102.05E
1752-08-01,,,Trier,Germany,49.03N,7.35E
1988-06-01,15.649,0.41,Pindamonhangaba,Brazil,23.31S,46.31W
1841-07-01,18.432,1.3159999999999998,Toronto,Canada,44.20N,80.50W
1807-04-01,,,Akola,India,20.09N,76.78E
1982-03-01,20.875,0.1889999999999999,Sukkur,Pakistan,28.13N,68.18E
1886-10-01,25.268,0.8009999999999999,Ilorin,Nigeria,8.84N,4.05E
1912-09-01,20.94400000000001,1.764,Nkongsamba,Cameroon,5.63N,9.69E
1852-06-01,30.662,1.359,Bhopal,India,23.31N,77.77E
1954-04-01,11.998,0.285,Malatya,Turkey,37.78N,38.64E
2004-11-01,11.446000000000002,0.184,Iwatsuki,Japan,36.17N,139.23E
1811-02-01,1.029,5.479,Siegen,Germany,50.63N,8.87E
1849-02-01,16.712999999999994,3.344,Mau,India,26.52N,84.18E
1763-10-01,,,Paterson,United States,40.99N,74.56W
1809-06-01,18.778,1.914,Maragheh,Iran,37.78N,46.78E
1880-07-01,17.320999999999998,0.531,Odense,Denmark,55.45N,11.34E
1890-08-01,26.922,0.6829999999999999,Tiruvannamalai,India,12.05N,78.90E
2002-09-01,13.168,0.2239999999999999,Lublin,Poland,50.63N,21.55E
1773-02-01,-14.507,3.357,Samara,Russia,53.84N,50.45E
1926-02-01,-1.6369999999999998,0.375,Kerch,Ukraine,45.81N,35.77E
1870-07-01,18.601,0.655,Recklinghausen,Germany,52.24N,7.88E
1828-10-01,9.507,1.681,Dublin,Ireland,53.84N,6.82W
1924-10-01,26.181,0.52,Bida,Nigeria,8.84N,5.68E
1843-10-01,23.813,2.101,Pingtung,Taiwan,23.31N,119.71E
1847-10-01,24.903,1.442,Akola,India,20.09N,76.78E
1946-08-01,17.499000000000002,0.354,Salem,United States,44.20N,122.98W
1898-05-01,19.698,1.483,Yizheng,China,32.95N,119.68E
1831-08-01,19.103,1.6469999999999998,Qiqihar,China,47.42N,124.34E
2010-12-01,2.9810000000000003,0.462,Leghorn,Italy,44.20N,11.18E
1909-02-01,25.222,0.597,Masaya,Nicaragua,12.05N,85.48W
1866-03-01,24.626,0.83,Padalarang,Indonesia,7.23S,107.84E
1970-03-01,11.759,0.493,Dunedin,New Zealand,45.81S,169.62E
2004-06-01,18.679,0.534,Santa Clara,United States,37.78N,122.03W
1764-02-01,4.824,3.755,Groningen,Netherlands,53.84N,6.82E
1942-01-01,-6.9110000000000005,0.65,Erzincan,Turkey,39.38N,39.54E
2005-12-01,21.559,0.261,Nizamabad,India,18.48N,77.75E
1979-07-01,27.21,0.204,Barsi,India,18.48N,76.06E
1775-04-01,5.117,1.945,Saint Paul,United States,45.81N,93.46W
1816-02-01,10.645,2.542,Ashdod,Israel,31.35N,33.93E
1901-03-01,8.049,0.508,Konya,Turkey,37.78N,32.54E
1838-06-01,12.456,1.918,Caxias Do Sul,Brazil,29.74S,51.69W
1969-12-01,23.05,0.261,Nandyal,India,15.27N,79.17E
1769-02-01,0.6759999999999999,3.31,Dundee,United Kingdom,57.05N,4.43W
1867-12-01,-0.0419999999999998,1.922,Hagen,Germany,52.24N,7.88E
1925-01-01,24.118,0.552,Subang,Indonesia,7.23S,107.84E
1749-02-01,,,Stoke On Trent,United Kingdom,52.24N,2.63W
1900-04-01,2.37,0.546,Aqtöbe,Kazakhstan,50.63N,57.04E
1951-09-01,27.602,0.401,Mbour,Senegal,13.66N,17.34W
1974-04-01,9.208,0.221,Ruse,Bulgaria,44.20N,26.83E
1839-02-01,14.927,1.953,Ismailia,Egypt,31.35N,32.04E
1979-04-01,6.6160000000000005,0.2769999999999999,Vancouver,Canada,49.03N,122.45W
1998-02-01,6.593999999999999,0.1889999999999999,Kurashiki,Japan,34.56N,134.27E
1999-08-01,26.172,0.175,Yongan,China,26.52N,118.21E
1979-03-01,5.285,0.17,Bellevue,United States,47.42N,121.97W
1914-05-01,17.25,0.752,Dalian,China,39.38N,120.69E
1806-04-01,26.15,2.736,Saharsa,India,26.52N,85.97E
1942-02-01,3.747,0.175,Komaki,Japan,34.56N,136.22E
2002-10-01,12.316,1.2819999999999998,Aksu,China,40.99N,80.95E
2012-01-01,22.006,0.47,Maradi,Niger,13.66N,7.43E
1959-11-01,15.717,0.32,Glendale,United States,32.95N,112.02W
1951-03-01,3.5380000000000003,0.213,Bonn,Germany,50.63N,6.34E
1976-05-01,26.988000000000003,0.288,Villahermosa,Mexico,18.48N,92.96W
1931-04-01,17.712999999999994,0.256,Ponta Grossa,Brazil,24.92S,49.66W
1937-08-01,24.904,0.623,Terrassa,Spain,40.99N,2.13E
1895-05-01,25.305,0.7959999999999999,Rawang,Malaysia,4.02N,102.05E
1990-12-01,4.445,0.35,Takaoka,Japan,36.17N,137.24E
1896-07-01,26.712,0.4679999999999999,Palembang,Indonesia,2.41S,105.27E
1968-03-01,13.295,0.156,Cadiz,Spain,36.17N,5.97W
1913-04-01,27.322,0.664,Managua,Nicaragua,12.05N,85.48W
1914-07-01,27.335,0.506,Gorgan,Iran,36.17N,53.70E
1901-11-01,11.799,0.563,Charleston,United States,32.95N,79.47W
1983-02-01,19.44400000000001,0.428,Rajshahi,Bangladesh,24.92N,88.67E
1888-12-01,1.644,0.872,Saint Étienne,France,45.81N,3.46E
1969-10-01,25.841,0.413,Bid,India,18.48N,76.06E
1962-05-01,27.022,0.256,Pasuruan,Indonesia,7.23S,112.70E
1846-12-01,8.222000000000001,1.239,Santander,Spain,44.20N,4.47W
1880-06-01,23.036,1.42,Mashhad,Iran,36.17N,59.67E
1968-12-01,24.738000000000003,0.513,Mokolo,Cameroon,10.45N,13.91E
1937-01-01,1.25,0.655,Varna,Bulgaria,42.59N,28.36E
1988-02-01,-8.167000000000002,0.292,Shenyang,China,40.99N,123.55E
2002-04-01,17.116,0.2789999999999999,Winston Salem,United States,36.17N,79.56W
1964-12-01,-3.637000000000001,0.1639999999999999,Vladimir,Russia,55.45N,39.69E
1753-07-01,22.889,2.296,Madison,United States,42.59N,89.45W
1968-02-01,8.106,0.421,Zhangzhou,China,24.92N,117.04E
1868-01-01,4.351,2.021,Nagoya,Japan,34.56N,136.22E
1749-03-01,,,Oldham,United Kingdom,53.84N,1.36W
2012-03-01,8.325,0.162,Novi Sad,Serbia,45.81N,19.62E
1984-08-01,26.424,0.196,Santarém,Brazil,2.41S,55.45W
1966-12-01,-0.2689999999999999,0.69,Mulhouse,France,47.42N,8.29E
2006-09-01,16.098,0.262,Kayseri,Turkey,39.38N,35.38E
1995-12-01,-1.296,0.516,Armavir,Russia,45.81N,40.38E
1900-11-01,26.627,0.534,Owerri,Nigeria,5.63N,6.46E
1966-12-01,27.028,0.412,Maicao,Colombia,12.05N,72.33W
1846-06-01,,,Chinandega,Nicaragua,12.05N,87.12W
1856-04-01,27.672,0.855,Pondicherry,India,12.05N,80.55E
1902-05-01,30.876,0.7709999999999999,Raniganj,India,23.31N,86.50E
1977-09-01,27.082,0.3989999999999999,Bahraich,India,28.13N,80.91E
1808-01-01,-3.835,2.512,Pinsk,Belarus,52.24N,26.28E
1752-04-01,7.747000000000001,1.89,Gelsenkirchen,Germany,52.24N,7.88E
1765-02-01,-1.3730000000000002,3.873,Braila,Romania,45.81N,28.85E
1976-03-01,11.59,0.317,Nador,Morocco,34.56N,3.89W
1805-09-01,14.544,3.467,Mannheim,Germany,49.03N,7.35E
1925-04-01,32.972,0.297,Warangal,India,18.48N,79.44E
1900-09-01,26.157,0.852,Rangkasbitung,Indonesia,5.63S,106.55E
1850-08-01,27.041,1.068,Raurkela,India,21.70N,85.67E
2004-05-01,12.319,0.23,Birmingham,United Kingdom,52.24N,2.63W
1936-05-01,24.059,0.4479999999999999,Ejido,Venezuela,8.84N,70.54W
1836-07-01,,,Uruapan,Mexico,20.09N,102.37W
1896-09-01,18.927,0.342,Rimini,Italy,44.20N,13.42E
1943-10-01,20.665,0.25,Americana,Brazil,23.31S,48.06W
1900-03-01,15.573,0.351,Baton Rouge,United States,29.74N,90.46W
1874-12-01,18.945,1.114,Ibagué,Colombia,4.02N,74.73W
1894-11-01,4.760999999999999,0.8240000000000001,Lakewood,United States,39.38N,104.05W
1796-01-01,1.5050000000000008,3.528,Rzeszow,Poland,50.63N,21.55E
1775-09-01,20.855,2.532,Sabadell,Spain,40.99N,2.13E
1754-07-01,25.307,2.349,Springfield,United States,39.38N,89.48W
1869-08-01,18.871,0.943,Debrecen,Hungary,47.42N,22.50E
1988-03-01,30.865,0.372,Makurdi,Nigeria,7.23N,8.92E
1912-05-01,26.489,0.406,Metro,Indonesia,5.63S,104.93E
1912-01-01,0.821,0.5479999999999999,Groningen,Netherlands,53.84N,6.82E
1871-10-01,26.697,0.723,Mandalay,Burma,21.70N,96.06E
2009-03-01,20.253,0.797,Iquique,Chile,20.09S,69.95W
1802-09-01,29.35,1.735,Kamarhati,India,23.31N,88.25E
1754-12-01,-1.659,3.026,Rostov Na Donu,Russia,47.42N,39.08E
1772-01-01,,,Cape Coral,United States,26.52N,82.39W
1859-05-01,13.635,0.8490000000000001,Gyumri,Armenia,40.99N,44.73E
1977-09-01,21.991,0.268,Toluca,Mexico,18.48N,99.72W
1918-07-01,23.415,0.596,Jerez,Spain,36.17N,5.97W
1940-11-01,25.852,0.507,Manado,Indonesia,0.80N,124.55E
1774-06-01,24.494,6.167000000000001,Jaén,Spain,37.78N,4.07W
1916-04-01,20.75,0.935,Colima,Mexico,20.09N,104.08W
1912-04-01,26.573,0.233,Pemalang,Indonesia,7.23S,109.46E
1828-02-01,,,Klang,Malaysia,2.41N,102.05E
1959-01-01,-12.329,0.245,Sioux Falls,United States,44.20N,96.15W
1913-05-01,12.075,0.2319999999999999,Norwich,United Kingdom,52.24N,0.00W
1832-07-01,17.857,2.698,Rio Claro,Brazil,21.70S,47.60W
1908-04-01,19.45,0.509,Ferraz De Vasconcelos,Brazil,23.31S,46.31W
1893-03-01,6.382999999999999,0.432,Ede,Netherlands,52.24N,5.26E
1999-05-01,32.63,0.433,Amritsar,India,31.35N,75.39E
1828-08-01,28.524,1.5830000000000002,Bally,India,23.31N,88.25E
2001-02-01,2.519,0.162,Ageo,Japan,36.17N,139.23E
1896-10-01,3.638,0.529,Dundee,United Kingdom,57.05N,4.43W
1997-08-01,20.416,0.442,Cariacica,Brazil,20.09S,40.95W
1843-02-01,11.432,1.538,Tirana,Albania,40.99N,19.17E
1899-06-01,25.122,0.713,Oshogbo,Nigeria,7.23N,4.05E
1883-08-01,13.635,1.035,Guarapuava,Brazil,24.92S,51.43W
1941-03-01,21.198,0.532,La Rioja,Argentina,29.74S,66.46W
1949-12-01,22.462,0.424,Guntur,India,16.87N,80.37E
1907-10-01,17.718,0.3829999999999999,Wuhu,China,31.35N,118.74E
1860-01-01,-4.965,1.281,Vladikavkaz,Russia,42.59N,43.64E
2003-01-01,3.695,0.15,Sanda,Japan,34.56N,134.27E
2009-11-01,5.057,0.206,Volgodonsk,Russia,47.42N,41.45E
2001-04-01,21.131,0.408,Kisumu,Kenya,0.80S,34.55E
1930-07-01,26.254,0.2289999999999999,Pamanukan,Indonesia,5.63S,108.16E
1809-01-01,2.6,4.845,Ferrara,Italy,44.20N,11.18E
1976-06-01,23.135,0.196,Bojnurd,Iran,37.78N,56.95E
1858-04-01,9.403,1.477,Lincoln,United States,40.99N,95.86W
2008-08-01,17.7,0.395,Balashikha,Russia,55.45N,36.85E
1778-10-01,7.838999999999999,7.558,Trier,Germany,49.03N,7.35E
1794-04-01,10.664,2.181,Norwich,United Kingdom,52.24N,0.00W
1901-02-01,12.853000000000002,1.004,Jiroft,Iran,28.13N,57.27E
1949-12-01,13.095,0.1689999999999999,Idlib,Syria,36.17N,35.80E
1846-01-01,27.555,1.812,Ayer Itam,Malaysia,5.63N,100.09E
1753-02-01,-1.975,3.259,Timisoara,Romania,45.81N,21.92E
1949-12-01,17.022000000000002,0.429,Asansol,India,23.31N,86.50E
1790-05-01,14.138,2.177,Brunswick,Germany,52.24N,10.51E
1993-08-01,23.765,0.478,Glendale,United States,34.56N,118.70W
1958-08-01,22.934,0.3379999999999999,Izmit,Turkey,40.99N,29.82E
1987-09-01,29.35,0.502,Karnal,India,29.74N,77.54E
1990-07-01,18.828,0.201,Syzran,Russia,53.84N,47.73E
1972-02-01,6.224,0.336,Perugia,Italy,42.59N,13.09E
1810-07-01,,,Tadepallegudem,India,16.87N,82.05E
2007-10-01,26.595,0.289,Chishtian Mandi,Pakistan,29.74N,72.00E
2009-12-01,25.12,0.485,Kankan,Guinea,10.45N,9.00W
1991-07-01,25.03,0.347,Abuja,Nigeria,8.84N,7.30E
1933-02-01,16.906,0.456,Guwahati,India,26.52N,91.34E
1924-01-01,25.241,0.358,La Rioja,Argentina,29.74S,66.46W
1912-10-01,-1.763,0.888,Wuwei,China,37.78N,101.69E
1912-09-01,11.913,0.8220000000000001,Szeged,Hungary,45.81N,19.62E
2003-07-01,13.88,0.654,São Leopoldo,Brazil,29.74S,51.69W
1872-01-01,13.851,1.949,Dharan,Nepal,26.52N,87.76E
1966-09-01,21.006,0.39,Palermo,Italy,37.78N,14.24E
1946-03-01,26.245,0.813,Santiago,Philippines,16.87N,122.23E
1977-04-01,15.754,0.2189999999999999,Yokosuka,Japan,34.56N,140.11E
1834-01-01,18.919,1.75,Maymyo,Burma,21.70N,96.06E
1968-06-01,18.406,0.412,Sogamoso,Colombia,5.63N,72.65W
1867-07-01,12.387,1.816,Oslo,Norway,60.27N,9.73E
1818-04-01,29.137,6.31,Chandannagar,India,23.31N,88.25E
1975-08-01,23.745,0.685,Abeokuta,Nigeria,7.23N,4.05E
1984-05-01,10.385,0.261,Wiesbaden,Germany,50.63N,8.87E
1811-02-01,,,Allahabad,India,24.92N,81.58E
1964-09-01,24.106,0.198,Gandajika,Congo (Democratic Republic Of The),7.23S,23.51E
1901-12-01,3.4850000000000003,0.82,Salem,United States,44.20N,122.98W
1956-01-01,1.655,0.351,Fujimi,Japan,36.17N,139.23E
1958-10-01,12.956,0.257,Taian,China,36.17N,117.35E
1950-06-01,26.585,0.312,Warri,Nigeria,5.63N,6.46E
1886-11-01,18.946,0.446,Okara,Pakistan,31.35N,73.51E
1958-04-01,12.515,0.401,Murcia,Spain,37.78N,2.03W
1911-12-01,1.872,0.431,Halle,Germany,50.63N,11.41E
1860-06-01,16.247,1.232,Quito,Ecuador,0.80S,77.95W
1925-12-01,-21.086,0.6609999999999999,Blagoveshchensk,Russia,50.63N,128.03E
1876-04-01,26.089,1.223,Loa Janan,Indonesia,0.80S,116.52E
1864-07-01,14.984000000000002,1.453,Kadoma,Zimbabwe,18.48S,30.42E
1916-04-01,27.529,0.365,Meycauayan,Philippines,15.27N,120.83E
1827-04-01,6.3420000000000005,4.997,Tartu,Estonia,58.66N,27.69E
1864-06-01,16.429000000000002,1.275,Ottawa,Canada,45.81N,75.00W
1988-07-01,24.984,0.345,Lembang,Indonesia,7.23S,107.84E
1761-08-01,18.217,3.526,Wuppertal,Germany,50.63N,6.34E
2006-04-01,30.827,0.546,Lafiagi,Nigeria,8.84N,5.68E
1887-03-01,25.691,1.23,Taytay,Philippines,15.27N,120.83E
1878-02-01,22.36,0.993,Khulna,Bangladesh,23.31N,90.00E
1905-06-01,11.796,1.009,Mar Del Plata,Argentina,37.78S,56.95W
1865-03-01,0.3680000000000001,1.221,Colorado Springs,United States,39.38N,104.05W
1958-05-01,9.653,0.324,Sarapul,Russia,57.05N,54.59E
1935-07-01,15.343,0.145,Glazov,Russia,58.66N,52.31E
1887-11-01,3.612,0.95,Vinnytsya,Ukraine,49.03N,29.39E
1898-02-01,20.39,0.932,Katumba,Tanzania,8.84S,33.24E
2008-03-01,9.484,0.162,Hiroshima,Japan,34.56N,132.32E
1951-03-01,23.742,0.525,Salalah,Oman,16.87N,53.58E
1873-10-01,12.151,0.47,Ankara,Turkey,39.38N,33.29E
1756-05-01,14.441,4.775,Getafe,Spain,40.99N,4.26W
1883-06-01,26.564,1.3769999999999998,Heze,China,34.56N,114.81E
2009-04-01,5.832999999999999,0.293,Yichun,China,47.42N,129.08E
1999-04-01,11.929,0.204,Hachioji,Japan,36.17N,139.23E
1871-01-01,-19.915,1.915,Pavlodar,Kazakhstan,52.24N,76.20E
1876-08-01,23.646,0.91,Oxnard,United States,34.56N,118.70W
1910-11-01,25.701,0.7070000000000001,Panvel,India,18.48N,72.68E
1963-04-01,13.452,0.282,Himeji,Japan,34.56N,134.27E
1960-10-01,29.033,0.45,Diourbel,Senegal,15.27N,15.83W
1968-06-01,15.842999999999998,0.684,Barueri,Brazil,23.31S,46.31W
1854-05-01,18.143,1.455,Engels,Russia,50.63N,46.90E
1856-12-01,-17.503,2.399,Hegang,China,47.42N,131.45E
1979-07-01,22.963,0.569,Maragheh,Iran,37.78N,46.78E
1790-10-01,8.915,3.848,Bradford,United Kingdom,53.84N,1.36W
1864-10-01,5.4140000000000015,1.574,Sioux Falls,United States,44.20N,96.15W
1957-06-01,18.288,0.52,Hadano,Japan,36.17N,139.23E
1861-08-01,28.06600000000001,1.297,Pate,Taiwan,24.92N,120.59E
1886-01-01,-15.576999999999998,3.912,Achinsk,Russia,57.05N,90.00E
1787-10-01,10.749,9.142,Leiden,Netherlands,52.24N,5.26E
1849-04-01,16.723999999999997,1.746,Ramat Gan,Israel,32.95N,35.43E
1866-12-01,4.127,1.133,Rome,Italy,42.59N,13.09E
1921-03-01,27.169,0.626,Juba,Sudan,4.02N,31.34E
1935-07-01,23.764000000000006,0.306,Tumkur,India,13.66N,76.79E
2008-07-01,31.36,0.351,Ambattur,India,13.66N,80.09E
1965-03-01,25.539,0.502,Cabudare,Venezuela,10.45N,69.55W
1879-11-01,17.185000000000002,0.917,Tripoli,Libya,32.95N,12.45E
1979-08-01,34.282000000000004,0.4,Sharjah,United Arab Emirates,24.92N,54.98E
1782-11-01,13.863,7.108,Reggio Di Calabria,Italy,37.78N,16.27E
1821-12-01,-11.247,3.699,Sioux Falls,United States,44.20N,96.15W
1841-05-01,,,Subang,Indonesia,7.23S,107.84E
1810-02-01,,,Tenali,India,16.87N,80.37E
1976-08-01,25.971,0.281,Surt,Libya,31.35N,16.96E
1960-05-01,27.735,0.321,Zaria,Nigeria,10.45N,7.36E
1955-08-01,28.091,0.392,Huangpu,China,23.31N,112.72E
1873-03-01,27.324,1.233,Rajamahendri,India,16.87N,82.05E
1897-12-01,-18.088,1.248,Rubtsovsk,Russia,52.24N,81.46E
1910-03-01,24.112,1.145,Marília,Brazil,21.70S,49.33W
1949-01-01,16.078,0.524,Hathras,India,28.13N,77.27E
1970-04-01,29.468000000000004,0.32,Jaffna,Sri Lanka,8.84N,80.27E
1981-12-01,0.1159999999999996,0.291,Basildon,United Kingdom,52.24N,0.00W
1744-10-01,5.376,2.076,Pavlohrad,Ukraine,49.03N,36.73E
2010-04-01,8.602,0.131,Manchester,United Kingdom,53.84N,1.36W
1831-02-01,,,Blitar,Indonesia,8.84S,112.70E
1963-06-01,22.499,0.122,Houma,China,36.17N,111.38E
1931-08-01,34.069,0.237,Dadu,Pakistan,26.52N,68.06E
1972-07-01,27.504,0.46,Pontianak,Indonesia,0.80S,110.09E
1829-02-01,21.505,2.66,Malegaon,India,20.09N,75.07E
1980-01-01,15.57,0.645,Deoria,India,26.52N,84.18E
1972-09-01,14.611,0.281,Bloemfontein,South Africa,29.74S,25.85E
1882-09-01,30.692,0.486,Jacobabad,Pakistan,28.13N,68.18E
1873-11-01,-4.477,0.7759999999999999,Ulyanovsk,Russia,53.84N,47.73E
1919-07-01,17.248,0.347,Buzau,Romania,45.81N,26.54E
2001-03-01,8.673,0.245,Zhoucun,China,36.17N,117.35E
1803-02-01,10.69,1.84,Ajdabiya,Libya,31.35N,20.73E
1778-09-01,9.592,2.063,Petrozavodsk,Russia,61.88N,35.66E
1771-10-01,8.446,2.0980000000000003,Vinnitsa,Ukraine,49.03N,29.39E
1944-01-01,4.373,0.344,Witten,Germany,52.24N,7.88E
1934-12-01,21.39,0.474,Campinas,Brazil,23.31S,46.31W
1978-02-01,27.134,0.231,Gemena,Congo (Democratic Republic Of The),4.02N,20.09E
1857-05-01,20.376,0.82,Mobile,United States,31.35N,88.59W
1917-03-01,4.899000000000001,0.56,Móstoles,Spain,40.99N,4.26W
1917-08-01,23.32,0.372,Clarksville,United States,36.17N,87.51W
1955-11-01,7.708000000000001,0.2189999999999999,Split,Croatia,44.20N,15.65E
1873-02-01,3.0290000000000004,3.438,Ichinomiya,Japan,34.56N,136.22E
1947-03-01,18.805,0.531,Florencia,Colombia,2.41N,76.34W
1958-04-01,27.566,0.364,Oyo,Nigeria,7.23N,4.05E
2011-03-01,29.609,0.81,Iseyin,Nigeria,7.23N,4.05E
1889-04-01,3.8850000000000007,1.329,Pavlodar,Kazakhstan,52.24N,76.20E
1975-02-01,23.251,0.336,San Luis,Argentina,32.95S,66.06W
1873-01-01,22.96,1.064,Pathein,Burma,16.87N,95.44E
1954-06-01,22.966,0.306,Changzhou,China,31.35N,120.63E
1972-04-01,11.304,0.238,Nis,Serbia,42.59N,21.82E
1816-02-01,-2.343,2.765,Monza,Italy,45.81N,10.38E
1982-07-01,24.288,0.358,Xingtai,China,37.78N,113.90E
1759-03-01,4.093,3.585,Lyon,France,45.81N,5.77E
1889-08-01,21.731,0.472,Alexandria,United States,39.38N,76.99W
1946-01-01,-26.756,1.329,Hailar,China,49.03N,120.00E
1898-02-01,5.806,0.599,Chesapeake,United States,36.17N,75.58W
1915-04-01,19.252,0.66,Pereira,Colombia,5.63N,75.87W
1930-04-01,8.831,0.233,Amersfoort,Netherlands,52.24N,5.26E
1819-02-01,0.3889999999999998,4.261,Katowice,Poland,50.63N,19.01E
1963-11-01,19.432,0.546,Kot Addu,Pakistan,29.74N,70.15E
1943-06-01,21.549,0.131,Toyokawa,Japan,34.56N,138.16E
1788-10-01,7.658999999999999,3.323,Odense,Denmark,55.45N,11.34E
1846-05-01,26.369,1.915,Guantánamo,Cuba,20.09N,75.07W
1890-05-01,24.58,0.754,Ciudad Guayana,Venezuela,8.84N,62.43W
1783-07-01,22.656,2.3080000000000003,Florence,Italy,44.20N,11.18E
1779-12-01,3.552,10.669,Emmen,Netherlands,52.24N,7.88E
1895-05-01,12.066,0.24,West Bromwich,United Kingdom,52.24N,2.63W
1946-08-01,11.73,0.437,Rustenburg,South Africa,26.52S,26.87E
1965-07-01,17.488999999999994,0.245,Winnipeg,Canada,50.63N,97.61W
1980-09-01,19.572000000000006,0.381,Fianarantsoa,Madagascar,21.70S,47.60E
2007-01-01,-7.678000000000001,0.246,Sioux Falls,United States,44.20N,96.15W
1953-05-01,15.608999999999998,0.358,Tsuchiura,Japan,36.17N,139.23E
1843-02-01,-1.5540000000000005,1.336,Pskov,Russia,57.05N,28.03E
1875-01-01,5.403,1.253,Huangyan,China,28.13N,120.91E
1878-11-01,3.248,1.014,Birmingham,United Kingdom,52.24N,2.63W
2007-12-01,-0.4340000000000001,0.262,Wichita,United States,37.78N,97.63W
1854-03-01,26.637,0.865,Rajpur,India,23.31N,88.25E
1928-07-01,15.44,0.34,Brisbane,Australia,28.13S,153.64E
1993-05-01,10.05,0.352,Vladikavkaz,Russia,42.59N,43.64E
2004-10-01,26.542,0.418,Adilabad,India,20.09N,78.48E
1966-01-01,24.506,0.7140000000000001,Macaé,Brazil,21.70S,42.40W
1954-05-01,18.984,0.256,Shunyi,China,39.38N,116.53E
1914-05-01,20.506,0.611,Guatemala,Guatemala,15.27N,90.83W
1795-05-01,18.694000000000003,4.428,Chesapeake,United States,36.17N,75.58W
2000-05-01,11.417,0.312,Kingston Upon Hull,United Kingdom,53.84N,1.36W
1869-11-01,0.016,0.56,Lansing,United States,42.59N,85.09W
1931-03-01,22.788,0.4529999999999999,Sumaré,Brazil,23.31S,48.06W
1918-09-01,26.129,0.61,San Miguelito,Panama,8.84N,80.27W
1983-04-01,27.992,0.1889999999999999,Rangkasbitung,Indonesia,5.63S,106.55E
1858-08-01,23.8,1.153,Amol,Iran,36.17N,51.71E
1973-04-01,29.783,0.551,Porbandar,India,21.70N,70.10E
2000-11-01,11.654000000000002,0.667,Urfa,Turkey,37.78N,38.64E
1980-10-01,24.333,0.305,Gandajika,Congo (Democratic Republic Of The),7.23S,23.51E
1939-03-01,25.922,0.2189999999999999,Kolhapur,India,16.87N,73.67E
1972-09-01,12.934,0.324,Longjiang,China,47.42N,124.34E
2008-01-01,0.5430000000000001,0.196,Yingzhong,China,31.35N,113.09E
1948-04-01,8.301,0.449,Pavlohrad,Ukraine,49.03N,36.73E
1837-11-01,,,Padalarang,Indonesia,7.23S,107.84E
1821-02-01,-13.184,2.782,Qianguo,China,45.81N,125.77E
1882-10-01,12.191,0.272,Windsor,United States,42.59N,82.91W
1963-06-01,25.714,0.7979999999999999,La Vega,Dominican Republic,18.48N,70.99W
1879-06-01,25.226,0.919,Karang Tengah,Indonesia,7.23S,106.22E
1949-04-01,9.771,0.289,Gliwice,Poland,50.63N,19.01E
1826-08-01,26.953000000000003,1.328,Rajamahendri,India,16.87N,82.05E
1974-06-01,18.803,0.179,Gongzhuling,China,44.20N,125.22E
1925-06-01,17.587,0.462,Monza,Italy,45.81N,10.38E
1919-10-01,4.114000000000001,1.357,Hohhot,China,40.99N,110.77E
1838-05-01,31.790000000000006,1.32,Mahesana,India,23.31N,72.52E
1852-07-01,13.804,1.4509999999999998,Bergen,Norway,60.27N,6.49E
1930-03-01,21.008000000000003,0.882,Oaxaca,Mexico,16.87N,97.12W
1948-09-01,10.662,0.22,Odintsovo,Russia,55.45N,36.85E
1950-06-01,25.51,0.206,Daloa,Côte D'Ivoire,7.23N,5.68W
1832-10-01,21.738000000000003,1.901,Misratah,Libya,32.95N,14.36E
1884-11-01,2.28,0.496,Brunswick,Germany,52.24N,10.51E
1875-05-01,14.403,0.451,Würzburg,Germany,49.03N,9.80E
1998-12-01,19.273,0.127,Thanh Hóa,Vietnam,20.09N,105.78E
1935-10-01,27.576,0.2239999999999999,Vung Tau,Vietnam,10.45N,107.18E
1992-08-01,28.118,0.1639999999999999,Dhanbad,India,23.31N,86.50E
1880-07-01,24.291,0.524,Satara,India,16.87N,73.67E
2011-05-01,29.546000000000006,0.358,Panvel,India,18.48N,72.68E
1881-11-01,26.189,1.199,Ikirun,Nigeria,7.23N,4.05E
1987-10-01,19.471,0.1159999999999999,Jiangyin,China,31.35N,120.63E
1893-05-01,28.688,0.595,Naihati,India,23.31N,88.25E
1895-10-01,7.143000000000002,0.294,Aberdeen,United Kingdom,57.05N,1.48W
1938-06-01,24.074,0.8340000000000001,Shahe,China,36.17N,115.36E
1924-11-01,25.509,0.485,Pringsewu,Indonesia,5.63S,104.93E
2012-05-01,22.786,0.3329999999999999,Yingzhong,China,31.35N,113.09E
1901-04-01,23.614,0.738,Jalpaiguri,India,26.52N,89.55E
1872-01-01,6.017,2.116,Sunrise Manor,United States,36.17N,115.36W
1857-10-01,26.348000000000003,0.938,Kingston,Jamaica,18.48N,76.06W
1776-11-01,-0.498,3.751,Volzhskiy,Russia,49.03N,44.08E
1958-03-01,22.3,0.44,Chapecó,Brazil,26.52S,53.73W
1855-01-01,-10.313,2.391,Kursk,Russia,52.24N,36.79E
1834-08-01,23.09,1.368,Ancona,Italy,44.20N,13.42E
1905-10-01,11.657,0.59,Peking,China,39.38N,116.53E
1951-02-01,26.107,0.481,Cikarang,Indonesia,5.63S,106.55E
1769-03-01,6.544,4.428,Tekirdag,Turkey,40.99N,27.69E
1884-05-01,15.262,1.408,Mutare,Zimbabwe,18.48S,32.11E
1949-07-01,25.244,0.3979999999999999,Korla,China,40.99N,85.21E
1835-11-01,20.4,1.526,Nawabganj,Bangladesh,24.92N,88.67E
1813-08-01,28.105,1.152,Ulubaria,India,23.31N,88.25E
1996-12-01,19.582,0.2789999999999999,Boksburg,South Africa,26.52S,28.66E
1914-04-01,26.69,0.2739999999999999,Johor Bahru,Malaysia,0.80N,103.66E
1958-04-01,15.957,0.226,Hanzhong,China,32.95N,106.28E
1967-08-01,18.021,0.349,Kaluga,Russia,53.84N,36.82E
1909-03-01,16.512,0.851,Quito,Ecuador,0.80S,77.95W
1869-06-01,17.784000000000002,1.599,Mexico,Mexico,20.09N,98.96W
1947-01-01,19.732,0.306,Sogamoso,Colombia,5.63N,72.65W
1995-02-01,5.323,0.344,Bratislava,Slovakia,47.42N,17.76E
1918-03-01,25.406,0.292,Kebumen,Indonesia,7.23S,109.46E
1937-07-01,25.201,0.433,Bénin,Nigeria,7.23N,5.68E
1992-11-01,7.444,0.293,Cambridge,United Kingdom,52.24N,0.00W
1874-12-01,14.739,1.746,Rewari,India,28.13N,77.27E
1986-05-01,27.269,0.412,Ise,Nigeria,7.23N,5.68E
1888-03-01,5.622000000000001,0.847,Evansville,United States,37.78N,87.46W
2009-10-01,9.755,0.312,Kremenchuk,Ukraine,49.03N,34.29E
1969-04-01,9.096,0.439,Toulouse,France,44.20N,2.24E
1820-10-01,7.356,1.073,Stoke On Trent,United Kingdom,52.24N,2.63W
1982-06-01,16.898,0.3279999999999999,Antananarivo,Madagascar,18.48S,47.32E
1849-12-01,2.6860000000000004,1.229,Alcalá De Henares,Spain,40.99N,4.26W
1937-01-01,26.526,0.311,Bacolod,Philippines,10.45N,123.55E
1949-12-01,15.401,0.449,Patna,India,24.92N,85.12E
1885-03-01,18.756,0.75,Wollongong,Australia,34.56S,151.78E
1940-07-01,11.102,0.503,Bergen,Norway,60.27N,6.49E
1891-11-01,13.484000000000002,0.657,Tlalnepantla,Mexico,20.09N,98.96W
1855-05-01,23.999,1.6469999999999998,Garland,United States,32.95N,96.70W
1904-01-01,23.734,0.873,San Cristóbal,Dominican Republic,18.48N,69.30W
1774-04-01,8.951,6.007000000000001,Lausanne,Switzerland,45.81N,5.77E
1982-03-01,8.238999999999999,0.18,Naples,Italy,40.99N,14.91E
1758-06-01,20.566,4.821000000000001,Florence,Italy,44.20N,11.18E
1922-03-01,26.88,0.255,Ichalkaranji,India,16.87N,73.67E
1880-03-01,26.826,0.787,Baleshwar,India,21.70N,87.40E
1910-03-01,4.774,0.735,Tongchuan,China,34.56N,108.97E
1983-03-01,7.058,0.176,Edirne,Turkey,42.59N,26.18E
1820-02-01,13.279000000000002,3.509,Savannah,United States,31.35N,81.05W
1815-09-01,27.402,1.31,Khammam,India,16.87N,80.37E
1842-05-01,10.372,1.338,Almetyevsk,Russia,55.45N,51.02E
1894-04-01,10.746,0.376,Zwolle,Netherlands,52.24N,5.26E
1840-01-01,16.127,2.001,Ballia,India,26.52N,84.18E
1851-05-01,24.697,1.018,Bandung,Indonesia,7.23S,107.84E
1826-09-01,27.473000000000003,1.835,Bettiah,India,26.52N,84.18E
1943-03-01,24.9,0.3829999999999999,Apucarana,Brazil,23.31S,51.55W
1849-02-01,1.0790000000000002,1.756,Saqqez,Iran,36.17N,45.75E
1857-02-01,-11.999,1.429,Arkhangelsk,Russia,65.09N,40.21E
1998-10-01,29.083,0.31,Parnaíba,Brazil,2.41S,40.98W
2000-09-01,8.287,0.147,Pervouralsk,Russia,57.05N,60.49E
1949-06-01,32.579,0.204,Jalandhar,India,31.35N,75.39E
1923-06-01,30.896,0.308,Wad Madani,Sudan,13.66N,33.85E
1800-07-01,,,Norman,United States,34.56N,97.30W
1930-06-01,33.636,0.376,Iranshahr,Iran,26.52N,60.90E
1887-01-01,22.518,1.254,Diadema,Brazil,23.31S,46.31W
1881-09-01,20.816,1.242,Santa Clarita,United States,34.56N,118.70W
1990-01-01,11.545,0.402,Killeen,United States,31.35N,98.01W
1964-01-01,-8.18,1.022,Miskolc,Hungary,47.42N,20.13E
1943-02-01,21.787,0.266,Newcastle,Australia,32.95S,152.23E
1802-03-01,10.608,2.58,Pescara,Italy,42.59N,15.27E
1890-12-01,22.281,0.655,Erode,India,12.05N,77.26E
1868-04-01,3.419,2.049,Edmonton,Canada,53.84N,113.18W
2008-12-01,18.133,0.32,Bikaner,India,28.13N,73.64E
1832-10-01,10.115,2.351,Namangan,Uzbekistan,40.99N,72.43E
1991-12-01,-12.887,0.282,Sarapul,Russia,57.05N,54.59E
1889-08-01,25.951,0.7879999999999999,Yogyakarta,Indonesia,7.23S,111.08E
1928-08-01,10.994000000000002,0.493,Mar Del Plata,Argentina,37.78S,56.95W
1982-12-01,25.419,0.31,Babakan,Indonesia,7.23S,107.84E
1872-08-01,19.024,1.529,Lambaré,Argentina,24.92S,58.52W
1865-07-01,20.568,1.224,Cúcuta,Colombia,7.23N,72.16W
1951-06-01,20.803,0.449,Kuwana,Japan,34.56N,136.22E
1822-01-01,20.006,3.766,Naihati,India,23.31N,88.25E
1853-05-01,16.647000000000002,1.221,Tokuyama,Japan,34.56N,132.32E
2001-11-01,22.746,0.286,Bikaner,India,28.13N,73.64E
1916-04-01,18.346,0.58,La Plata,Argentina,34.56S,58.38W
1916-09-01,27.122,0.537,Ho Chi Minh City,Vietnam,10.45N,107.18E
1946-04-01,13.800999999999998,0.266,Daito,Japan,34.56N,136.22E
1896-03-01,5.372999999999999,0.347,Kurashiki,Japan,34.56N,134.27E
1889-01-01,19.352,0.483,Bangaon,India,23.31N,88.25E
1943-12-01,27.271,0.33,Abeokuta,Nigeria,7.23N,4.05E
1908-07-01,19.398,0.772,Serra,Brazil,20.09S,40.95W
1869-09-01,15.181,0.63,Groningen,Netherlands,53.84N,6.82E
1876-08-01,9.832,1.284,Queenstown,South Africa,31.35S,26.39E
1870-01-01,8.81,0.979,Tarragona,Spain,40.99N,2.13E
1902-03-01,-10.683,1.074,Achinsk,Russia,57.05N,90.00E
1955-12-01,25.965,0.375,Bida,Nigeria,8.84N,5.68E
1885-02-01,,,Chimbote,Peru,8.84S,78.65W
1946-03-01,18.163,0.302,Sohag,Egypt,26.52N,32.24E
1973-02-01,21.12,0.499,Cuautla,Mexico,18.48N,99.72W
1891-05-01,31.205,0.504,Maler Kotla,India,29.74N,75.69E
1925-11-01,2.289,0.354,Bonn,Germany,50.63N,6.34E
1964-07-01,25.694000000000003,0.617,Manado,Indonesia,0.80N,124.55E
1872-01-01,-2.7540000000000004,2.123,Wloclawek,Poland,52.24N,18.39E
1913-01-01,6.7090000000000005,0.4539999999999999,Portsmouth,United Kingdom,50.63N,1.27W
1958-02-01,8.478,0.632,Çorlu,Turkey,40.99N,27.69E
1972-03-01,27.957,0.32,Velluru,India,12.05N,78.90E
1948-08-01,28.773000000000003,0.271,Basirhat,India,23.31N,88.25E
1946-07-01,28.831,0.506,Gaya,India,24.92N,85.12E
1753-02-01,3.743,3.185,Luton,United Kingdom,52.24N,0.00W
1953-07-01,19.32,0.33,Dresden,Germany,50.63N,13.94E
1876-05-01,16.955,1.396,Kwekwe,Zimbabwe,18.48S,30.42E
1820-10-01,23.455,1.429,Bhadravati,India,13.66N,75.14E
1975-09-01,25.886,0.2789999999999999,Iskenderun,Turkey,36.17N,35.80E
2003-11-01,5.818999999999999,0.375,Erlangen,Germany,49.03N,9.80E
1955-12-01,19.171000000000006,0.195,Barakpur,India,23.31N,88.25E
2008-06-01,11.974,0.529,Criciúma,Brazil,28.13S,50.00W
1984-04-01,9.252,0.115,Koganei,Japan,36.17N,139.23E
1899-10-01,21.57,0.701,Foz Do Iguaçu,Brazil,24.92S,54.98W
1909-04-01,8.815,0.312,Bergisch Gladbach,Germany,50.63N,6.34E
1985-09-01,19.754,0.2789999999999999,Tehuacán,Mexico,18.48N,98.03W
1965-11-01,23.42,0.305,Navsari,India,20.09N,73.36E
1940-03-01,8.106,0.309,Hengshui,China,37.78N,115.93E
1911-10-01,26.002,0.296,Belgaum,India,15.27N,74.17E
1950-03-01,7.749,0.191,Kawanishi,Japan,34.56N,136.22E
1918-09-01,27.401,0.281,Adoni,India,15.27N,77.50E
1853-09-01,,,Ciparay,Indonesia,7.23S,107.84E
1943-11-01,2.782,0.4429999999999999,Chernivtsi,Ukraine,49.03N,26.94E
1983-02-01,13.691,0.26,Tanshui,Taiwan,24.92N,120.59E
1902-05-01,17.526,0.624,Saqqez,Iran,36.17N,45.75E
1998-08-01,24.76,0.23,Hiratsuka,Japan,36.17N,139.23E
1926-10-01,22.923,0.302,Austin,United States,29.74N,97.85W
1866-09-01,26.52,0.693,San Juan,Puerto Rico,18.48N,65.92W
1883-09-01,28.26,0.8440000000000001,Moga,India,31.35N,75.39E
1918-02-01,17.970000000000006,0.531,San Juan Sacatepéquez,Guatemala,15.27N,90.83W
1935-03-01,1.514,0.375,Gdynia,Poland,53.84N,17.73E
1836-06-01,17.105,1.334,Belo Horizonte,Brazil,20.09S,44.36W
1996-11-01,18.253,0.32,Midrand,South Africa,26.52S,28.66E
1837-09-01,5.183,1.525,Ulan Ude,Russia,52.24N,107.74E
1855-05-01,19.079,1.3869999999999998,Bojnurd,Iran,37.78N,56.95E
1928-05-01,22.698,0.979,Paradise,United States,36.17N,115.36W
1857-04-01,20.335,1.221,Uberlândia,Brazil,18.48S,49.01W
1889-12-01,19.165000000000006,1.077,Dum Dum,India,23.31N,88.25E
1871-04-01,22.443,3.1180000000000003,Chaozhou,China,23.31N,116.21E
1965-07-01,25.169,0.351,Kumasi,Ghana,7.23N,0.81W
1996-02-01,16.02,0.266,Touliu,Taiwan,23.31N,119.71E
1902-07-01,34.75,0.501,Multan,Pakistan,29.74N,72.00E
1872-08-01,,,Lusaka,Zambia,15.27S,27.50E
1841-07-01,21.768,1.702,Elizabeth,United States,40.99N,74.56W
1888-03-01,4.04,0.927,Salt Lake City,United States,40.99N,112.90W
1900-02-01,3.5740000000000003,0.6729999999999999,Chattanooga,United States,34.56N,85.62W
1925-01-01,8.710999999999999,0.765,Berkeley,United States,37.78N,122.03W
1964-06-01,30.74,0.3939999999999999,Bangaon,India,23.31N,88.25E
1974-11-01,9.571,0.441,Tokat,Turkey,40.99N,36.21E
1951-01-01,24.078000000000003,0.368,Palo Negro,Venezuela,10.45N,67.91W
1837-11-01,3.76,2.0980000000000003,Colorado Springs,United States,39.38N,104.05W
1994-10-01,24.270000000000003,0.226,Sanbu,China,21.70N,113.37E
1784-04-01,5.4670000000000005,9.071,Hrodna,Belarus,53.84N,23.18E
1745-06-01,,,Almere,Netherlands,52.24N,5.26E
1955-06-01,26.755,0.304,Qabis,Tunisia,34.56N,9.73E
2002-01-01,5.406000000000001,0.55,Lárisa,Greece,39.38N,22.89E
1898-11-01,18.243,1.014,Guatemala,Guatemala,15.27N,90.83W
1798-06-01,17.133,2.66,Mainz,Germany,50.63N,8.87E
1932-05-01,27.847,0.325,Lucena,Philippines,13.66N,121.38E
1886-08-01,24.784,1.418,West Covina,United States,34.56N,118.70W
1886-04-01,28.228,0.956,Rampur,India,28.13N,79.09E
1888-09-01,28.898000000000003,0.5720000000000001,Coro,Venezuela,12.05N,69.04W
1990-07-01,18.667,0.419,Conselheiro Lafaiete,Brazil,20.09S,44.36W
1830-03-01,6.6370000000000005,2.045,Kansas City,United States,39.38N,93.64W
1950-06-01,12.093,0.467,La Rioja,Argentina,29.74S,66.46W
1877-03-01,18.617,1.331,Florencia,Colombia,2.41N,76.34W
1987-10-01,1.362,0.263,Ukhta,Russia,63.49N,52.20E
1861-05-01,17.022000000000002,1.5019999999999998,Queluz,Portugal,39.38N,8.32W
1901-12-01,3.828,0.407,Kurume,Japan,32.95N,131.17E
1788-06-01,17.575,2.843,Minsk,Belarus,53.84N,28.64E
1849-04-01,-0.2739999999999999,3.36,Regina,Canada,50.63N,105.21W
1952-04-01,3.89,0.265,Tieli,China,47.42N,129.08E
1986-09-01,17.215999999999998,0.288,Changji,China,44.20N,87.20E
1859-01-01,3.675,1.693,Imabari,Japan,34.56N,132.32E
1764-03-01,4.968999999999999,4.288,Rouen,France,49.03N,0.00W
1941-11-01,6.49,0.348,Limoges,France,45.81N,1.15E
1917-10-01,25.028,0.483,Alagoinhas,Brazil,12.05S,37.81W
1889-06-01,13.048,0.38,Saint Helens,United Kingdom,53.84N,4.09W
1920-12-01,6.2010000000000005,0.65,Crawley,United Kingdom,50.63N,1.27W
1868-09-01,23.061,1.1740000000000002,Macheng,China,31.35N,114.97E
1857-10-01,-0.0509999999999997,1.358,Astana,Kazakhstan,50.63N,72.25E
1883-09-01,8.963,0.408,Zlatoust,Russia,55.45N,59.53E
1896-07-01,15.944,0.308,Blackburn,United Kingdom,53.84N,1.36W
1862-12-01,4.065,1.954,Modesto,United States,37.78N,120.00W
1895-03-01,24.746,0.7070000000000001,Bata,Equatorial Guinea,2.41N,10.45E
1881-12-01,1.273,1.153,Herat,Afghanistan,34.56N,62.27E
2003-09-01,14.64,0.3279999999999999,Fort Collins,United States,40.99N,104.38W
1994-09-01,23.751,0.373,Linhai,China,28.13N,120.91E
1826-12-01,3.823,2.832,Bottrop,Germany,52.24N,7.88E
1822-10-01,25.371,1.143,Bally,India,23.31N,88.25E
1844-05-01,32.43,1.288,Seoni,India,21.70N,78.75E
1968-03-01,19.582,0.293,Guaymas,Mexico,28.13N,110.00W
1840-09-01,6.129,2.321,Arkhangelsk,Russia,65.09N,40.21E
1943-10-01,10.899,0.3779999999999999,Klaipeda,Lithuania,55.45N,19.84E
1955-09-01,19.136000000000006,0.32,Ordu,Turkey,40.99N,38.34E
1867-05-01,8.227,1.969,Ebetsu,Japan,42.59N,141.82E
1990-02-01,-11.497,0.429,Regina,Canada,50.63N,105.21W
1787-06-01,12.48,5.026,Sunderland,United Kingdom,55.45N,2.83W
1755-07-01,19.217,1.804,Sarajevo,Bosnia And Herzegovina,44.20N,17.89E
1850-12-01,-4.916,1.189,Zhukovskiy,Russia,55.45N,36.85E
1903-07-01,16.801,0.514,Dijon,France,47.42N,5.92E
1951-05-01,19.496,0.349,Guangyuan,China,32.95N,106.28E
2006-02-01,26.946,0.408,Resistencia,Argentina,28.13S,59.09W
1926-03-01,21.66200000000001,0.288,Shillong,India,24.92N,92.22E
1934-09-01,20.856,0.357,Girardot,Colombia,4.02N,74.73W
1866-02-01,13.59,1.155,Marbella,Spain,36.17N,3.98W
2006-05-01,27.943,0.446,Monterrey,Mexico,26.52N,100.30W
1853-11-01,1.073,2.184,Pyatigorsk,Russia,44.20N,42.48E
1747-01-01,,,Arad,Romania,45.81N,21.92E
2002-12-01,-1.6790000000000005,0.1669999999999999,Potsdam,Germany,52.24N,13.14E
1878-01-01,21.022,1.581,Ngaoundéré,Cameroon,7.23N,13.78E
2000-11-01,25.022,0.6729999999999999,Jaú,Brazil,21.70S,49.33W
1954-06-01,26.652,0.6759999999999999,Cileungsi,Indonesia,5.63S,106.55E
2003-12-01,27.528,0.185,Kendari,Indonesia,4.02S,122.95E
1862-10-01,26.281,1.524,Palma Soriano,Cuba,20.09N,76.78W
1902-02-01,1.5530000000000002,0.426,Zama,Japan,36.17N,139.23E
1859-01-01,2.5380000000000003,1.15,Macheng,China,31.35N,114.97E
1851-12-01,16.637999999999998,2.955,Pingchen,Taiwan,24.92N,120.59E
1925-01-01,11.148,0.561,Haridwar,India,29.74N,77.54E
1974-03-01,17.629,0.342,Celaya,Mexico,20.09N,100.66W
1976-08-01,25.322,0.914,Cúa,Venezuela,10.45N,66.27W
1796-03-01,23.644,2.407,Ingraj Bazar,India,24.92N,88.67E
1921-11-01,-0.3999999999999999,0.174,Czestochowa,Poland,50.63N,19.01E
1962-04-01,7.617999999999999,0.2789999999999999,Norwich,United Kingdom,52.24N,0.00W
1937-10-01,11.78,0.55,Korla,China,40.99N,85.21E
1863-10-01,11.634,0.924,Amiens,France,49.03N,2.45E
1926-01-01,25.911,0.562,Balikpapan,Indonesia,0.80S,116.52E
1845-07-01,31.159,1.575,Pali,India,26.52N,73.43E
1875-04-01,8.54,1.1840000000000002,Dawukou,China,39.38N,106.13E
1831-12-01,15.71,3.1910000000000003,Jhansi,India,24.92N,78.03E
1830-12-01,18.506,1.877,San Juan Sacatepéquez,Guatemala,15.27N,90.83W
1848-07-01,,,Pasuruan,Indonesia,7.23S,112.70E
1855-08-01,21.644,0.979,Milwaukee,United States,42.59N,87.27W
1774-07-01,23.026,3.2030000000000003,Yonkers,United States,40.99N,74.56W
1981-01-01,25.396,0.252,Grogol,Indonesia,7.23S,111.08E
1870-05-01,12.552,1.087,Brest,Belarus,52.24N,23.65E
1851-10-01,24.906,1.729,Cileunyi,Indonesia,7.23S,107.84E
1985-07-01,15.994000000000002,0.255,Worcester,United Kingdom,52.24N,2.63W
1957-07-01,18.291,0.372,Paderborn,Germany,52.24N,7.88E
1945-10-01,23.132,0.952,Wuzhou,China,23.31N,110.97E
1928-01-01,21.388,0.3979999999999999,Bahia Blanca,Argentina,39.38S,62.43W
1911-09-01,8.671,0.52,Cherepovets,Russia,58.66N,36.92E
1772-10-01,13.28,2.959,Eastbourne,United Kingdom,50.63N,1.27E
1981-02-01,-1.717,0.298,London,Canada,42.59N,80.73W
1769-03-01,-1.6469999999999998,5.232,Pskov,Russia,57.05N,28.03E
1860-07-01,23.44,1.244,Cadiz,Spain,36.17N,5.97W
1889-05-01,19.464,0.6809999999999999,Londrina,Brazil,23.31S,51.55W
1746-12-01,,,Plymouth,United Kingdom,50.63N,3.80W
1929-12-01,24.178,0.365,Lira,Uganda,2.41N,32.95E
1856-05-01,12.717,1.724,Brasov,Romania,45.81N,26.54E
1872-03-01,4.452,1.222,Houma,China,36.17N,111.38E
1855-12-01,2.613,2.282,Kashan,Iran,34.56N,50.59E
1971-11-01,11.681,0.1969999999999999,Burbank,United States,34.56N,118.70W
1888-02-01,4.767,1.272,Qarchak,Iran,36.17N,51.71E
1823-04-01,10.007,2.607,A Coruña,Spain,42.59N,8.73W
1994-05-01,21.969,0.302,Shiyan,China,32.95N,110.11E
1916-02-01,25.786,0.899,Phra Pradaeng,Thailand,13.66N,99.91E
1911-11-01,10.423,0.584,Kahramanmaras,Turkey,37.78N,36.61E
1977-09-01,20.881,0.254,Luoyang,China,34.56N,112.86E
1981-01-01,-6.564,0.26,Zhukovskiy,Russia,55.45N,36.85E
1964-06-01,28.365,0.396,Phitsanulok,Thailand,16.87N,100.47E
1985-05-01,25.59800000000001,0.205,Barrancabermeja,Colombia,7.23N,73.78W
1849-11-01,9.098,2.13,Trabzon,Turkey,40.99N,40.47E
1928-01-01,25.685,0.922,Bandundu,Congo (Democratic Republic Of The),4.02S,16.88E
2002-12-01,12.945,0.291,San Pablo De Las Salinas,Mexico,20.09N,98.96W
1897-11-01,9.861,0.716,Taranto,Italy,40.99N,17.04E
1857-04-01,7.298999999999999,0.624,Cambridge,United Kingdom,52.24N,0.00W
1837-08-01,24.691,1.4,Saqqez,Iran,36.17N,45.75E
1894-05-01,33.456,0.701,Nandyal,India,15.27N,79.17E
1903-10-01,7.766000000000001,0.369,Sunderland,United Kingdom,55.45N,2.83W
1867-04-01,17.277,1.853,Santa Cruz Do Sul,Brazil,29.74S,51.69W
1904-09-01,25.752,0.191,Chungho,Taiwan,24.92N,120.59E
1965-06-01,15.255,0.504,Zelenograd,Russia,55.45N,36.85E
1998-12-01,16.261,0.414,Bhind,India,26.52N,78.81E
1854-11-01,20.302000000000003,1.46,Cachoeirinha,Brazil,29.74S,51.69W
1806-07-01,28.226,1.454,Puruliya,India,23.31N,86.50E
1902-02-01,13.029000000000002,0.6709999999999999,Tijuana,Mexico,32.95N,117.77W
1859-01-01,-27.032,1.616,Hailar,China,49.03N,120.00E
1744-05-01,17.657,2.233,Springfield,United States,39.38N,89.48W
1998-05-01,22.468000000000004,0.19,Tulsa,United States,36.17N,95.47W
1991-09-01,25.222,0.397,Iwo,Nigeria,7.23N,4.05E
1866-05-01,28.195,1.372,Erode,India,12.05N,77.26E
1877-04-01,7.78,1.19,Ludwigshafen,Germany,49.03N,7.35E
1872-03-01,,,Manta,Ecuador,0.80S,81.16W
1966-05-01,23.843000000000004,0.2269999999999999,Kindu,Congo (Democratic Republic Of The),2.41S,26.52E
1914-07-01,24.871,0.597,Malang,Indonesia,7.23S,112.70E
1890-04-01,26.532,0.7120000000000001,Cileungsi,Indonesia,5.63S,106.55E
1929-11-01,27.758000000000003,0.628,Nacala,Mozambique,15.27S,40.83E
1927-02-01,-2.048,0.591,Wencheng,China,37.78N,122.03E
1858-08-01,,,Rohtak,India,28.13N,77.27E
1866-10-01,23.572,0.807,Yangjiang,China,21.70N,111.63E
1864-01-01,-8.093,2.166,Tighina,Moldova,47.42N,29.61E
1778-04-01,,,Bridgeport,United States,40.99N,72.43W
1902-01-01,25.049,0.605,Tanjung Morawa,Indonesia,4.02N,98.84E
1839-02-01,-17.418,2.967,Hegang,China,47.42N,131.45E
1932-09-01,13.227,0.299,Århus,Denmark,57.05N,10.33E
1847-11-01,0.1519999999999999,1.222,Chernihiv,Ukraine,52.24N,31.53E
2005-01-01,19.598,0.354,Taunggyi,Burma,20.09N,97.25E
1927-09-01,26.743,0.3939999999999999,Cancún,Mexico,21.70N,87.40W
1755-01-01,-8.152999999999999,5.381,Ostrava,Czech Republic,50.63N,19.01E
1906-03-01,5.428999999999999,0.965,Tianjin,China,39.38N,116.53E
1747-05-01,,,Oshawa,Canada,44.20N,78.26W
1792-10-01,9.667,2.072,Villeurbanne,France,45.81N,5.77E
1926-02-01,19.25500000000001,0.491,Jhunjhunun,India,28.13N,75.45E
1887-05-01,23.256,1.173,Kikwit,Congo (Democratic Republic Of The),5.63S,19.37E
1998-10-01,18.708,0.28,Bengbu,China,32.95N,117.77E
1744-06-01,18.683,1.745,Marseille,France,42.59N,6.55E
1989-10-01,14.058,0.212,Mitaka,Japan,36.17N,139.23E
1786-04-01,11.572,4.177,Florence,Italy,44.20N,11.18E
1969-07-01,16.687,0.537,Itapecerica Da Serra,Brazil,23.31S,46.31W
1860-08-01,19.685,1.646,Heihe,Russia,50.63N,128.03E
1938-09-01,12.586,0.176,Mulhouse,France,47.42N,8.29E
1950-05-01,33.326,0.499,Surendranagar,India,23.31N,72.52E
1850-08-01,28.387,1.705,Liusha,China,23.31N,116.21E
1929-04-01,25.713,0.894,Riyadh,Saudi Arabia,24.92N,46.11E
1912-01-01,18.978,1.082,Paarl,South Africa,34.56S,19.46E
1924-10-01,22.72600000000001,0.247,Harare,Zimbabwe,18.48S,30.42E
1849-01-01,,,Resistencia,Argentina,28.13S,59.09W
1870-01-01,12.195,1.729,Muzaffarnagar,India,29.74N,77.54E
1980-06-01,16.492,0.319,Gdynia,Poland,53.84N,17.73E
1879-03-01,25.796000000000006,1.141,Makasar,Indonesia,5.63S,119.46E
1830-11-01,,,Petare,Venezuela,10.45N,66.27W
1917-12-01,1.789,0.353,Stoke On Trent,United Kingdom,52.24N,2.63W
1860-11-01,5.485999999999999,1.656,Tajimi,Japan,36.17N,137.24E
1911-07-01,27.656,0.3779999999999999,Nakhon Pathom,Thailand,13.66N,99.91E
2010-04-01,16.256,0.391,Springfield,United States,39.38N,89.48W
1902-06-01,16.67,0.642,Petropavl,Kazakhstan,55.45N,68.03E
1958-06-01,17.701999999999995,0.742,Macaé,Brazil,21.70S,42.40W
2009-11-01,27.004,0.247,Tacloban,Philippines,12.05N,124.93E
1878-10-01,27.207,0.738,Can Tho,Vietnam,10.45N,105.55E
2008-05-01,23.9,0.242,Colima,Mexico,20.09N,104.08W
1872-04-01,22.552,2.679,Rongcheng,China,23.31N,116.21E
1968-02-01,2.327,0.27,Karlsruhe,Germany,49.03N,7.35E
1975-02-01,23.209,0.246,Haldia,India,21.70N,87.40E
1956-12-01,10.459,0.6409999999999999,Latina,Italy,40.99N,12.78E
1943-06-01,16.262,0.421,Chula Vista,United States,32.95N,117.77W
1955-02-01,2.974,0.887,Zenica,Bosnia And Herzegovina,44.20N,17.89E
1954-01-01,15.18,0.445,Rewa,India,24.92N,81.58E
1978-12-01,24.188,0.327,Kimberley,South Africa,28.13S,24.55E
1945-01-01,-4.638,0.3879999999999999,Zenica,Bosnia And Herzegovina,44.20N,17.89E
1875-11-01,12.653,0.986,San Francisco,United States,37.78N,122.03W
1971-05-01,20.181,0.1889999999999999,Mashhad,Iran,36.17N,59.67E
1932-02-01,23.912,0.3389999999999999,Guanare,Venezuela,8.84N,70.54W
1939-02-01,26.428,1.139,Cape Coast,Ghana,5.63N,1.61W
1975-03-01,4.899000000000001,0.171,Fuenlabrada,Spain,40.99N,4.26W
1954-04-01,27.136,0.767,Lashio,Burma,23.31N,96.99E
1844-07-01,27.176,1.721,Hengyang,China,26.52N,112.84E
1860-01-01,,,Camaragibe,Brazil,7.23S,34.86W
1909-10-01,11.706,0.574,Rostov Na Donu,Russia,47.42N,39.08E
1857-05-01,13.191,0.8009999999999999,Cottbus,Germany,52.24N,13.14E
1990-04-01,7.8679999999999986,0.244,Vanadzor,Armenia,40.99N,44.73E
1904-08-01,31.419,1.026,Kamalia,Pakistan,31.35N,73.51E
1791-05-01,11.140999999999998,2.4290000000000003,Southend On Sea,United Kingdom,52.24N,0.00W
1933-08-01,24.590000000000003,0.894,Anyama,Côte D'Ivoire,5.63N,4.84W
1937-01-01,24.563,0.774,Jimeta,Nigeria,8.84N,12.16E
1907-12-01,16.079,0.615,Wellington,New Zealand,40.99S,174.67E
1949-04-01,17.471999999999998,0.59,Kaiyuan,China,23.31N,103.98E
1996-05-01,25.927,0.142,Garland,United States,32.95N,96.70W
1903-07-01,26.795,0.609,Malambo,Colombia,10.45N,74.45W
1838-09-01,28.257,1.692,Kaithal,India,29.74N,75.69E
1856-01-01,18.557,1.616,Dum Dum,India,23.31N,88.25E
1993-02-01,8.843,0.216,Latina,Italy,40.99N,12.78E
1883-12-01,18.347,0.953,Sogamoso,Colombia,5.63N,72.65W
1759-12-01,6.132999999999999,5.073,Algiers,Algeria,36.17N,3.98E
1816-11-01,19.009,6.738,Gaya,India,24.92N,85.12E
1980-09-01,27.952,0.593,Gujranwala,Pakistan,32.95N,73.72E
1997-07-01,22.082,0.368,Khoy,Iran,37.78N,44.75E
1914-02-01,8.329,0.413,Hengyang,China,26.52N,112.84E
1997-08-01,13.9,0.261,Xining,China,36.17N,101.44E
1884-10-01,13.311,1.5119999999999998,Lima,Peru,12.05S,77.26W
1778-04-01,9.253,1.57,Amersfoort,Netherlands,52.24N,5.26E
1954-12-01,13.322,0.292,Jerez,Spain,36.17N,5.97W
1984-09-01,22.678,0.715,Nkongsamba,Cameroon,5.63N,9.69E
2005-10-01,22.994,0.178,El Faiyûm,Egypt,29.74N,31.38E
1813-06-01,32.146,2.498,Amroha,India,28.13N,79.09E
1987-09-01,28.143,0.445,Puruliya,India,23.31N,86.50E
1831-08-01,,,Larkana,Pakistan,28.13N,68.18E
1866-07-01,20.731,0.933,Syzran,Russia,53.84N,47.73E
1997-04-01,12.847,0.32,Amol,Iran,36.17N,51.71E
1826-07-01,27.557,1.6869999999999998,Dezhou,China,37.78N,115.93E
1980-04-01,29.286,0.291,Nsukka,Nigeria,7.23N,7.30E
1839-08-01,28.396,2.299,General Escobedo,Mexico,26.52N,100.30W
1788-02-01,19.017000000000003,3.604,Miami,United States,26.52N,80.60W
1931-11-01,0.394,1.2,Xinzhou,China,37.78N,111.86E
1777-06-01,19.642,2.4330000000000003,Istanbul,Turkey,40.99N,29.82E
1857-03-01,,,Tanjung Morawa,Indonesia,4.02N,98.84E
1946-09-01,28.87,0.347,Maymyo,Burma,21.70N,96.06E
2000-07-01,29.986,0.364,Amroha,India,28.13N,79.09E
1947-05-01,16.230999999999998,0.166,Fukuyama,Japan,34.56N,134.27E
1783-11-01,-7.581,2.624,Saransk,Russia,53.84N,45.00E
1974-09-01,24.799,0.326,General Escobedo,Mexico,26.52N,100.30W
1963-02-01,15.875,0.415,Alexandria,Egypt,31.35N,30.16E
1887-01-01,24.527,1.423,Ogbomosho,Nigeria,8.84N,4.05E
1924-12-01,7.199,0.342,Shashi,China,29.74N,112.62E
1861-09-01,27.071,1.321,Banda,India,24.92N,79.80E
1911-08-01,22.859,0.7859999999999999,San Pédro,Côte D'Ivoire,5.63N,6.46W
1756-08-01,16.648,9.027,Tarnow,Poland,50.63N,21.55E
1886-04-01,14.245,0.126,Palma,Spain,39.38N,2.08E
1761-10-01,8.196,5.831,Gent,Belgium,50.63N,3.80E
1923-02-01,19.275,0.607,Soweto,South Africa,26.52S,28.66E
1939-11-01,9.971,0.221,Koshigaya,Japan,36.17N,139.23E
1857-08-01,25.413,0.93,Turmero,Venezuela,10.45N,67.91W
1974-05-01,27.185,0.3779999999999999,Offa,Nigeria,8.84N,4.05E
1996-12-01,25.633000000000003,0.17,Bandar Penggaram,Malaysia,2.41N,103.66E
1986-06-01,10.591,0.22,Mendoza,Argentina,32.95S,67.98W
1745-08-01,,,Cary,United States,36.17N,79.56W
1884-09-01,20.426,1.622,Nilópolis,Brazil,23.31S,42.82W
1912-09-01,12.317,0.2769999999999999,Suceava,Romania,47.42N,27.24E
1967-08-01,28.847,0.2689999999999999,Madhyamgram,India,23.31N,88.25E
1979-09-01,15.534000000000002,0.371,Curitiba,Brazil,24.92S,49.66W
1917-08-01,18.521,0.3989999999999999,Dimitrovgrad,Russia,53.84N,50.45E
1944-08-01,27.579,0.493,Zinder,Niger,13.66N,9.08E
1997-07-01,28.808000000000003,0.336,Spring Valley,United States,36.17N,115.36W
1864-12-01,23.767000000000003,1.619,Cavite,Philippines,15.27N,120.83E
1959-11-01,18.212,0.374,Escuintla,Guatemala,15.27N,90.83W
1999-03-01,7.0520000000000005,0.168,Tilburg,Netherlands,52.24N,5.26E
1843-06-01,17.315,1.273,Yantai,China,37.78N,122.03E
1976-06-01,21.063,0.319,Pittsburgh,United States,40.99N,80.95W
1793-01-01,8.311,3.98,Mobile,United States,31.35N,88.59W
1969-03-01,18.07,0.253,Pembroke Pines,United States,26.52N,80.60W
1948-06-01,26.071,0.4379999999999999,Zhuzhou,China,28.13N,113.64E
1963-01-01,-12.577,0.363,Daugavpils,Latvia,55.45N,25.51E
1874-11-01,12.322,2.261,Oxnard,United States,34.56N,118.70W
1880-12-01,11.193,0.7190000000000001,Zacatecas,Mexico,23.31N,102.23W
1955-09-01,12.47,0.253,Rybinsk,Russia,58.66N,40.00E
1995-12-01,24.383000000000003,0.557,Palma Soriano,Cuba,20.09N,76.78W
1927-08-01,15.945,0.2339999999999999,Toronto,Canada,44.20N,80.50W
1922-01-01,23.881,0.5489999999999999,San Cristóbal,Dominican Republic,18.48N,69.30W
1873-07-01,8.629999999999999,0.8420000000000001,San Nicolas,Argentina,32.95S,60.32W
1924-07-01,19.142,0.508,Catanduva,Brazil,21.70S,49.33W
1945-05-01,25.044,0.351,Paseh,Indonesia,7.23S,107.84E
1781-09-01,13.001,6.237,Cardiff,United Kingdom,52.24N,2.63W
1863-03-01,-4.118,0.6459999999999999,Vologda,Russia,58.66N,40.00E
1886-11-01,6.02,1.209,Puyang,China,36.17N,115.36E
1925-07-01,24.913,0.908,Tongchuan,China,34.56N,108.97E
1978-05-01,20.106,0.154,Ruian,China,28.13N,120.91E
1854-09-01,24.699,0.98,Los Teques,Venezuela,10.45N,66.27W
1833-03-01,5.0680000000000005,2.331,Edirne,Turkey,42.59N,26.18E
1943-08-01,29.241,0.401,Chakwal,Pakistan,32.95N,73.72E
1889-04-01,26.496,0.3989999999999999,Sibu,Malaysia,2.41N,111.70E
1889-08-01,25.876,0.6779999999999999,Numazu,Japan,34.56N,138.16E
1858-11-01,25.691,1.374,Araguaína,Brazil,7.23S,47.84W
1983-01-01,17.634,0.171,Kulti,India,23.31N,86.50E
1919-04-01,5.339,0.511,Wiesbaden,Germany,50.63N,8.87E
1944-02-01,17.869999999999994,0.7290000000000001,Brakpan,South Africa,26.52S,28.66E
1848-03-01,9.421,1.102,Zaragoza,Spain,40.99N,0.00W
1859-01-01,-11.875,1.308,Sherbrooke,Canada,45.81N,72.69W
1761-10-01,,,Miami,United States,26.52N,80.60W
1956-12-01,20.728,0.337,Eldoret,Kenya,0.80N,34.55E
1948-08-01,26.232,0.231,Moratuwa,Sri Lanka,7.23N,80.27E
1818-08-01,28.411,1.504,Gujrat,Pakistan,32.95N,73.72E
1987-11-01,4.909,0.41,Aalborg,Denmark,57.05N,10.33E
1868-02-01,-14.622,2.082,Aqtöbe,Kazakhstan,50.63N,57.04E
1972-02-01,26.891,0.35,Lawang,Indonesia,7.23S,112.70E
1875-08-01,24.681,0.7140000000000001,Bengkulu,Indonesia,4.02S,102.05E
1963-10-01,10.623,0.25,Luton,United Kingdom,52.24N,0.00W
2001-04-01,26.105,0.244,Caucaia,Brazil,4.02S,39.38W
1911-01-01,6.652000000000001,0.546,Huelva,Spain,37.78N,6.10W
1940-01-01,22.028,0.794,Campeche,Mexico,20.09N,90.43W
2006-10-01,14.979,0.59,Ferrara,Italy,44.20N,11.18E
1831-02-01,-8.043,6.311,Moscow,Russia,55.45N,36.85E
1873-06-01,33.751999999999995,1.702,Agra,India,26.52N,78.81E
1789-07-01,21.566,2.43,Syzran,Russia,53.84N,47.73E
1886-10-01,6.659000000000002,0.436,Volgodonsk,Russia,47.42N,41.45E
1959-04-01,3.66,0.406,Tieli,China,47.42N,129.08E
1916-11-01,12.845,0.367,Pátrai,Greece,37.78N,22.37E
1978-11-01,26.53700000000001,0.2239999999999999,Iwo,Nigeria,7.23N,4.05E
1998-06-01,27.268,0.32,Tagum,Philippines,7.23N,125.68E
2004-03-01,3.686,0.239,Århus,Denmark,57.05N,10.33E
1956-11-01,9.53,0.51,Leshan,China,29.74N,103.38E
1995-07-01,30.21,0.3939999999999999,Chhatarpur,India,24.92N,79.80E
2002-01-01,-0.298,0.325,Sterling Heights,United States,42.59N,82.91W
1839-09-01,16.008,1.53,Naucalpan,Mexico,20.09N,98.96W
1853-07-01,28.086,1.028,Chetumal,Mexico,18.48N,87.89W
1953-05-01,27.77,0.316,General Escobedo,Mexico,26.52N,100.30W
1847-11-01,11.898,1.396,Toyota,Japan,34.56N,136.22E
1897-02-01,-1.0990000000000002,0.4479999999999999,Legnica,Poland,50.63N,16.48E
1984-06-01,19.57,0.211,Pavlodar,Kazakhstan,52.24N,76.20E
1944-04-01,10.306,0.614,Stara Zagora,Bulgaria,42.59N,26.18E
1900-07-01,21.431,1.853,Astana,Kazakhstan,50.63N,72.25E
1967-03-01,9.504,0.335,Salamanca,Spain,40.99N,6.39W
1885-11-01,1.829,0.606,Kitchener,Canada,44.20N,80.50W
1843-12-01,,,Valencia,Venezuela,10.45N,67.91W
1977-05-01,18.457,0.2019999999999999,Tirana,Albania,40.99N,19.17E
1939-07-01,18.239,0.275,Petropavl,Kazakhstan,55.45N,68.03E
1987-11-01,-15.781,0.429,Mezhdurechensk,Russia,53.84N,88.64E
1942-12-01,4.388999999999999,0.628,Thessaloníki,Greece,40.99N,23.43E
1898-06-01,18.51,0.289,Hartford,United States,40.99N,72.43W
1856-05-01,14.778999999999998,1.705,Chofu,Japan,36.17N,139.23E
1909-02-01,21.787,0.964,Guarapuava,Brazil,24.92S,51.43W
1813-05-01,25.876,3.78,Qalyub,Egypt,29.74N,31.38E
1915-12-01,16.273000000000003,0.326,Motihari,India,26.52N,84.18E
1843-06-01,22.161,1.17,Rio De Janeiro,Brazil,23.31S,42.82W
1969-07-01,25.993,0.474,Palakkad,India,10.45N,76.09E
1907-09-01,22.093000000000004,0.27,Inazawa,Japan,34.56N,136.22E
1838-03-01,25.429,1.884,Haora,India,23.31N,88.25E
1972-03-01,22.922,0.337,Pindamonhangaba,Brazil,23.31S,46.31W
1940-09-01,28.545,0.3879999999999999,Bhimavaram,India,16.87N,82.05E
1936-07-01,24.999,0.326,Baturaja,Indonesia,4.02S,103.66E
1952-01-01,23.005,0.439,Ribeirão Das Neves,Brazil,20.09S,44.36W
2006-12-01,1.543,0.231,Arad,Romania,45.81N,21.92E
1857-09-01,26.592,0.958,Macapá,Brazil,0.80N,50.63W
1953-10-01,25.04,0.295,Huizhou,China,23.31N,114.47E
1948-07-01,15.658,0.251,Leipzig,Germany,50.63N,11.41E
1853-08-01,27.173,0.901,Ayer Itam,Malaysia,5.63N,100.09E
1986-04-01,27.443,0.611,Conakry,Guinea,8.84N,13.78W
1756-10-01,8.464,3.718,Prague,Czech Republic,50.63N,13.94E
1953-12-01,9.491,0.156,Peoria,United States,32.95N,112.02W
1869-09-01,,,Igboho,Nigeria,8.84N,4.05E
1912-04-01,12.217,1.062,Neyshabur,Iran,36.17N,59.67E
1967-10-01,25.697,0.321,Hajipur,India,24.92N,85.12E
1928-01-01,15.282,0.356,Hobart,Australia,42.59S,148.36E
1956-04-01,19.802,0.299,Chitungwiza,Zimbabwe,18.48S,30.42E
1989-04-01,12.824000000000002,0.319,Rimini,Italy,44.20N,13.42E
2000-06-01,26.278,0.267,Dawei,Burma,13.66N,98.26E
1985-04-01,5.229,0.363,Kaluga,Russia,53.84N,36.82E
1882-12-01,4.0710000000000015,0.622,Salamanca,Spain,40.99N,6.39W
2005-03-01,24.46,0.356,Fianarantsoa,Madagascar,21.70S,47.60E
1940-11-01,9.895,0.273,Abilene,United States,32.95N,100.53W
1945-04-01,22.143,0.485,Guaymas,Mexico,28.13N,110.00W
1861-07-01,24.557,1.056,Barquisimeto,Venezuela,10.45N,69.55W
1890-11-01,8.298,0.775,Dali,China,26.52N,100.30E
1898-05-01,29.742,0.8320000000000001,Pindiga,Nigeria,10.45N,10.64E
2010-01-01,5.324,0.421,Kahramanmaras,Turkey,37.78N,36.61E
1872-12-01,4.118,1.834,Oberhausen,Germany,50.63N,6.34E
1846-09-01,30.235,1.871,Muzaffargarh,Pakistan,29.74N,72.00E
1860-11-01,6.596,1.6909999999999998,Hiratsuka,Japan,36.17N,139.23E
1905-01-01,-0.618,0.685,Kiel,Germany,53.84N,9.55E
1865-05-01,17.602999999999998,1.858,Amagasaki,Japan,34.56N,136.22E
1878-12-01,18.418,1.097,Achalpur,India,21.70N,77.02E
1874-05-01,15.262999999999998,1.435,Zama,Japan,36.17N,139.23E
1840-09-01,10.41,1.1840000000000002,Västerås,Sweden,60.27N,16.22E
1826-07-01,,,Nakhon Pathom,Thailand,13.66N,99.91E
1934-01-01,-0.242,0.382,Fukaya,Japan,36.17N,139.23E
1940-06-01,18.26,0.2289999999999999,Usak,Turkey,39.38N,29.13E
1877-04-01,27.137,1.116,Punto Fijo,Venezuela,12.05N,70.68W
1948-04-01,22.371,0.4,Guaratinguetá,Brazil,23.31S,44.56W
1771-11-01,-0.0379999999999998,4.837,Chorzow,Poland,50.63N,19.01E
1913-01-01,21.81,0.495,Jacareí,Brazil,23.31S,46.31W
1908-09-01,26.114,0.762,Binjai,Indonesia,4.02N,98.84E
1976-09-01,10.656,0.332,Novara,Italy,45.81N,8.08E
1938-11-01,21.501,0.45,Katihar,India,24.92N,86.90E
1797-03-01,-2.54,2.9960000000000004,Helsinki,Finland,60.27N,25.95E
1925-11-01,20.128,0.96,Jaunpur,India,26.52N,82.39E
1916-02-01,7.1690000000000005,0.742,Nazilli,Turkey,37.78N,28.47E
1972-08-01,16.41,0.222,Bulawayo,Zimbabwe,20.09S,29.00E
2011-03-01,22.505,0.255,Indaiatuba,Brazil,23.31S,48.06W
1977-06-01,18.445,0.332,Xuanhua,China,40.99N,115.03E
1775-05-01,11.568,3.58,Siauliai,Lithuania,55.45N,22.68E
1949-04-01,13.982,0.818,Santander,Spain,44.20N,4.47W
1892-03-01,3.641000000000001,0.718,Swansea,United Kingdom,52.24N,5.26W
1983-01-01,26.186,0.353,Sukaraja,Indonesia,7.23S,106.22E
1746-03-01,,,Bordeaux,France,44.20N,0.00W
1979-09-01,7.845,0.17,Solikamsk,Russia,60.27N,58.38E
1874-07-01,20.586,2.839,Zhangjiakou,China,40.99N,115.03E
1812-10-01,16.679000000000002,3.46,Valencia,Spain,39.38N,0.00W
1875-03-01,9.639,1.841,Rongcheng,China,26.52N,103.88E
1931-02-01,-24.353,1.555,Prokopyevsk,Russia,53.84N,85.91E
1880-01-01,12.093,1.15,Liusha,China,23.31N,116.21E
2003-03-01,28.438,0.248,Valledupar,Colombia,10.45N,72.82W
2011-06-01,19.899,0.598,Qingdao,China,36.17N,121.33E
1874-03-01,-0.875,1.133,Kerch,Ukraine,45.81N,35.77E
1902-06-01,-1.117,1.038,Punta Arenas,Chile,52.24S,70.95W
1875-10-01,22.949,1.501,Cairns,Australia,16.87S,145.67E
1852-05-01,27.16,3.188,General Escobedo,Mexico,26.52N,100.30W
1951-06-01,19.447,0.446,Hadano,Japan,36.17N,139.23E
1887-09-01,22.617,1.075,Itabuna,Brazil,15.27S,39.17W
1838-08-01,13.243,1.975,Xining,China,36.17N,101.44E
1890-07-01,28.071,0.364,Rae Bareli,India,26.52N,80.60E
1849-10-01,4.357,1.516,Anda,China,45.81N,125.77E
1986-04-01,11.774,0.257,Sakura,Japan,36.17N,141.22E
1981-10-01,20.261000000000006,0.318,Acuña,Mexico,29.74N,101.54W
1976-10-01,23.095,0.487,Ilam,Iran,32.95N,46.91E
1766-05-01,10.149,2.346,Salzburg,Austria,47.42N,13.03E
1848-02-01,-1.0799999999999998,1.564,Des Moines,United States,40.99N,93.73W
1878-07-01,26.349,0.909,Suita,Japan,34.56N,136.22E
1864-07-01,,,Bombay,India,18.48N,72.68E
1963-11-01,-5.914,0.298,Saskatoon,Canada,52.24N,107.74W
1891-06-01,27.035,0.932,Bauchi,Nigeria,10.45N,10.64E
1965-11-01,22.071,0.289,Santa Fe,Argentina,31.35S,60.31W
1892-02-01,5.46,0.812,Hangzhou,China,29.74N,120.00E
1841-04-01,28.315,2.863,Phnum Pénh,Cambodia,12.05N,105.21E
1905-09-01,23.794,0.737,Vitória De Santo Antão,Brazil,8.84S,34.86W
1831-05-01,,,Xichang,China,28.13N,102.73E
1764-05-01,10.296,4.673,Nizhniy Novgorod,Russia,57.05N,42.79E
1792-07-01,16.69,2.924,Southend On Sea,United Kingdom,52.24N,0.00W
1862-03-01,27.615,1.3019999999999998,Rangoon,Burma,16.87N,95.44E
1978-07-01,29.826,0.406,Sonipat,India,28.13N,77.27E
1836-04-01,18.749,1.6369999999999998,San Juan Del Río,Mexico,20.09N,100.66W
1959-05-01,27.496,1.112,Purworejo,Indonesia,7.23S,112.70E
1995-02-01,26.343000000000004,0.2689999999999999,Medan,Indonesia,4.02N,98.84E
1941-01-01,15.493,0.319,Orlando,United States,28.13N,80.91W
2001-06-01,16.36,0.225,Saransk,Russia,53.84N,45.00E
1909-03-01,5.001,0.526,Reno,United States,39.38N,120.69W
1910-10-01,11.326,0.3329999999999999,Sioux Falls,United States,44.20N,96.15W
1905-06-01,24.661,1.167,Neiva,Colombia,2.41N,74.73W
1992-06-01,13.832,0.351,Quebec,Canada,47.42N,72.24W
1897-06-01,25.72600000000001,0.94,Do Rud,Iran,32.95N,48.83E
1855-02-01,13.69,2.347,San Juan Del Río,Mexico,20.09N,100.66W
1946-12-01,-2.095,0.246,Rostock,Germany,53.84N,12.27E
1871-05-01,17.269000000000002,1.849,Pomona,United States,34.56N,118.70W
1886-03-01,6.24,0.498,Modesto,United States,37.78N,120.00W
1991-07-01,17.983999999999995,0.352,Riga,Latvia,57.05N,25.08E
1968-02-01,5.444999999999999,0.2319999999999999,Novorossiysk,Russia,44.20N,38.01E
1836-09-01,12.009,2.801,Cambridge,United Kingdom,52.24N,0.00W
1949-06-01,25.624,0.51,Ikare,Nigeria,7.23N,5.68E
1943-11-01,20.832,0.639,Volta Redonda,Brazil,21.70S,44.13W
2009-11-01,9.835,0.264,Kokubunji,Japan,36.17N,139.23E
1851-03-01,6.146999999999999,1.996,Mashhad,Iran,36.17N,59.67E
2008-02-01,6.2010000000000005,0.12,Rouen,France,49.03N,0.00W
1955-12-01,25.471,0.26,Cuiabá,Brazil,15.27S,55.83W
1885-03-01,25.145,1.125,Turmero,Venezuela,10.45N,67.91W
1911-08-01,24.254,0.634,Tegucigalpa,Honduras,13.66N,86.70W
1806-10-01,23.656,1.495,Hindupur,India,13.66N,76.79E
1997-01-01,-5.941,0.212,Grand Rapids,United States,42.59N,85.09W
1857-04-01,7.3820000000000014,0.636,Hagen,Germany,52.24N,7.88E
1939-05-01,10.195,0.235,Velikie Luki,Russia,57.05N,30.98E
1865-01-01,8.995000000000003,0.861,Bari,Italy,40.99N,17.04E
1813-06-01,13.970000000000002,3.06,Smolensk,Russia,55.45N,31.18E
2006-06-01,25.454,0.171,Haifa,Israel,32.95N,35.43E
1848-04-01,12.72,1.078,Gyor,Hungary,47.42N,17.76E
1948-01-01,-17.273,1.073,Abakan,Russia,53.84N,91.36E
1917-07-01,17.055,0.44,Mufulira,Zambia,12.05S,27.95E
2002-08-01,24.018,0.77,Mombasa,Kenya,4.02S,39.38E
1976-11-01,21.576,0.594,Nawabshah,Pakistan,26.52N,68.06E
1862-08-01,26.438,1.177,San Juan,Puerto Rico,18.48N,65.92W
1918-01-01,4.627000000000002,0.606,Qandahar,Afghanistan,31.35N,65.97E
1944-01-01,0.877,0.625,Lausanne,Switzerland,45.81N,5.77E
1938-10-01,23.989,0.259,Chungho,Taiwan,24.92N,120.59E
1898-02-01,23.208,0.556,Santiago,Dominican Republic,20.09N,69.95W
1872-07-01,26.433000000000003,1.056,Norfolk,United States,36.17N,75.58W
1985-05-01,33.773,0.316,Mahesana,India,23.31N,72.52E
1891-04-01,5.414,0.503,Lipetsk,Russia,52.24N,39.42E
2003-03-01,25.657,0.179,Sumedang,Indonesia,7.23S,107.84E
1888-03-01,17.062,1.013,Tembisa,South Africa,26.52S,28.66E
1875-02-01,26.933000000000003,1.035,Onitsha,Nigeria,5.63N,6.46E
1959-04-01,24.950000000000006,0.342,Gandajika,Congo (Democratic Republic Of The),7.23S,23.51E
1959-11-01,22.208,0.391,Piura,Peru,5.63S,80.72W
1868-09-01,22.172,1.721,Cabo Frio,Brazil,23.31S,42.82W
1979-12-01,23.293000000000006,0.317,Uberaba,Brazil,20.09S,47.77W
1898-03-01,16.015,0.968,Tulancingo,Mexico,20.09N,98.96W
1945-10-01,10.694,0.147,Huddersfield,United Kingdom,53.84N,1.36W
1854-11-01,13.288,1.963,Quetta,Pakistan,29.74N,66.46E
1820-07-01,16.430000000000003,3.798,Plzen,Czech Republic,50.63N,13.94E
2012-12-01,-2.826,0.782,Augsburg,Germany,47.42N,10.66E
1999-09-01,20.513,0.296,Lisbon,Portugal,39.38N,8.32W
1838-01-01,,,Sungai Petani,Malaysia,5.63N,100.09E
1936-10-01,23.865,0.223,Mandi Bahauddin,Pakistan,32.95N,73.72E
1968-02-01,21.776,0.294,Choloma,Honduras,15.27N,87.50W
1956-11-01,26.145000000000003,0.45,Kanchipuram,India,13.66N,80.09E
1896-11-01,3.88,1.043,Shahr E Kord,Iran,32.95N,50.74E
1928-05-01,13.117,0.297,Genoa,Italy,44.20N,8.94E
1988-03-01,7.636,0.15,Imabari,Japan,34.56N,132.32E
2000-08-01,17.5,0.306,The Hague,Netherlands,52.24N,5.26E
1950-09-01,12.527,0.161,Newport,United Kingdom,52.24N,2.63W
1792-04-01,1.959,2.595,Ufa,Russia,55.45N,56.69E
1936-10-01,13.942999999999998,0.418,Marseille,France,42.59N,6.55E
1923-09-01,28.237,0.469,Thiès,Senegal,15.27N,17.50W
1993-08-01,11.822,0.66,Vina Del Mar,Chile,32.95S,71.81W
1940-04-01,10.753,0.2319999999999999,Mitaka,Japan,36.17N,139.23E
1902-11-01,0.508,0.64,Budapest,Hungary,47.42N,20.13E
1960-03-01,27.359,0.361,Pontianak,Indonesia,0.80S,110.09E
1827-08-01,,,Saltillo,Mexico,24.92N,101.08W
1933-12-01,26.918000000000003,0.452,Kendari,Indonesia,4.02S,122.95E
1841-11-01,23.497,2.07,Barasat,India,23.31N,88.25E
1862-09-01,19.989,1.693,Magé,Brazil,23.31S,42.82W
1963-11-01,11.599,0.417,Temuco,Chile,39.38S,72.83W
1779-01-01,5.920999999999999,3.182,Virginia Beach,United States,36.17N,75.58W
1871-01-01,0.2590000000000001,1.859,Chofu,Japan,36.17N,139.23E
1939-12-01,2.6180000000000003,0.544,Karaman,Turkey,37.78N,32.54E
1976-08-01,27.525,0.253,Zaoyang,China,31.35N,113.09E
2001-08-01,26.833,0.267,Pyay,Burma,18.48N,94.65E
1964-02-01,26.208,0.573,Rio De Janeiro,Brazil,23.31S,42.82W
2010-08-01,28.348000000000003,0.545,Shaoguan,China,24.92N,113.50E
1836-10-01,11.797,3.189,Zhaotong,China,26.52N,103.88E
1955-06-01,24.389,0.312,Bhadravati,India,13.66N,75.14E
1857-03-01,2.697,1.151,Budapest,Hungary,47.42N,20.13E
1956-10-01,25.52,0.3229999999999999,Bidar,India,18.48N,77.75E
1810-08-01,,,Shillong,India,24.92N,92.22E
1984-02-01,-0.85,0.222,Chemnitz,Germany,50.63N,13.94E
1893-06-01,18.787,1.61,Tabriz,Iran,37.78N,46.78E
1810-07-01,,,Aurangabad,India,20.09N,75.07E
1957-08-01,15.684,0.708,Miass,Russia,55.45N,59.53E
1899-08-01,19.59,1.246,Guayaquil,Ecuador,2.41S,79.55W
1781-12-01,0.736,7.249,Ljubljana,Slovenia,45.81N,15.00E
1918-12-01,5.6610000000000005,0.629,Las Vegas,United States,36.17N,115.36W
1959-08-01,30.533,0.154,Hisar,India,29.74N,75.69E
1889-12-01,9.292,1.6780000000000002,Lancaster,United States,34.56N,118.70W
1819-07-01,25.957,1.264,Madanapalle,India,13.66N,78.44E
1934-11-01,25.822,1.411,Camaçari,Brazil,12.05S,37.81W
1842-11-01,11.880999999999998,1.4680000000000002,Huelva,Spain,37.78N,6.10W
1916-05-01,13.822,0.7140000000000001,Fuenlabrada,Spain,40.99N,4.26W
1835-01-01,-5.8660000000000005,2.265,Toronto,Canada,44.20N,80.50W
1891-04-01,12.298,0.252,Hiroshima,Japan,34.56N,132.32E
1900-01-01,23.72300000000001,1.658,Madurai,India,10.45N,77.73E
1968-01-01,23.84,0.325,Harare,Zimbabwe,18.48S,30.42E
1811-06-01,,,Hubli,India,15.27N,75.83E
1962-12-01,14.752,0.256,Benghazi,Libya,32.95N,20.11E
1854-06-01,25.183000000000003,1.814,Oklahoma City,United States,36.17N,97.46W
1894-09-01,20.833,0.703,Zhangdian,China,36.17N,117.35E
1994-06-01,22.184,0.239,Komaki,Japan,34.56N,136.22E
1899-03-01,15.409,0.821,Tali,Taiwan,24.92N,120.59E
2005-03-01,4.236999999999999,0.095,Takaoka,Japan,36.17N,137.24E
2002-09-01,27.154,0.439,Rengasdengklok,Indonesia,5.63S,106.55E
1916-12-01,24.051,0.5820000000000001,Mejicanos,El Salvador,13.66N,90.00W
1876-04-01,20.228,1.018,Jieshi,China,23.31N,116.21E
2001-07-01,29.581,0.207,Unnao,India,26.52N,80.60E
1974-11-01,5.644,0.5670000000000001,Nukus,Uzbekistan,42.59N,58.91E
1974-12-01,4.8420000000000005,0.188,Newcastle Upon Tyne,United Kingdom,55.45N,2.83W
1882-09-01,11.598,0.425,Hamilton,New Zealand,37.78S,174.92E
1959-11-01,13.235,0.565,Nogales,United States,31.35N,111.20W
1901-12-01,1.098,1.331,Kaifeng,China,34.56N,114.81E
1755-04-01,10.302,3.162,Kherson,Ukraine,47.42N,31.97E
1927-01-01,3.536,0.226,Rotterdam,Netherlands,52.24N,5.26E
1846-07-01,,,Juazeiro Do Norte,Brazil,7.23S,39.73W
1969-05-01,18.96,0.445,Ruse,Bulgaria,44.20N,26.83E
1935-03-01,29.72,0.193,Dharmavaram,India,15.27N,77.50E
1883-07-01,-2.2030000000000003,1.004,San Bernardo,Chile,32.95S,69.89W
1964-10-01,8.877,0.27,Paris,France,49.03N,2.45E
1992-11-01,17.467000000000002,0.41,Ciudad Valles,Mexico,21.70N,99.52W
1948-11-01,26.693,0.141,Ondo,Nigeria,7.23N,4.05E
1915-06-01,22.962,0.428,Pemba,Mozambique,13.66S,40.46E
1956-07-01,35.568000000000005,0.596,Khorramshahr,Iran,29.74N,48.00E
1953-04-01,11.457,0.42,Qarchak,Iran,36.17N,51.71E
1787-04-01,5.821000000000001,3.319,Sunderland,United Kingdom,55.45N,2.83W
1854-04-01,16.636000000000006,1.4880000000000002,Alexandria,Egypt,31.35N,30.16E
1997-10-01,23.489,0.228,Yüanlin,Taiwan,24.92N,120.59E
1989-10-01,17.866,0.185,Chongqing,China,29.74N,107.08E
1832-05-01,24.861,2.079,Shiliguri,India,26.52N,87.76E
1936-05-01,21.12,0.289,Alexandria,Egypt,31.35N,30.16E
1910-10-01,26.345,0.76,Várzea Grande,Brazil,15.27S,55.83W
1967-06-01,26.881,0.406,Bontang,Indonesia,0.80N,118.13E
1922-08-01,19.276,0.457,Iasi,Romania,47.42N,27.24E
1915-01-01,26.86,0.644,Kochi,India,10.45N,76.09E
1931-02-01,-8.902000000000003,0.92,Makiyivka,Ukraine,47.42N,39.08E
1984-12-01,26.44,0.3329999999999999,Singkawang,Indonesia,0.80N,108.48E
1972-06-01,18.619,0.391,Corrientes,Argentina,28.13S,59.09W
1881-11-01,16.244,0.627,Charleston,United States,32.95N,79.47W
1876-01-01,23.71,1.305,Manila,Philippines,15.27N,120.83E
2006-01-01,27.894,0.542,Djougou,Benin,10.45N,2.45E
1778-08-01,20.237,3.508,Vitoria,Spain,42.59N,2.18W
1954-10-01,24.268,0.215,Encheng,China,21.70N,111.63E
1893-09-01,12.302,0.461,Kingston Upon Hull,United Kingdom,53.84N,1.36W
1906-01-01,4.313,0.7509999999999999,Zhuzhou,China,28.13N,113.64E
1976-09-01,20.201,0.376,Rio Claro,Brazil,21.70S,47.60W
1824-02-01,8.917,1.825,Murcia,Spain,37.78N,2.03W
1814-11-01,3.137,7.713999999999999,Freiburg,Germany,47.42N,8.29E
1930-04-01,5.174,0.33,Cheboksary,Russia,55.45N,48.19E
1961-10-01,14.845999999999998,0.361,Zhucheng,China,36.17N,119.34E
1930-03-01,17.213,0.282,Quito,Ecuador,0.80S,77.95W
1971-12-01,25.863000000000003,0.284,Bogor,Indonesia,7.23S,106.22E
1917-04-01,2.383,0.509,Zalantun,China,47.42N,121.97E
2012-03-01,3.084,0.529,Baku,Azerbaijan,40.99N,48.99E
1944-04-01,27.738000000000003,0.331,Sonipat,India,28.13N,77.27E
1967-12-01,17.887,0.691,Aswan,Egypt,23.31N,32.33E
1852-01-01,9.207,2.0780000000000003,Mersin,Turkey,36.17N,33.81E
1977-04-01,11.307,0.126,Cusco,Peru,13.66S,71.83W
1811-09-01,12.334,3.419,Ramnicu Valcea,Romania,45.81N,24.23E
1908-08-01,26.292,0.6,Jambi,Indonesia,0.80S,103.66E
1864-06-01,14.429,1.569,Bulawayo,Zimbabwe,20.09S,29.00E
1909-10-01,24.326,0.826,Kinshasa,Congo (Democratic Republic Of The),4.02S,15.27E
1928-06-01,26.238000000000003,0.7340000000000001,Tengzhou,China,34.56N,116.76E
1839-12-01,14.042,1.983,Dharan,Nepal,26.52N,87.76E
1953-06-01,26.687,0.241,Sanhsia,Taiwan,24.92N,120.59E
1856-06-01,21.718000000000004,1.615,Fukuyama,Japan,34.56N,134.27E
1974-08-01,10.455,0.502,Curico,Chile,34.56S,72.00W
1893-06-01,15.408,0.959,East London,South Africa,32.95S,27.77E
1956-09-01,27.067,0.536,Semarang,Indonesia,7.23S,111.08E
1820-08-01,22.866,2.402,Pune,India,18.48N,74.37E
1887-03-01,2.781,0.701,Kayseri,Turkey,39.38N,35.38E
1983-05-01,14.227,0.88,Calama,Chile,23.31S,69.03W
1888-03-01,-11.295,2.376,Irkutsk,Russia,52.24N,105.11E
1837-07-01,20.969,1.496,Isparta,Turkey,37.78N,30.51E
1815-07-01,26.269,2.7030000000000003,Huelva,Spain,37.78N,6.10W
1893-02-01,24.302,0.5539999999999999,Jolo,Philippines,5.63N,119.46E
1918-04-01,26.459,0.524,Monrovia,Liberia,7.23N,10.54W
1844-08-01,19.681,2.898,Flint,United States,42.59N,82.91W
1799-12-01,-5.291,2.024,Reutlingen,Germany,49.03N,9.80E
1745-11-01,,,Kryvyy Rih,Ukraine,47.42N,34.34E
1821-08-01,28.385,1.406,Balurghat,India,24.92N,88.67E
1795-09-01,14.841,5.157,Oldham,United Kingdom,53.84N,1.36W
1890-12-01,8.119,0.8909999999999999,Jiujiang,China,29.74N,116.31E
1745-05-01,,,Terrassa,Spain,40.99N,2.13E
1996-01-01,0.399,0.312,Takaoka,Japan,36.17N,137.24E
1909-05-01,24.586,0.557,Acuña,Mexico,29.74N,101.54W
1778-07-01,,,Colorado Springs,United States,39.38N,104.05W
1843-06-01,28.328000000000003,1.065,Meiktila,Burma,20.09N,95.55E
1865-10-01,5.542000000000002,1.027,Guelph,Canada,44.20N,80.50W
1977-07-01,19.987,0.271,Eldoret,Kenya,0.80N,34.55E
1941-01-01,12.994000000000002,0.472,Jerusalem,Israel,31.35N,35.81E
1864-03-01,25.804,1.3159999999999998,Petaling Jaya,Malaysia,2.41N,102.05E
1847-01-01,,,Bragança Paulista,Brazil,23.31S,46.31W
1857-06-01,23.822,1.225,Huaihua,China,28.13N,110.00E
1840-05-01,10.970999999999998,1.569,Gera,Germany,50.63N,11.41E
2007-04-01,14.415,0.434,Le Mans,France,47.42N,1.18E
1874-04-01,28.132,0.951,Erode,India,12.05N,77.26E
1989-12-01,-6.676,0.37,Dayton,United States,39.38N,83.24W
1833-06-01,25.327,2.322,Imphal,India,24.92N,93.99E
1859-05-01,15.225,0.778,Yingkou,China,40.99N,123.55E
1926-06-01,18.14,0.4679999999999999,Colorado Springs,United States,39.38N,104.05W
1921-04-01,16.537,0.6409999999999999,Qabis,Tunisia,34.56N,9.73E
1979-02-01,7.372999999999999,0.213,Itami,Japan,34.56N,136.22E
1850-09-01,19.76,1.465,Odawara,Japan,36.17N,139.23E
1891-01-01,13.31,1.219,Abadan,Iran,29.74N,48.00E
1987-10-01,26.239,0.316,Akure,Nigeria,7.23N,5.68E
1920-11-01,25.799,0.488,Montalban,Philippines,15.27N,120.83E
1986-10-01,11.195,0.226,Amersfoort,Netherlands,52.24N,5.26E
1863-06-01,18.157,1.784,Srinagar,India,34.56N,73.95E
1848-12-01,11.303,1.416,Jhelum,Pakistan,32.95N,73.72E
1850-03-01,,,Serra,Brazil,20.09S,40.95W
1882-09-01,22.388,0.565,Huainan,China,32.95N,117.77E
1974-12-01,7.38,0.213,Watford,United Kingdom,52.24N,0.00W
1965-08-01,27.375,0.382,Higüey,Dominican Republic,18.48N,69.30W
1964-02-01,-3.11,0.273,Heze,China,34.56N,114.81E
1945-05-01,18.063,0.304,Resistencia,Argentina,28.13S,59.09W
1834-10-01,21.689,1.771,Ilam,Iran,32.95N,46.91E
1840-01-01,-10.724,2.162,Orekhovo Zuevo,Russia,55.45N,39.69E
1755-03-01,-4.6610000000000005,5.437,Västerås,Sweden,60.27N,16.22E
2007-08-01,16.573,0.449,Öskemen,Kazakhstan,50.63N,82.39E
1895-02-01,-2.431,0.733,Richmond,United States,37.78N,77.29W
1855-06-01,27.844,0.942,Pétionville,Haiti,18.48N,72.68W
1869-02-01,6.64,2.089,Salamanca,Spain,40.99N,6.39W
1856-03-01,-1.846,1.2,Botosani,Romania,47.42N,27.24E
1986-09-01,27.584,0.423,Matanzas,Cuba,23.31N,81.26W
1814-12-01,7.718999999999999,4.968999999999999,Little Rock,United States,34.56N,91.46W
1927-05-01,28.537,0.355,Narayanganj,Bangladesh,23.31N,90.00E
1948-01-01,8.622,0.4029999999999999,Kunming,China,24.92N,102.86E
1873-01-01,25.593000000000004,1.435,Timon,Brazil,5.63S,43.59W
1976-10-01,23.515,0.32,Islamabad,Pakistan,32.95N,73.72E
1970-07-01,26.197000000000006,0.198,Madurai,India,10.45N,77.73E
1889-10-01,17.002,0.472,Fuji,Japan,34.56N,138.16E
1991-06-01,19.768,0.19,Perm,Russia,58.66N,55.38E
1819-11-01,4.397,2.265,Marand,Iran,39.38N,45.78E
1982-01-01,15.246,0.3779999999999999,Ismailia,Egypt,31.35N,32.04E
1806-03-01,4.642,2.893,Sutton Coldfield,United Kingdom,52.24N,2.63W
1768-02-01,11.773,6.375,Warqla,Algeria,31.35N,5.65E
1832-01-01,,,Managua,Nicaragua,12.05N,85.48W
1871-10-01,21.92,1.3119999999999998,Conselheiro Lafaiete,Brazil,20.09S,44.36W
1930-06-01,31.945,0.732,Machilipatnam,India,15.27N,80.83E
1949-11-01,14.854,0.335,Aleppo,Syria,36.17N,37.79E
1954-01-01,2.547,0.225,Leicester,United Kingdom,52.24N,0.00W
1951-01-01,14.822,0.465,Chhapra,India,26.52N,84.18E
1776-11-01,-0.0499999999999998,4.883,Mazyr,Belarus,52.24N,28.91E
1834-07-01,29.764,1.889,Garland,United States,32.95N,96.70W
1922-05-01,19.89,0.866,Misratah,Libya,32.95N,14.36E
1966-01-01,-14.069,0.5379999999999999,Tampere,Finland,61.88N,22.08E
1942-05-01,28.293000000000003,0.379,Udon Thani,Thailand,16.87N,102.14E
1972-08-01,20.331,0.441,Mytishchi,Russia,55.45N,36.85E
1907-02-01,17.794,0.462,Hajipur,India,24.92N,85.12E
1893-11-01,3.302,0.965,Cluj Napoca,Romania,47.42N,22.50E
1859-04-01,32.997,1.234,Maiduguri,Nigeria,12.05N,13.15E
1936-05-01,25.003,1.31,Nossa Senhora Do Socorro,Brazil,10.45S,36.82W
1853-05-01,32.383,0.527,Tambaram,India,13.66N,80.09E
1915-08-01,20.451,0.505,Stara Zagora,Bulgaria,42.59N,26.18E
1804-02-01,-0.1640000000000001,2.5660000000000003,Karaman,Turkey,37.78N,32.54E
1945-11-01,18.397,0.265,Saharanpur,India,29.74N,77.54E
1868-03-01,0.1919999999999999,1.14,Ploiesti,Romania,45.81N,26.54E
1962-01-01,17.71,0.28,Haora,India,23.31N,88.25E
1871-07-01,26.486,1.73,Memphis,United States,34.56N,89.51W
1972-07-01,18.055,0.2739999999999999,Limoges,France,45.81N,1.15E
1878-09-01,25.373,1.763,Piedras Negras,Mexico,28.13N,100.91W
1816-12-01,-14.255,2.813,Zlatoust,Russia,55.45N,59.53E
1923-02-01,-1.649,0.295,Koszalin,Poland,53.84N,15.00E
1995-06-01,25.316,0.253,Savannah,United States,31.35N,81.05W
1841-11-01,23.653,1.4340000000000002,Khammam,India,16.87N,80.37E
1856-07-01,27.06,0.946,Kuantan,Malaysia,4.02N,103.66E
1983-08-01,25.291,0.29,Oyama,Japan,36.17N,139.23E
1923-06-01,24.404,0.493,Aktau,Kazakhstan,44.20N,51.43E
2000-10-01,26.83,0.216,San Juan,Puerto Rico,18.48N,65.92W
1907-12-01,6.904999999999999,0.612,Bordeaux,France,44.20N,0.00W
1890-12-01,16.923,0.618,Banda,India,24.92N,79.80E
1788-09-01,14.505,2.214,Saint Paul,United States,45.81N,93.46W
1808-02-01,-2.339,2.383,Timisoara,Romania,45.81N,21.92E
1883-04-01,13.953,0.8909999999999999,Leshan,China,29.74N,103.38E
1833-11-01,,,Kuala Terengganu,Malaysia,5.63N,103.32E
1936-12-01,1.118,0.348,Wiesbaden,Germany,50.63N,8.87E
1944-05-01,25.102,0.226,Haicheng,China,23.31N,114.47E
1904-10-01,7.651,0.6809999999999999,Dongling,China,40.99N,123.55E
1950-09-01,24.681,0.123,Gbongan,Nigeria,7.23N,4.05E
2006-05-01,24.678,0.45,Cape Coral,United States,26.52N,82.39W
1865-10-01,20.276,0.976,Lafayette,United States,29.74N,92.31W
1828-09-01,24.589,1.271,Burhanpur,India,21.70N,77.02E
1988-08-01,26.617,0.366,Palembang,Indonesia,2.41S,105.27E
1915-04-01,26.146,0.45,Lumajang,Indonesia,8.84S,112.70E
1972-08-01,20.224,0.204,Angren,Uzbekistan,40.99N,70.30E
1873-02-01,4.630999999999999,1.822,Gorgan,Iran,36.17N,53.70E
1881-07-01,27.997,0.2019999999999999,Dhanbad,India,23.31N,86.50E
1948-10-01,24.475,0.581,Campo Grande,Brazil,20.09S,54.60W
1953-01-01,22.58,0.266,Hadejia,Nigeria,12.05N,9.86E
1849-11-01,-15.526,1.84,Chita,Russia,52.24N,112.99E
2000-06-01,18.652,0.401,Sakata,Japan,39.38N,139.42E
1986-04-01,13.794,0.319,Hayward,United States,37.78N,122.03W
1973-05-01,12.782,0.211,Montevideo,Uruguay,34.56S,56.43W
1867-03-01,-8.663,2.379,Yichun,China,47.42N,129.08E
1937-01-01,4.533,0.2319999999999999,Yonago,Japan,36.17N,133.26E
1888-02-01,1.7840000000000005,1.656,Maanshan,China,31.35N,118.74E
1959-01-01,-6.406000000000001,0.353,Rochester,United States,42.59N,78.55W
2009-02-01,26.481,0.489,Manado,Indonesia,0.80N,124.55E
1914-03-01,-1.2319999999999998,0.491,Novomoskovsk,Russia,53.84N,39.55E
1914-12-01,20.998,0.8140000000000001,Barbacena,Brazil,21.70S,44.13W
1950-03-01,19.493,0.405,Qinzhou,China,21.70N,108.17E
1882-04-01,6.615000000000001,0.989,Puerto Montt,Chile,40.99S,72.43W
1836-12-01,13.716,2.122,Karnal,India,29.74N,77.54E
1775-07-01,21.748,2.298,Saratov,Russia,52.24N,47.30E
1975-03-01,18.879,0.158,Zhongshan,China,21.70N,113.37E
1899-06-01,24.586,1.41,Taizhou,China,32.95N,119.68E
1927-07-01,27.767,0.181,Carrollton,United States,32.95N,96.70W
1879-07-01,23.262,1.0490000000000002,Cleveland,United States,40.99N,80.95W
1931-11-01,7.444,0.452,Gent,Belgium,50.63N,3.80E
1913-08-01,25.616,0.314,Akashi,Japan,34.56N,134.27E
1857-08-01,18.878,1.0,Ribeirão Das Neves,Brazil,20.09S,44.36W
1842-05-01,16.907,1.176,Anqiu,China,36.17N,119.34E
2005-09-01,29.189,0.387,Gwalior,India,26.52N,78.81E
1913-02-01,22.83,0.38,Taboão Da Serra,Brazil,23.31S,46.31W
1953-08-01,26.847,0.369,Nanyang,China,32.95N,112.02E
1963-05-01,23.708,0.1939999999999999,Pemba,Mozambique,13.66S,40.46E
1861-06-01,,,Tanga,Tanzania,5.63S,38.74E
1962-06-01,16.819999999999997,0.764,Kuito,Angola,12.05S,16.44E
1940-09-01,25.567,0.3379999999999999,El Faiyûm,Egypt,29.74N,31.38E
1915-10-01,25.889000000000006,0.508,Tagum,Philippines,7.23N,125.68E
1906-09-01,14.885000000000002,0.3389999999999999,Tomakomai,Japan,42.59N,141.82E
1912-01-01,23.25,0.327,Los Teques,Venezuela,10.45N,66.27W
1992-04-01,16.367,0.2739999999999999,Xiazhen,China,34.56N,116.76E
1933-09-01,25.524,0.505,Libreville,Gabon,0.80N,8.84E
2012-05-01,19.216,0.4529999999999999,Rio Claro,Brazil,21.70S,47.60W
1811-02-01,,,Itarsi,India,23.31N,77.77E
1961-08-01,30.944000000000003,0.695,Guaymas,Mexico,28.13N,110.00W
1909-07-01,27.755,0.662,Duma,Syria,32.95N,37.34E
1910-10-01,25.732,0.3279999999999999,Kano,Nigeria,12.05N,8.22E
1776-11-01,-3.881,3.663,Balakovo,Russia,52.24N,47.30E
1867-12-01,23.704,1.774,Garut,Indonesia,7.23S,107.84E
1823-02-01,16.835,2.548,Churu,India,28.13N,75.45E
1989-02-01,1.457,0.331,Milan,Italy,45.81N,8.08E
1979-08-01,23.114,0.374,Rasht,Iran,37.78N,48.81E
2000-08-01,27.501,0.236,Cebu,Philippines,10.45N,123.55E
2004-07-01,16.398,0.565,Trujillo,Peru,8.84S,78.65W
1892-04-01,6.569,0.214,Manchester,United Kingdom,53.84N,1.36W
2000-06-01,17.002,0.297,Kislovodsk,Russia,44.20N,42.48E
1843-10-01,20.889,1.291,Pouso Alegre,Brazil,21.70S,45.87W
1911-10-01,13.872,0.1689999999999999,Ashikaga,Japan,36.17N,139.23E
1901-03-01,-3.3090000000000006,2.335,Edmonton,Canada,53.84N,113.18W
1947-06-01,26.271,0.38,San Miguelito,Panama,8.84N,80.27W
1869-03-01,16.701,1.471,Guangzhou,China,23.31N,112.72E
1896-11-01,26.463,0.773,Gudalur,India,12.05N,80.55E
1950-08-01,27.484,0.708,Huaiyin,China,32.95N,119.68E
1949-11-01,27.263,0.455,Kismayo,Somalia,0.80S,42.59E
2000-10-01,18.058,0.136,Toyonaka,Japan,34.56N,136.22E
1781-12-01,-6.808999999999998,8.18,Turku,Finland,60.27N,22.70E
1979-08-01,19.196,0.373,Balti,Moldova,47.42N,27.24E
1902-11-01,11.645,1.13,Wellington,New Zealand,40.99S,174.67E
1807-10-01,,,Kamensk Uralskiy,Russia,55.45N,62.36E
2004-11-01,22.704,0.374,Dinajpur,Bangladesh,24.92N,88.67E
1847-09-01,20.289,1.082,Clarksville,United States,36.17N,87.51W
1844-06-01,14.03,1.221,Bratsk,Russia,55.45N,102.05E
1940-12-01,5.816000000000002,0.425,Richmond,United States,37.78N,77.29W
1753-12-01,-2.898,3.292,Timisoara,Romania,45.81N,21.92E
1910-11-01,23.402,0.208,Nandyal,India,15.27N,79.17E
1918-01-01,18.31600000000001,1.0759999999999998,Cuernavaca,Mexico,18.48N,99.72W
1953-03-01,28.785,0.278,Bansbaria,India,23.31N,88.25E
1895-10-01,6.857,0.313,Serpukhov,Russia,55.45N,36.85E
1916-10-01,27.448,0.283,Kalmunai,Sri Lanka,7.23N,81.89E
2007-10-01,26.468000000000004,0.6459999999999999,Inisa,Nigeria,7.23N,4.05E
1995-01-01,27.207,0.63,Ife,Nigeria,7.23N,4.05E
1909-11-01,21.855,0.636,Ribeirão Das Neves,Brazil,20.09S,44.36W
1898-06-01,26.93,0.29,Camagüey,Cuba,21.70N,78.75W
1957-10-01,17.578,0.481,Xiangdong,China,28.13N,113.64E
1950-10-01,10.401,0.309,Christchurch,New Zealand,44.20S,172.17E
1937-07-01,22.455,0.976,Matadi,Congo (Democratic Republic Of The),5.63S,12.91E
1864-04-01,10.814,0.899,Hachioji,Japan,36.17N,139.23E
1923-11-01,24.075,0.4039999999999999,Bhavnagar,India,21.70N,71.83E
1883-04-01,26.15,0.508,Pasarkemis,Indonesia,5.63S,106.55E
1988-11-01,24.826,0.289,Kota Kinabalu,Malaysia,5.63N,116.23E
1953-02-01,24.272,0.5920000000000001,Burhanpur,India,21.70N,77.02E
2007-01-01,13.642,0.445,Liancheng,China,21.70N,109.90E
1984-11-01,21.247,0.217,Liancheng,China,21.70N,109.90E
1897-07-01,26.849,0.593,Bhiwandi,India,20.09N,73.36E
1987-12-01,3.502,0.235,Witten,Germany,52.24N,7.88E
1922-07-01,23.0,0.49,Antalya,Turkey,37.78N,30.51E
1899-06-01,29.301,0.946,Baleshwar,India,21.70N,87.40E
1990-06-01,24.832,0.432,Dekernes,Egypt,31.35N,32.04E
1996-12-01,6.465,0.2019999999999999,Atlanta,United States,34.56N,83.68W
1991-07-01,19.466,0.27,Mazyr,Belarus,52.24N,28.91E
1977-03-01,7.928,0.22,Lille,France,50.63N,3.80E
1860-10-01,26.244,0.774,Pétionville,Haiti,18.48N,72.68W
1908-05-01,31.023000000000003,0.625,Habra,India,23.31N,88.25E
1804-11-01,3.4610000000000003,5.422999999999999,Neuss,Germany,50.63N,6.34E
1864-08-01,28.556,1.202,Dinajpur,Bangladesh,24.92N,88.67E
1764-04-01,6.193,4.886,Walbrzych,Poland,50.63N,16.48E
1945-11-01,2.228,0.307,Benxi,China,40.99N,123.55E
1960-12-01,13.744000000000002,0.486,San Carlos De Bariloche,Argentina,40.99S,70.30W
1978-05-01,14.174,0.288,Shuangcheng,China,45.81N,125.77E
2006-04-01,23.08,0.44,Cape Coral,United States,26.52N,82.39W
1938-01-01,2.915,0.19,Kadoma,Japan,34.56N,136.22E
1947-02-01,27.462,0.698,Port Gentil,Gabon,0.80S,8.84E
1976-05-01,15.573,0.357,Matsudo,Japan,36.17N,139.23E
1940-10-01,25.606,0.792,Gorontalo,Indonesia,0.80N,122.95E
1772-12-01,5.66,4.055,Angers,France,47.42N,1.18W
1952-05-01,12.194,0.218,Bremen,Germany,53.84N,9.55E
1898-08-01,19.29,0.3979999999999999,Saarbrücken,Germany,49.03N,7.35E
1775-01-01,0.6,5.614,Saarbrücken,Germany,49.03N,7.35E
1977-02-01,-5.426,0.544,Saskatoon,Canada,52.24N,107.74W
1895-05-01,25.045,0.8740000000000001,Huizhou,China,23.31N,114.47E
1848-01-01,,,Batangas,Philippines,13.66N,121.38E
1936-01-01,24.49,0.5489999999999999,Cumaná,Venezuela,10.45N,64.64W
1810-03-01,,,Asansol,India,23.31N,86.50E
1962-08-01,25.042,0.244,Zhoucun,China,36.17N,117.35E
1849-09-01,17.528000000000002,1.052,Leghorn,Italy,44.20N,11.18E
1854-03-01,25.691,0.975,Maturín,Venezuela,10.45N,63.00W
1866-09-01,8.942,2.879,Rubtsovsk,Russia,52.24N,81.46E
1947-11-01,21.359,0.173,Hathras,India,28.13N,77.27E
1897-04-01,7.423999999999999,0.425,Manchester,United States,42.59N,72.00W
1931-06-01,9.417,0.613,Jinchang,China,37.78N,101.69E
1991-12-01,23.538,0.204,Minatitlán,Mexico,18.48N,94.65W
2012-11-01,15.383,0.353,Dahuk,Iraq,36.17N,43.76E
1889-11-01,17.903,1.025,Rio Cuarto,Argentina,32.95S,64.15W
1905-01-01,3.0619999999999994,0.703,Turgutlu,Turkey,37.78N,28.47E
1947-01-01,16.734,0.542,Santa Cruz De Tenerife,Spain,28.13N,15.45W
1912-01-01,22.337,0.472,Chingola,Zambia,12.05S,27.95E
1994-05-01,32.762,0.48,Rabak,Sudan,13.66N,32.20E
1907-05-01,12.706,0.392,Albuquerque,United States,34.56N,107.03W
1872-02-01,,,Parnaíba,Brazil,2.41S,40.98W
1941-05-01,21.773000000000003,0.433,Kaifeng,China,34.56N,114.81E
2008-08-01,21.036,0.434,Bukavu,Congo (Democratic Republic Of The),2.41S,28.13E
1869-09-01,27.31,0.862,Xiaolan,China,23.31N,112.72E
1906-06-01,14.262,0.6990000000000001,Peterborough,United Kingdom,52.24N,0.00W
1968-09-01,27.865,0.262,Rach Gia,Vietnam,10.45N,105.55E
1974-02-01,24.422,0.401,Chiclayo,Peru,7.23S,80.27W
1869-01-01,-2.0780000000000003,2.106,Siirt,Turkey,37.78N,42.71E
1766-06-01,20.785,7.237,Ravenna,Italy,44.20N,11.18E
1903-07-01,16.941000000000006,0.544,Lille,France,50.63N,3.80E
1964-04-01,32.302,0.268,Korba,India,21.70N,82.21E
1870-01-01,12.195,1.729,Ambala,India,29.74N,77.54E
1936-01-01,3.4000000000000004,0.852,Viransehir,Turkey,37.78N,40.68E
2001-12-01,24.832,0.29,Portoviejo,Ecuador,0.80S,81.16W
1909-04-01,5.308,0.319,Colorado Springs,United States,39.38N,104.05W
1806-06-01,21.42,1.6130000000000002,Reggio Di Calabria,Italy,37.78N,16.27E
1861-07-01,25.332,1.911,Anjo,Japan,34.56N,136.22E
1968-06-01,28.222,0.413,Guadalupe,Mexico,26.52N,100.30W
1931-08-01,12.17,0.6659999999999999,Bethal,South Africa,26.52S,28.66E
1913-12-01,15.977,0.507,Gangapur,India,26.52N,77.01E
1838-06-01,15.711,1.508,Trier,Germany,49.03N,7.35E
1951-07-01,30.533,0.25,Alandur,India,13.66N,80.09E
1851-02-01,6.835,1.013,Naples,Italy,40.99N,14.91E
1862-04-01,,,Vinh Long,Vietnam,10.45N,105.55E
1861-11-01,,,Patan,India,23.31N,72.52E
1803-03-01,-4.315,3.228,Tula,Russia,53.84N,36.82E
1886-10-01,10.591,0.76,Cologne,Germany,50.63N,6.34E
1928-06-01,14.659,0.653,Gliwice,Poland,50.63N,19.01E
2010-08-01,19.421,0.211,Sherbrooke,Canada,45.81N,72.69W
1918-11-01,1.7049999999999998,0.4639999999999999,Warsaw,Poland,52.24N,21.02E
1821-01-01,5.797999999999999,3.728,Poole,United Kingdom,50.63N,1.27W
1951-11-01,4.696000000000001,0.406,Erzincan,Turkey,39.38N,39.54E
1997-05-01,18.593,0.335,Hortolândia,Brazil,23.31S,48.06W
1975-06-01,18.996,0.3389999999999999,Hitachi,Japan,36.17N,141.22E
1788-04-01,13.527,3.595,Knoxville,United States,36.17N,83.54W
1759-11-01,18.401,4.093,Orlando,United States,28.13N,80.91W
1796-02-01,0.7140000000000001,1.501,Dresden,Germany,50.63N,13.94E
1875-12-01,24.284,1.127,Floridablanca,Colombia,7.23N,73.78W
1793-01-01,-8.213,4.167,Madison,United States,42.59N,89.45W
1937-06-01,26.014,0.32,Fayetteville,United States,34.56N,79.78W
1855-01-01,3.904,2.575,Niigata,Japan,37.78N,138.31E
1977-03-01,27.907,0.344,Chandpur,Bangladesh,23.31N,90.00E
2002-05-01,25.657,0.59,Araruama,Brazil,23.31S,42.82W
1842-01-01,23.237,1.5619999999999998,Itaguaí,Brazil,23.31S,44.56W
1998-03-01,5.1690000000000005,0.147,Allentown,United States,40.99N,74.56W
1933-04-01,30.761,0.52,Latur,India,18.48N,76.06E
2006-08-01,27.543000000000003,0.349,Tengzhou,China,34.56N,116.76E
1986-12-01,25.985,0.4029999999999999,Warri,Nigeria,5.63N,6.46E
1848-02-01,,,Cubatão,Brazil,23.31S,46.31W
2007-10-01,26.739,0.1,Klang,Malaysia,2.41N,102.05E
1894-07-01,29.019,0.539,Kalmunai,Sri Lanka,7.23N,81.89E
1845-07-01,26.131,0.802,Paramaribo,Suriname,5.63N,54.89W
1914-10-01,24.451,0.4529999999999999,Rampur,India,28.13N,79.09E
1926-12-01,4.807,0.5,Bursa,Turkey,39.38N,29.13E
1944-10-01,27.167,0.359,Vung Tau,Vietnam,10.45N,107.18E
1752-12-01,-4.1450000000000005,1.203,Lowell,United States,42.59N,72.00W
1895-11-01,19.306,0.633,Chuncheng,China,21.70N,111.63E
1834-03-01,21.798,2.6210000000000004,Guarulhos,Brazil,23.31S,46.31W
1823-08-01,17.185000000000002,1.776,Arzamas,Russia,55.45N,42.52E
2007-11-01,22.323,0.14,Tampico,Mexico,21.70N,97.79W
1969-05-01,22.107,0.172,Fort Worth,United States,32.95N,96.70W
1988-03-01,1.5639999999999998,0.239,Freiburg,Germany,47.42N,8.29E
1759-07-01,22.026,3.7,Braila,Romania,45.81N,28.85E
1762-11-01,-0.91,2.128,Munich,Germany,47.42N,10.66E
1936-06-01,31.614000000000004,0.516,Sonipat,India,28.13N,77.27E
1956-10-01,19.229,0.243,Hamamatsu,Japan,34.56N,138.16E
1969-04-01,9.381,0.36,Perpignan,France,42.59N,2.18E
1999-10-01,7.301,0.253,Orël,Russia,52.24N,36.79E
1998-04-01,24.189,0.15,Jiangmen,China,23.31N,112.72E
2000-09-01,9.981,0.15,Abakan,Russia,53.84N,91.36E
1822-10-01,10.495,1.2009999999999998,Wolfsburg,Germany,52.24N,10.51E
1944-06-01,21.424,0.25,Cadiz,Spain,36.17N,5.97W
1828-02-01,7.605,1.862,Pescara,Italy,42.59N,15.27E
1855-10-01,23.204,1.82,Dekernes,Egypt,31.35N,32.04E
1896-03-01,-4.511,0.327,Tula,Russia,53.84N,36.82E
1868-01-01,,,Khanna,India,31.35N,75.39E
1938-12-01,3.4879999999999995,0.276,Hachioji,Japan,36.17N,139.23E
1859-01-01,,,Sambhal,India,28.13N,79.09E
1855-04-01,26.817,2.22,Amritsar,India,31.35N,75.39E
1999-03-01,26.982,0.392,Itaboraí,Brazil,23.31S,42.82W
2002-05-01,10.649,0.25,Kazan,Russia,55.45N,48.19E
1894-05-01,34.17,0.5820000000000001,Jacobabad,Pakistan,28.13N,68.18E
1999-01-01,26.638,0.4579999999999999,Itaboraí,Brazil,23.31S,42.82W
1961-04-01,8.906,0.3879999999999999,Preston,United Kingdom,53.84N,1.36W
1873-10-01,25.429,1.0,Abengourou,Côte D'Ivoire,7.23N,4.05W
1875-10-01,9.013,0.472,Brussels,Belgium,50.63N,3.80E
2008-01-01,10.155,0.405,Daska,Pakistan,32.95N,73.72E
1963-02-01,1.5499999999999998,0.201,Chigasaki,Japan,36.17N,139.23E
1906-04-01,10.133,0.39,Zaporizhzhya,Ukraine,47.42N,34.34E
1979-02-01,-0.175,0.185,Hirosaki,Japan,40.99N,140.59E
1879-10-01,13.214,1.097,Ueda,Japan,36.17N,139.23E
1878-03-01,29.757,0.561,Nizamabad,India,18.48N,77.75E
1934-01-01,17.000999999999998,0.914,Lashio,Burma,23.31N,96.99E
1989-01-01,23.66,0.416,Londrina,Brazil,23.31S,51.55W
1988-05-01,12.543,0.22,Clermont Ferrand,France,45.81N,3.46E
1916-08-01,23.036,0.424,Gulu,Uganda,2.41N,32.95E
1928-05-01,22.199,0.845,Xintai,China,36.17N,117.35E
1941-11-01,21.247,0.564,Moji Das Cruzes,Brazil,23.31S,46.31W
2007-07-01,23.118,0.299,Colima,Mexico,20.09N,104.08W
1954-03-01,26.207,0.304,Toliary,Madagascar,23.31S,42.82E
1869-12-01,16.045,1.094,Lower Hutt,New Zealand,40.99S,174.67E
1890-09-01,25.162,0.7240000000000001,Kedungwuni,Indonesia,7.23S,109.46E
1914-02-01,6.428000000000001,0.371,Tianmen,China,31.35N,113.09E
1846-12-01,-3.603,0.727,Lübeck,Germany,53.84N,9.55E
1954-02-01,0.0129999999999999,0.226,Flint,United States,42.59N,82.91W
1948-07-01,24.789,0.209,Tsuchiura,Japan,36.17N,139.23E
1853-12-01,18.311,1.315,Envigado,Colombia,5.63N,75.87W
1913-09-01,20.735,0.477,Taian,China,36.17N,117.35E
1957-03-01,22.202,0.512,Silchar,India,24.92N,92.22E
1923-10-01,26.184,0.265,San Pedro,Philippines,13.66N,121.38E
1871-05-01,9.924,0.983,Zielona Gora,Poland,52.24N,15.77E
1973-12-01,20.5,0.316,Maymyo,Burma,21.70N,96.06E
1993-09-01,15.022,0.263,Sapucaia,Brazil,29.74S,51.69W
2006-04-01,22.235,0.491,Uruapan,Mexico,20.09N,102.37W
1862-06-01,,,Jalna,India,20.09N,75.07E
1871-11-01,25.087,1.192,Araguaína,Brazil,7.23S,47.84W
1994-10-01,9.259,0.128,Zwolle,Netherlands,52.24N,5.26E
1886-07-01,27.518,1.596,Chenghai,China,23.31N,116.21E
1919-11-01,-10.093,1.261,Zlatoust,Russia,55.45N,59.53E
1829-02-01,6.357999999999999,2.737,Dallas,United States,32.95N,96.70W
1930-02-01,24.606,0.513,Kingston,Jamaica,18.48N,76.06W
1993-11-01,23.465,0.382,Jundiaí,Brazil,23.31S,46.31W
1909-04-01,9.937,0.314,Lille,France,50.63N,3.80E
1998-04-01,11.698,0.268,Topeka,United States,39.38N,95.72W
1910-05-01,23.809,0.526,Ciudad Valles,Mexico,21.70N,99.52W
1878-06-01,25.072,1.52,Shishou,China,29.74N,112.62E
1999-01-01,22.674,0.324,Musoma,Tanzania,0.80S,34.55E
1984-05-01,21.93,0.93,Misratah,Libya,32.95N,14.36E
1851-10-01,9.259,2.212,Siegen,Germany,50.63N,8.87E
1947-07-01,18.11,0.418,Nezahualcóyotl,Mexico,20.09N,98.96W
1994-05-01,19.976,0.245,Viransehir,Turkey,37.78N,40.68E
1988-01-01,23.623,0.211,Bijapur,India,16.87N,75.35E
1975-01-01,1.0339999999999998,0.175,Luoyang,China,34.56N,112.86E
1939-09-01,12.312,0.377,Bialystok,Poland,53.84N,23.18E
1842-04-01,20.741,2.041,Jiazi,China,23.31N,116.21E
1974-10-01,12.358,0.136,Melbourne,Australia,37.78S,144.41E
1998-01-01,26.223000000000003,0.239,Cikampek,Indonesia,7.23S,107.84E
1953-05-01,14.418,0.257,Hartford,United States,40.99N,72.43W
2013-05-01,27.267000000000003,0.377,Denpasar,Indonesia,8.84S,115.95E
1847-09-01,18.886,1.004,Saint Louis,United States,39.38N,89.48W
1993-05-01,17.314,0.259,Hikone,Japan,34.56N,136.22E
1848-04-01,28.976,1.444,Tonk,India,26.52N,75.22E
1898-10-01,-1.6140000000000003,0.492,Oktyabrskiy,Russia,53.84N,53.18E
1896-12-01,-18.669,2.757,Achinsk,Russia,57.05N,90.00E
1821-10-01,25.97,1.013,Rangoon,Burma,16.87N,95.44E
1936-07-01,19.497,0.5379999999999999,Kurgan,Russia,55.45N,65.20E
1751-05-01,,,Novomoskovsk,Russia,53.84N,39.55E
1874-07-01,18.551,2.043,Guaratinguetá,Brazil,23.31S,44.56W
1980-05-01,19.991,0.423,Jiangyin,China,31.35N,120.63E
1959-09-01,23.601,0.314,Ube,Japan,34.56N,130.38E
1866-04-01,18.555000000000003,1.29,Tanta,Egypt,31.35N,30.16E
1998-01-01,-12.008,0.235,Sarapul,Russia,57.05N,54.59E
1957-03-01,13.192,0.311,Haikou,China,24.92N,102.86E
1877-10-01,27.382,0.818,Nandyal,India,15.27N,79.17E
1987-09-01,9.286,0.177,Kolomna,Russia,55.45N,39.69E
1970-06-01,26.075,0.308,Yangmei,Taiwan,24.92N,120.59E
1996-07-01,29.305,0.362,Kalol,India,23.31N,72.52E
1897-08-01,18.046000000000006,0.609,Matola,Mozambique,26.52S,32.24E
1872-03-01,5.605,1.877,Tacoma,United States,47.42N,121.97W
1925-01-01,17.325000000000006,0.569,Dhaka,Bangladesh,23.31N,90.00E
1856-02-01,4.191000000000002,2.169,Sabzevar,Iran,36.17N,57.68E
1948-02-01,0.7849999999999999,0.659,Qunduz,Afghanistan,36.17N,69.61E
1932-03-01,26.713,0.619,Palembang,Indonesia,2.41S,105.27E
1833-05-01,12.539,2.146,Green Bay,United States,44.20N,87.20W
1916-04-01,19.135,1.32,Sapucaia,Brazil,29.74S,51.69W
1804-06-01,,,Atyrau,Kazakhstan,47.42N,50.92E
1920-08-01,25.792,0.119,Komaki,Japan,34.56N,136.22E
1910-01-01,2.568,0.4429999999999999,Paderborn,Germany,52.24N,7.88E
1915-02-01,22.040000000000006,1.404,Likasi,Congo (Democratic Republic Of The),10.45S,27.00E
2007-03-01,7.174,0.2,Iruma,Japan,36.17N,139.23E
1896-12-01,26.264000000000006,0.545,Malambo,Colombia,10.45N,74.45W
1927-08-01,29.786,0.504,Nanchang,China,28.13N,115.45E
1844-09-01,10.755999999999998,1.56,Taraz,Kazakhstan,42.59N,72.00E
1781-08-01,20.889,1.19,Chernihiv,Ukraine,52.24N,31.53E
1921-11-01,22.313,0.27,Madhyamgram,India,23.31N,88.25E
1996-11-01,16.697,0.3829999999999999,Monclova,Mexico,26.52N,102.09W
1882-07-01,27.041,0.531,Sambalpur,India,21.70N,83.94E
1850-03-01,25.774,2.753,Virar,India,20.09N,73.36E
1959-01-01,21.437,0.616,Chincha Alta,Peru,13.66S,76.79W
1753-04-01,5.792999999999999,7.41,Turin,Italy,45.81N,8.08E
2006-02-01,25.728,0.6809999999999999,Ilebo,Congo (Democratic Republic Of The),4.02S,20.09E
1760-04-01,0.802,3.901,Ivanovo,Russia,57.05N,39.84E
1965-08-01,22.482,0.253,Maxixe,Mozambique,23.31S,35.83E
1991-03-01,26.973000000000003,0.326,Santa Rita,Brazil,7.23S,34.86W
1795-07-01,19.34,3.395,Skopje,Macedonia,42.59N,21.82E
1880-08-01,8.56,1.295,Ica,Peru,13.66S,75.14W
1983-07-01,22.54,0.405,Hanzhong,China,32.95N,106.28E
1997-03-01,28.104000000000006,0.532,Nandurbar,India,21.70N,73.56E
1907-02-01,-5.71,0.7959999999999999,Obihiro,Japan,42.59N,144.00E
1999-06-01,19.56900000000001,0.28,Hamilton,Canada,42.59N,80.73W
1875-07-01,24.231,0.982,Teshie,Ghana,5.63N,0.00W
2002-03-01,8.548,0.18,Akishima,Japan,36.17N,139.23E
1972-01-01,-11.47,0.4039999999999999,Tartu,Estonia,58.66N,27.69E
1911-06-01,26.766,0.442,Parung,Indonesia,5.63S,106.55E
1879-08-01,17.497999999999998,0.8540000000000001,Buzau,Romania,45.81N,26.54E
1944-02-01,24.968000000000004,1.14,Dumaguete,Philippines,8.84N,124.05E
1897-05-01,35.136,0.444,Damoh,India,23.31N,79.51E
1980-07-01,15.692999999999998,0.35,Manzini,Swaziland,26.52S,32.24E
2001-04-01,15.031,0.289,Shahe,China,36.17N,115.36E
1798-06-01,27.046,1.801,Bago,Burma,16.87N,97.12E
1830-03-01,10.117,2.087,Kirkuk,Iraq,36.17N,43.76E
1810-01-01,8.935,5.675,Tunis,Tunisia,36.17N,9.94E
1915-01-01,25.237,0.556,Baliuag,Philippines,15.27N,120.83E
1927-08-01,19.594,1.4509999999999998,Kuytun,China,44.20N,84.97E
2010-01-01,28.413,0.991,Ikot Ekpene,Nigeria,5.63N,8.07E
2012-07-01,21.832,0.271,Tambov,Russia,52.24N,42.04E
2010-11-01,27.338,0.193,Ayer Itam,Malaysia,5.63N,100.09E
1878-02-01,25.618,1.918,Damaturu,Nigeria,12.05N,11.51E
1803-11-01,26.43,2.251,Pondicherry,India,12.05N,80.55E
1891-02-01,20.119,0.555,Rishra,India,23.31N,88.25E
1763-08-01,27.206000000000003,2.109,Saint Petersburg,United States,28.13N,82.73W
2003-02-01,-5.763,0.368,Riga,Latvia,57.05N,25.08E
2004-06-01,16.729,0.276,Taboão Da Serra,Brazil,23.31S,46.31W
1780-08-01,19.377,5.693,Trento,Italy,45.81N,10.38E
1911-10-01,17.110000000000007,0.3829999999999999,Changde,China,28.13N,111.82E
1756-03-01,5.081,8.001,Zwolle,Netherlands,52.24N,5.26E
1929-10-01,9.109,0.986,Ica,Peru,13.66S,75.14W
1975-11-01,18.644,0.34,Lakhimpur,India,28.13N,80.91E
2007-09-01,25.995,0.423,Mejicanos,El Salvador,13.66N,90.00W
1857-07-01,28.332,1.291,Titagarh,India,23.31N,88.25E
1932-06-01,14.278,0.38,Luton,United Kingdom,52.24N,0.00W
1998-03-01,23.677,0.247,Embu,Brazil,23.31S,46.31W
1929-10-01,14.640999999999998,0.214,Sakata,Japan,39.38N,139.42E
1860-12-01,4.008000000000001,1.5519999999999998,Kurume,Japan,32.95N,131.17E
1865-04-01,1.761,1.055,Turku,Finland,60.27N,22.70E
1803-10-01,23.118,2.367,Alexandria,Egypt,31.35N,30.16E
1863-10-01,15.184,2.222,Wuning,China,29.74N,120.00E
1857-09-01,22.188,1.461,Beira,Mozambique,20.09S,34.12E
1794-03-01,4.255,1.5630000000000002,Graz,Austria,47.42N,15.39E
1785-11-01,1.803,2.975,Cedar Rapids,United States,42.59N,91.64W
1839-12-01,-12.198,3.414,Edmonton,Canada,53.84N,113.18W
1868-11-01,,,Sadiqabad,Pakistan,28.13N,70.00E
1896-11-01,-1.6430000000000002,0.402,Augsburg,Germany,47.42N,10.66E
1892-04-01,31.528,0.544,Khanewal,Pakistan,29.74N,72.00E
1910-03-01,26.007,0.892,Magé,Brazil,23.31S,42.82W
1927-04-01,17.116,0.767,Worcester,South Africa,32.95S,20.11E
1804-02-01,-2.521,2.331,Baia Mare,Romania,47.42N,22.50E
1903-07-01,28.72,0.556,Surat,India,21.70N,73.56E
2003-02-01,2.9330000000000003,0.342,Glasgow,United Kingdom,55.45N,2.83W
1968-02-01,-2.268,0.345,Xintai,China,36.17N,117.35E
1950-11-01,26.12,0.31,San Pedro,Philippines,13.66N,121.38E
1888-03-01,13.875,0.657,Savannah,United States,31.35N,81.05W
1887-01-01,-4.5680000000000005,0.978,Yonkers,United States,40.99N,74.56W
2012-05-01,22.109,0.284,Huntsville,United States,34.56N,85.62W
1773-06-01,12.403,1.37,Klaipeda,Lithuania,55.45N,19.84E
1987-04-01,13.206,0.158,Sakai,Japan,34.56N,136.22E
1895-01-01,23.975,0.81,Astanajapura,Indonesia,7.23S,107.84E
1990-10-01,25.217,0.385,Patna,India,24.92N,85.12E
1909-02-01,25.526,1.234,Nguru,Nigeria,13.66N,10.73E
1967-03-01,3.891,0.382,Akita,Japan,39.38N,139.42E
1904-10-01,25.456,0.354,Kandy,Sri Lanka,7.23N,80.27E
1873-10-01,19.337,1.5930000000000002,Wah,Pakistan,34.56N,72.00E
1914-06-01,15.982,0.43,Bytom,Poland,50.63N,19.01E
1949-05-01,31.104000000000006,0.503,Riyadh,Saudi Arabia,24.92N,46.11E
2008-08-01,20.237,0.39,Macaé,Brazil,21.70S,42.40W
1977-02-01,19.041,0.8390000000000001,Tonalá,Mexico,20.09N,104.08W
1976-05-01,25.21,0.603,Nossa Senhora Do Socorro,Brazil,10.45S,36.82W
1967-01-01,25.998,0.182,Toledo,Philippines,10.45N,123.55E
1911-06-01,19.534,0.613,Shahr E Kord,Iran,32.95N,50.74E
1907-10-01,16.569000000000003,0.256,Kasuga,Japan,32.95N,131.17E
1871-08-01,24.58,1.732,Koganei,Japan,36.17N,139.23E
1934-04-01,7.31,0.478,San Carlos De Bariloche,Argentina,40.99S,70.30W
2008-07-01,21.591,0.226,Tighina,Moldova,47.42N,29.61E
1868-02-01,0.6719999999999999,2.122,Westminster,United States,39.38N,104.05W
1977-09-01,13.519,0.32,Timisoara,Romania,45.81N,21.92E
1840-03-01,,,Santa Teresa,Venezuela,10.45N,66.27W
1860-05-01,,,Bhiwani,India,28.13N,75.45E
1805-01-01,15.081,1.905,Alexandria,Egypt,31.35N,30.16E
1900-05-01,16.171999999999993,0.496,Sakura,Japan,36.17N,141.22E
2009-09-01,20.191,0.144,Iida,Japan,36.17N,137.24E
1782-02-01,-9.315,9.235,Pinsk,Belarus,52.24N,26.28E
1861-06-01,,,Chingola,Zambia,12.05S,27.95E
1954-06-01,23.705,0.367,Norfolk,United States,36.17N,75.58W
1910-09-01,12.786,0.37,Shuangyashan,China,47.42N,131.45E
1860-05-01,28.091,1.252,Hubli,India,15.27N,75.83E
1858-01-01,12.672,2.387,Shaping,China,23.31N,112.72E
2011-05-01,29.453000000000003,0.266,Satara,India,16.87N,73.67E
1922-12-01,16.88,0.257,Canberra,Australia,36.17S,149.17E
1858-06-01,30.812,1.3130000000000002,Cuddapah,India,15.27N,79.17E
1763-01-01,-10.47,4.691,Volgograd,Russia,49.03N,44.08E
1777-05-01,13.705,3.542,Nantes,France,47.42N,1.18W
1922-05-01,14.455000000000002,0.369,Fürth,Germany,49.03N,9.80E
1938-11-01,22.53700000000001,0.843,Nova Friburgo,Brazil,21.70S,42.40W
1888-01-01,20.479000000000006,1.582,Cartago,Colombia,4.02N,76.34W
1897-02-01,22.403,1.067,Virar,India,20.09N,73.36E
1933-02-01,25.885,0.434,Tiruvottiyur,India,13.66N,80.09E
1854-01-01,3.439,1.925,Le Havre,France,49.03N,0.00W
1771-09-01,21.858,2.027,Mostar,Bosnia And Herzegovina,42.59N,17.45E
2002-12-01,22.728,0.119,Juiz De Fora,Brazil,21.70S,44.13W
1995-02-01,14.733,0.5489999999999999,Tripoli,Libya,32.95N,12.45E
1940-02-01,-3.448,1.111,Pécs,Hungary,45.81N,17.31E
1918-09-01,8.261000000000001,0.618,La Paz,Bolivia,16.87S,68.65W
1896-02-01,3.689,0.7340000000000001,Dundee,United Kingdom,57.05N,4.43W
1873-11-01,-4.874,1.493,Kovrov,Russia,57.05N,42.79E
1958-01-01,15.143,0.362,Vihari,Pakistan,29.74N,72.00E
1989-10-01,28.905,0.441,Tambaram,India,13.66N,80.09E
1949-05-01,27.419,0.3379999999999999,Santa Marta,Colombia,10.45N,74.45W
1948-08-01,18.15,0.413,Tlalnepantla,Mexico,20.09N,98.96W
1860-07-01,26.974,1.555,Ujjain,India,23.31N,76.02E
1931-05-01,28.653,0.372,Cavite,Philippines,15.27N,120.83E
1951-06-01,30.928,0.492,Katihar,India,24.92N,86.90E
1812-09-01,13.792,1.616,Timisoara,Romania,45.81N,21.92E
1865-08-01,27.035,1.642,Yangzhou,China,32.95N,119.68E
1952-07-01,22.556,0.154,Kaiyuan,China,23.31N,103.98E
1838-07-01,17.135,4.2860000000000005,Salihorsk,Belarus,52.24N,26.28E
2012-06-01,28.011000000000006,0.674,Manzanillo,Mexico,18.48N,104.79W
1964-09-01,10.823,0.206,Petropavl,Kazakhstan,55.45N,68.03E
2002-08-01,26.02,0.22,Vizianagaram,India,18.48N,82.82E
1919-12-01,25.943,0.5710000000000001,Adiwerna,Indonesia,7.23S,109.46E
1979-05-01,24.185,0.5870000000000001,Guanare,Venezuela,8.84N,70.54W
1825-11-01,23.653,1.694,Bangalore,India,12.05N,77.26E
2008-12-01,13.147,0.366,Tijuana,Mexico,32.95N,117.77W
1776-12-01,8.34,3.388,Novorossiysk,Russia,44.20N,38.01E
2008-04-01,13.672,0.1689999999999999,Niihama,Japan,34.56N,134.27E
1956-01-01,2.007,0.503,Kermanshah,Iran,34.56N,46.70E
1994-06-01,11.929,0.363,Petrozavodsk,Russia,61.88N,35.66E
1967-11-01,26.092,0.205,Port Gentil,Gabon,0.80S,8.84E
1947-10-01,21.89,0.311,Brasília,Brazil,15.27S,47.50W
1886-04-01,25.681,0.481,Cibadak,Indonesia,7.23S,106.22E
1943-06-01,23.779,0.6579999999999999,Jinhua,China,29.74N,120.00E
1895-01-01,13.972,0.595,Etah,India,28.13N,79.09E
1873-08-01,24.974,0.395,Evansville,United States,37.78N,87.46W
1907-11-01,3.0009999999999994,0.171,Joliet,United States,40.99N,87.34W
1905-09-01,6.122999999999998,0.621,Bratsk,Russia,55.45N,102.05E
1847-04-01,4.349,1.453,Didao,China,45.81N,130.38E
1775-11-01,2.1869999999999994,6.586,Koszalin,Poland,53.84N,15.00E
1825-09-01,17.618000000000006,2.589,Terni,Italy,42.59N,13.09E
1801-02-01,-0.2889999999999999,1.109,Zurich,Switzerland,47.42N,8.29E
1857-01-01,14.682,1.524,Fort Lauderdale,United States,26.52N,80.60W
1952-03-01,26.288,0.322,Formosa,Argentina,26.52S,57.31W
1933-06-01,24.662,0.136,Winston Salem,United States,36.17N,79.56W
1882-07-01,26.39,0.815,Gorgan,Iran,36.17N,53.70E
2012-08-01,19.06900000000001,0.966,Moji Das Cruzes,Brazil,23.31S,46.31W
1906-03-01,26.155,0.392,Aurangabad,India,20.09N,75.07E
1999-09-01,12.414,0.826,Sucre,Bolivia,18.48S,65.92W
1941-11-01,26.56,0.402,Mataram,Indonesia,8.84S,115.95E
1977-06-01,22.859,0.264,Durango,Mexico,24.92N,104.63W
1953-03-01,19.644,0.1889999999999999,Lafayette,United States,29.74N,92.31W
1845-04-01,28.552,2.737,Jamshedpur,India,23.31N,86.50E
1945-10-01,5.312,0.407,Augsburg,Germany,47.42N,10.66E
1901-02-01,-16.206,0.907,Murmansk,Russia,68.31N,34.70E
1828-04-01,,,Dera Ghazi Khan,Pakistan,29.74N,70.15E
2013-08-01,29.539,0.3779999999999999,Champdani,India,23.31N,88.25E
1904-08-01,27.026,1.211,Marrakesh,Morocco,31.35N,7.54W
1977-04-01,26.418000000000003,0.236,Bintulu,Malaysia,2.41N,113.30E
1850-02-01,4.553999999999999,1.734,Gorgan,Iran,36.17N,53.70E
1831-02-01,-26.568,4.912,Ust Ilimsk,Russia,58.66N,101.54E
1893-08-01,28.517,0.39,Gaya,India,24.92N,85.12E
1919-07-01,28.777,0.306,Gudivada,India,16.87N,80.37E
1874-12-01,3.262,1.47,Ageo,Japan,36.17N,139.23E
1918-09-01,25.564,0.15,Tegal,Indonesia,7.23S,109.46E
2000-06-01,27.708,0.204,Si Racha,Thailand,13.66N,101.56E
1987-10-01,22.358,0.309,Longyan,China,24.92N,117.04E
1956-04-01,30.05,0.267,Hyderabad,Pakistan,24.92N,69.16E
1865-02-01,11.383,1.673,Ilam,Iran,32.95N,46.91E
1829-06-01,22.067,2.092,Linxi,China,39.38N,118.61E
2006-05-01,21.418000000000003,0.6809999999999999,Gorgan,Iran,36.17N,53.70E
1879-07-01,25.531,0.941,Yokosuka,Japan,34.56N,140.11E
1872-06-01,16.999000000000002,0.8959999999999999,Cluj Napoca,Romania,47.42N,22.50E
1903-08-01,26.586,0.6779999999999999,Hsichih,Taiwan,24.92N,122.36E
2006-12-01,24.458,0.184,Bhimavaram,India,16.87N,82.05E
1890-02-01,8.572000000000001,1.539,Leiyang,China,26.52N,112.84E
1895-06-01,20.099,0.7020000000000001,Ranghulu,China,47.42N,124.34E
1856-02-01,-14.497,2.741,Magnitogorsk,Russia,53.84N,58.64E
1940-03-01,24.138,1.1840000000000002,Blumenau,Brazil,26.52S,48.36W
1785-12-01,-7.337999999999999,1.877,Gomel,Belarus,52.24N,31.53E
2011-01-01,9.165,0.457,Bantou,China,24.92N,118.82E
1834-08-01,22.987,1.821,West Jordan,United States,40.99N,112.90W
1863-12-01,3.5410000000000004,1.229,Sunderland,United Kingdom,55.45N,2.83W
1834-04-01,6.045,1.987,Bellevue,United States,47.42N,121.97W
2004-03-01,28.132,0.258,Puruliya,India,23.31N,86.50E
1929-11-01,5.428,0.371,Essen,Germany,50.63N,6.34E
1956-06-01,25.902,0.455,Paramaribo,Suriname,5.63N,54.89W
1945-09-01,28.372,0.206,Sirajganj,Bangladesh,24.92N,90.44E
1988-04-01,8.701,0.3,Nuremberg,Germany,49.03N,12.24E
1806-06-01,31.611,2.129,Rae Bareli,India,26.52N,80.60E
1959-08-01,22.615,0.589,Nova Iguaçu,Brazil,23.31S,42.82W
1828-10-01,24.529,1.6130000000000002,Barsi,India,18.48N,76.06E
1879-04-01,24.186,1.173,Sohag,Egypt,26.52N,32.24E
1911-04-01,26.044,0.7759999999999999,Takoradi,Ghana,5.63N,1.61W
1898-11-01,13.893,1.121,Mexico,Mexico,20.09N,98.96W
1997-10-01,11.902,0.275,Aurora,United States,40.99N,87.34W
1998-11-01,3.498,0.1669999999999999,Eindhoven,Netherlands,52.24N,5.26E
1870-02-01,23.46,1.84,Barretos,Brazil,20.09S,47.77W
1927-06-01,24.224,0.285,Juàzeiro,Brazil,8.84S,39.73W
1871-09-01,27.559,0.981,Sambalpur,India,21.70N,83.94E
1993-08-01,21.676,0.286,Bataysk,Russia,47.42N,39.08E
1781-08-01,21.115,1.6469999999999998,Salamanca,Spain,40.99N,6.39W
1877-01-01,25.123,1.281,Lumajang,Indonesia,8.84S,112.70E
1888-03-01,9.768,1.0590000000000002,Guangshui,China,31.35N,113.09E
1985-12-01,-17.91,0.471,Winnipeg,Canada,50.63N,97.61W
1918-05-01,25.01,0.8140000000000001,Camaragibe,Brazil,7.23S,34.86W
1950-04-01,29.085,0.564,Dhaka,Bangladesh,23.31N,90.00E
1870-06-01,22.814,1.511,Toluca,Mexico,18.48N,99.72W
1976-08-01,29.131,0.514,Patiala,India,29.74N,75.69E
1949-03-01,5.569000000000001,0.696,Rizhao,China,36.17N,119.34E
1930-02-01,23.565,0.402,Santiago,Dominican Republic,20.09N,69.95W
1857-05-01,22.602,1.016,Tanshui,Taiwan,24.92N,120.59E
1983-03-01,22.297,0.396,Katumba,Tanzania,8.84S,33.24E
1831-06-01,22.148000000000003,2.017,Astrakhan,Russia,45.81N,47.31E
1844-02-01,3.083,3.407,Yancheng,China,32.95N,119.68E
1998-11-01,24.881,0.7559999999999999,Gondal,India,21.70N,70.10E
1799-07-01,15.263,3.486,Brighton,United Kingdom,50.63N,1.27W
1848-03-01,,,Chilpancingo,Mexico,18.48N,99.72W
1939-01-01,20.812,0.4379999999999999,Dhule,India,20.09N,75.07E
1822-09-01,10.447,2.6860000000000004,Salzburg,Austria,47.42N,13.03E
1943-01-01,18.733,0.421,Auckland,New Zealand,36.17S,175.03E
1903-11-01,26.003,0.805,Brebes,Indonesia,7.23S,109.46E
1923-06-01,17.607,0.6779999999999999,Ribeirão Prêto,Brazil,21.70S,47.60W
2003-01-01,11.792,0.272,Wahran,Algeria,36.17N,0.00W
1986-11-01,26.572,0.314,Manila,Philippines,15.27N,120.83E
1903-08-01,13.579,0.939,Novo Hamburgo,Brazil,29.74S,51.69W
1971-11-01,25.66,0.7,La Rioja,Argentina,29.74S,66.46W
1997-05-01,18.111,0.285,Manzini,Swaziland,26.52S,32.24E
1888-01-01,5.6160000000000005,1.325,Linchuan,China,28.13N,115.45E
1908-01-01,1.102,0.544,Fukaya,Japan,36.17N,139.23E
1891-09-01,24.614,0.435,Gangawati,India,15.27N,75.83E
1923-08-01,4.898,0.5760000000000001,Oruro,Bolivia,18.48S,67.61W
2007-09-01,25.06600000000001,0.244,Yao,Japan,34.56N,136.22E
1848-02-01,6.510999999999999,1.81,Bordeaux,France,44.20N,0.00W
1903-05-01,30.052,0.657,Tungi,Bangladesh,23.31N,90.00E
1956-02-01,26.714,0.241,Soledad,Colombia,10.45N,74.45W
1997-07-01,27.964,0.305,Meilu,China,21.70N,109.90E
1788-10-01,22.586,2.542,Sabratah,Libya,32.95N,12.45E
1999-04-01,22.407,0.264,Santo Domingo,Ecuador,0.80S,79.55W
1939-03-01,24.888,0.187,Soreang,Indonesia,7.23S,107.84E
1754-12-01,0.038,2.494,Kecskemét,Hungary,47.42N,20.13E
1954-03-01,28.183000000000003,0.322,Abengourou,Côte D'Ivoire,7.23N,4.05W
1929-05-01,14.569,0.44,Torun,Poland,52.24N,18.39E
1775-05-01,12.279000000000002,3.2310000000000003,Vladimir,Russia,55.45N,39.69E
1937-07-01,25.184,0.415,Iseyin,Nigeria,7.23N,4.05E
1770-11-01,2.388,4.339,Kirovohrad,Ukraine,49.03N,31.84E
1925-02-01,21.203000000000003,1.749,Najran,Saudi Arabia,16.87N,43.53E
2009-11-01,-1.668,0.275,Liaoyang,China,40.99N,123.55E
1926-08-01,29.162,0.407,Lakhnau,India,26.52N,80.60E
1867-08-01,26.752,1.086,Cadiz,Philippines,10.45N,123.55E
1922-02-01,15.345999999999998,0.552,Sahiwal,Pakistan,31.35N,73.51E
1965-09-01,22.452,0.242,Fuyang,China,32.95N,115.85E
2013-08-01,27.467,0.3279999999999999,Miri,Malaysia,4.02N,113.30E
1976-12-01,-22.052,0.363,Nancha,China,47.42N,129.08E
1967-10-01,11.619000000000002,0.381,Salzgitter,Germany,52.24N,10.51E
1945-12-01,21.527,1.777,Lampang,Thailand,18.48N,99.72E
1977-03-01,26.65,0.253,Nzérékoré,Guinea,7.23N,8.92W
2009-10-01,25.398000000000003,0.171,Shinyanga,Tanzania,4.02S,32.95E
1831-03-01,24.827,3.125,Nagda,India,23.31N,76.02E
1865-10-01,21.185,1.482,Pouso Alegre,Brazil,21.70S,45.87W
1915-11-01,11.503,0.457,Oakland,United States,37.78N,122.03W
1870-09-01,24.735,1.255,Soubré,Côte D'Ivoire,5.63N,6.46W
1909-02-01,27.179,1.087,Juba,Sudan,4.02N,31.34E
1976-10-01,12.655,0.351,Huangcun,China,39.38N,116.53E
1905-12-01,24.936,1.004,Douala,Cameroon,4.02N,10.45E
1871-04-01,28.454,1.624,Surat Thani,Thailand,8.84N,99.73E
1921-12-01,-3.323,0.534,Radom,Poland,50.63N,21.55E
1974-06-01,26.625,0.906,Ajdabiya,Libya,31.35N,20.73E
1865-09-01,26.518,0.847,Kuala Terengganu,Malaysia,5.63N,103.32E
1997-01-01,-8.947000000000003,0.157,Nanpiao,China,40.99N,121.42E
2002-10-01,7.047000000000001,0.447,Lakewood,United States,39.38N,104.05W
1859-08-01,23.168000000000003,0.937,Weihai,China,37.78N,122.03E
1934-12-01,25.995,0.243,Seremban,Malaysia,2.41N,102.05E
1990-12-01,-4.715,0.547,Innsbruck,Austria,47.42N,10.66E
1904-06-01,21.716,1.349,Niterói,Brazil,23.31S,42.82W
1813-01-01,-10.024,2.57,Gyumri,Armenia,40.99N,44.73E
1891-09-01,14.77,0.342,Koblenz,Germany,50.63N,6.34E
1858-05-01,11.767,1.352,Cottbus,Germany,52.24N,13.14E
1859-01-01,21.615,1.664,Anápolis,Brazil,16.87S,48.56W
1929-07-01,27.011000000000006,0.233,Port Saint Lucie,United States,26.52N,80.60W
1999-11-01,6.125,0.318,Dalian,China,39.38N,120.69E
2001-08-01,28.031,0.185,Singkawang,Indonesia,0.80N,108.48E
1947-07-01,32.055,1.129,Jiddah,Saudi Arabia,21.70N,38.94E
1852-12-01,11.927,1.6780000000000002,Daska,Pakistan,32.95N,73.72E
1873-05-01,9.52,1.034,Tver,Russia,57.05N,36.89E
1948-06-01,20.739,0.368,Sabadell,Spain,40.99N,2.13E
1931-10-01,24.854000000000006,0.523,Malabo,Equatorial Guinea,4.02N,8.84E
2006-03-01,-3.3160000000000003,0.369,Honggang,China,45.81N,125.77E
1896-12-01,-4.937,0.3929999999999999,Lowell,United States,42.59N,72.00W
1906-06-01,14.449000000000002,0.3229999999999999,Halle,Germany,50.63N,11.41E
1948-02-01,5.388999999999999,0.152,Iwakuni,Japan,34.56N,132.32E
1956-06-01,12.31,0.314,Oulu,Finland,65.09N,24.89E
1928-09-01,18.838,0.629,Itaquaquecetuba,Brazil,23.31S,46.31W
1856-10-01,11.685,1.349,Antalya,Turkey,37.78N,30.51E
1840-05-01,16.757,1.954,Toledo,United States,40.99N,83.08W
1982-08-01,25.452,0.7979999999999999,Pekalongan,Indonesia,7.23S,109.46E
1873-01-01,,,Zinder,Niger,13.66N,9.08E
1846-07-01,23.671,1.742,Krasnodar,Russia,45.81N,38.08E
1890-08-01,22.034,0.5820000000000001,Fuyu,China,45.81N,125.77E
1802-06-01,16.090999999999998,2.247,Kirov,Russia,58.66N,49.23E
1878-11-01,-16.782,2.608,Heihe,Russia,50.63N,128.03E
1918-10-01,10.162,0.204,Székesfehérvár,Hungary,47.42N,17.76E
1838-11-01,1.0740000000000005,3.2260000000000004,Legnica,Poland,50.63N,16.48E
1847-11-01,7.077000000000001,0.8740000000000001,Haarlemmermeer,Netherlands,52.24N,5.26E
1821-03-01,21.249,2.212,Pakpattan,Pakistan,29.74N,73.85E
1858-10-01,16.580000000000002,1.34,Ambato,Ecuador,0.80S,77.95W
2013-07-01,31.053,0.598,Chakwal,Pakistan,32.95N,73.72E
1971-01-01,19.878,0.677,Da Nang,Vietnam,15.27N,107.50E
1929-02-01,23.591,0.483,Piracicaba,Brazil,23.31S,48.06W
1969-07-01,16.676,0.331,Bournemouth,United Kingdom,50.63N,1.27W
1843-02-01,19.481,1.723,Mirzapur,India,24.92N,83.35E
1877-04-01,31.265,1.367,Katsina,Nigeria,13.66N,7.43E
1900-04-01,6.71,0.665,Sofia,Bulgaria,42.59N,24.00E
1888-11-01,27.006,0.725,Acarigua,Venezuela,8.84N,68.92W
1901-11-01,19.641,0.605,Darjiling,India,26.52N,87.76E
1872-09-01,16.948,0.5710000000000001,Chisinau,Moldova,47.42N,29.61E
1906-05-01,16.695999999999998,0.542,Durrës,Albania,40.99N,19.17E
1862-03-01,22.09800000000001,0.946,Coronel Fabriciano,Brazil,20.09S,42.65W
1878-05-01,25.599,0.977,San Luis Río Colorado,Mexico,32.95N,113.94W
1960-01-01,4.659,0.3,Kashihara,Japan,34.56N,136.22E
2001-04-01,22.622,0.252,Taboão Da Serra,Brazil,23.31S,46.31W
2011-08-01,20.769,0.2339999999999999,Springfield,United States,42.59N,72.00W
1919-09-01,25.799,0.467,Taman,Indonesia,7.23S,109.46E
1982-12-01,-8.857000000000001,0.396,Astana,Kazakhstan,50.63N,72.25E
1991-11-01,20.054,0.664,São José Dos Pinhais,Brazil,24.92S,49.66W
1772-02-01,-1.445,10.263,Bielsko Biala,Poland,50.63N,19.01E
1992-12-01,-2.928,0.358,Iasi,Romania,47.42N,27.24E
1944-07-01,29.079,0.214,Dehra Dun,India,29.74N,77.54E
1897-03-01,28.641,0.923,Nonthaburi,Thailand,13.66N,99.91E
1935-08-01,27.523000000000003,1.4280000000000002,Termiz,Uzbekistan,37.78N,67.12E
1937-02-01,26.837,0.379,Rantauprapat,Indonesia,2.41N,100.45E
1941-01-01,24.963,0.364,Ambattur,India,13.66N,80.09E
1877-01-01,17.954,1.788,Mecca,Saudi Arabia,21.70N,40.67E
1824-12-01,23.523000000000003,3.117,Khammam,India,16.87N,80.37E
1959-02-01,8.196,0.365,Beppu,Japan,32.95N,131.17E
1949-09-01,26.038,0.4639999999999999,Kedungwuni,Indonesia,7.23S,109.46E
1885-10-01,13.591,0.7709999999999999,Roseville,United States,39.38N,120.69W
1802-02-01,-5.234,1.665,Boston,United States,42.59N,72.00W
1988-03-01,5.042,0.153,Arnhem,Netherlands,52.24N,5.26E
1757-03-01,-4.174,3.139,Sudbury,Canada,45.81N,81.92W
2005-11-01,9.939,0.445,Shahrud,Iran,36.17N,55.69E
1914-04-01,10.022,0.6509999999999999,Ardabil,Iran,37.78N,48.81E
1968-05-01,25.138,0.153,Huicheng,China,23.31N,116.21E
1888-09-01,24.608,0.437,New Orleans,United States,29.74N,90.46W
1909-03-01,27.708,1.035,Panamá,Panama,8.84N,80.27W
1948-06-01,15.368,0.3329999999999999,Breda,Netherlands,52.24N,5.26E
1890-05-01,11.44,1.054,Yichun,China,47.42N,129.08E
1846-10-01,13.883,1.491,Atsugi,Japan,36.17N,139.23E
1887-10-01,8.564,0.672,Timisoara,Romania,45.81N,21.92E
1812-09-01,8.216000000000001,2.829,Sterlitamak,Russia,53.84N,55.91E
1851-02-01,-1.1,0.923,Stockholm,Sweden,58.66N,18.46E
1936-12-01,4.479,0.325,Slough,United Kingdom,52.24N,0.00W
1807-08-01,26.832,1.768,Jalpaiguri,India,26.52N,89.55E
1840-09-01,12.395,1.5590000000000002,Panevezys,Lithuania,55.45N,25.51E
1972-12-01,22.386,0.428,Gashua,Nigeria,13.66N,10.73E
1947-07-01,19.009,0.295,Sogamoso,Colombia,5.63N,72.65W
1860-05-01,12.889,0.603,Mainz,Germany,50.63N,8.87E
1903-03-01,-6.4140000000000015,0.754,Kazan,Russia,55.45N,48.19E
1960-07-01,9.983,0.178,Nelspruit,South Africa,24.92S,30.15E
1922-02-01,25.54,2.251,Damaturu,Nigeria,12.05N,11.51E
1945-03-01,7.758999999999999,0.295,Xinyang,China,32.95N,113.94E
1867-12-01,-4.814,2.23,Ramnicu Valcea,Romania,45.81N,24.23E
1900-10-01,11.69,0.787,Makiyivka,Ukraine,47.42N,39.08E
1745-08-01,,,Rennes,France,47.42N,1.18W
1824-04-01,7.221999999999999,2.48,Crawley,United Kingdom,50.63N,1.27W
1893-06-01,23.529,1.151,Yancheng,China,32.95N,119.68E
1991-04-01,13.019,0.153,Santa Clara,United States,37.78N,122.03W
1930-09-01,14.034999999999998,0.288,Würzburg,Germany,49.03N,9.80E
1943-03-01,4.33,0.2339999999999999,Bydgoszcz,Poland,53.84N,17.73E
2010-05-01,29.376,0.297,Tuguegarao,Philippines,18.48N,121.69E
1856-08-01,22.745,1.896,Pune,India,18.48N,74.37E
1929-05-01,24.537,0.58,Ji Paraná,Brazil,10.45S,61.36W
1869-03-01,1.21,0.935,Saint Étienne,France,45.81N,3.46E
1808-09-01,19.263,3.057,Omaha,United States,40.99N,95.86W
1909-03-01,25.54,0.487,Tete,Mozambique,16.87S,33.49E
1891-06-01,15.878999999999998,0.322,Salihorsk,Belarus,52.24N,26.28E
1879-01-01,13.754,0.996,Benha,Egypt,29.74N,31.38E
1944-09-01,17.699,0.471,Ferrara,Italy,44.20N,11.18E
1898-06-01,33.187,1.172,Rewa,India,24.92N,81.58E
1910-06-01,21.408,0.1009999999999999,Ogaki,Japan,34.56N,136.22E
1854-08-01,27.345,1.015,Zhenjiang,China,32.95N,119.68E
1781-11-01,,,Cape Coral,United States,26.52N,82.39W
1943-10-01,21.053,0.296,Garza García,Mexico,26.52N,100.30W
1868-12-01,13.754,1.077,Cadiz,Spain,36.17N,5.97W
1922-06-01,26.929,0.687,Palma Soriano,Cuba,20.09N,76.78W
1856-09-01,19.847,1.859,Isehara,Japan,36.17N,139.23E
1899-08-01,9.251,0.7829999999999999,Severodvinsk,Russia,65.09N,40.21E
1893-01-01,2.6129999999999995,1.491,Loudi,China,28.13N,111.82E
1820-12-01,-1.181,3.395,Bucharest,Romania,44.20N,26.83E
1858-07-01,26.286,1.381,Pingdingshan,China,34.56N,112.86E
1933-02-01,22.966,0.662,Atibaia,Brazil,23.31S,46.31W
1974-03-01,12.595999999999998,0.907,Kirkuk,Iraq,36.17N,43.76E
1995-11-01,17.941,0.32,Maseru,Lesotho,29.74S,27.69E
1927-07-01,22.072,0.175,Toledo,United States,40.99N,83.08W
1789-12-01,-0.4929999999999999,2.742,Lvov,Ukraine,50.63N,24.08E
1964-08-01,16.991000000000003,0.437,Regina,Canada,50.63N,105.21W
1970-12-01,25.393,0.215,Maracay,Venezuela,10.45N,67.91W
1933-03-01,25.142,0.231,Valencia,Venezuela,10.45N,67.91W
1801-09-01,27.818,1.22,Eluru,India,16.87N,80.37E
2013-04-01,22.931,0.3779999999999999,General Escobedo,Mexico,26.52N,100.30W
1903-05-01,13.487,0.395,Cracow,Poland,50.63N,19.01E
2013-08-01,29.533,0.6990000000000001,Xuzhou,China,34.56N,116.76E
1818-03-01,1.236,2.612,Cedar Rapids,United States,42.59N,91.64W
1920-08-01,21.223000000000003,0.7390000000000001,Khujand,Tajikistan,40.99N,70.30E
1848-06-01,20.511,1.837,Mataró,Spain,40.99N,2.13E
1813-06-01,11.709,3.733,Stavanger,Norway,58.66N,6.15E
2001-05-01,21.334,0.147,Jiaojiang,China,28.13N,120.91E
1963-02-01,24.226,0.248,Cirebon,Indonesia,7.23S,107.84E
1909-06-01,19.108,0.441,Liaoyang,China,40.99N,123.55E
1905-05-01,19.72,0.851,Daxian,China,31.35N,107.43E
1921-09-01,27.216,0.409,Iloilo,Philippines,10.45N,121.91E
1963-09-01,15.768999999999998,0.276,Baoding,China,39.38N,114.45E
1971-08-01,25.799,0.214,Kluang,Malaysia,2.41N,103.66E
2005-10-01,16.717,0.261,Zhaoyang,China,32.95N,119.68E
2013-07-01,29.032,0.654,Beibei,China,29.74N,107.08E
1839-11-01,20.939,1.961,Vejalpur,India,23.31N,74.27E
1923-09-01,27.384,0.7140000000000001,Nakhon Pathom,Thailand,13.66N,99.91E
1815-12-01,-10.601,1.207,Elektrostal,Russia,55.45N,39.69E
1914-01-01,-2.379,0.522,Warren,United States,42.59N,82.91W
1984-10-01,6.32,0.523,Puno,Peru,15.27S,70.83W
1886-04-01,7.17,0.365,Siauliai,Lithuania,55.45N,22.68E
1845-04-01,11.073,1.129,Genoa,Italy,44.20N,8.94E
1868-10-01,24.73,1.082,Qinzhou,China,21.70N,108.17E
1919-11-01,2.8350000000000004,0.27,Wolverhampton,United Kingdom,52.24N,2.63W
1958-01-01,27.041,0.376,Opobo,Nigeria,4.02N,7.23E
1882-08-01,26.363000000000003,0.898,Médéa,Algeria,36.17N,1.99E
1774-12-01,2.3390000000000004,5.658,Angers,France,47.42N,1.18W
1899-04-01,21.402,0.643,São Bernardo Do Campo,Brazil,23.31S,46.31W
2011-02-01,27.28,0.486,Camaragibe,Brazil,7.23S,34.86W
1900-05-01,23.861,0.486,Tampa,United States,28.13N,82.73W
1888-04-01,8.939,1.6,Hami,China,42.59N,93.82E
1762-09-01,8.094,6.504,Velikie Luki,Russia,57.05N,30.98E
1957-02-01,23.778,0.312,Charallave,Venezuela,10.45N,66.27W
1991-11-01,3.2920000000000003,0.2769999999999999,Legnica,Poland,50.63N,16.48E
1852-07-01,19.838,1.615,Frankfurt,Germany,50.63N,8.87E
1989-01-01,3.84,0.5820000000000001,Split,Croatia,44.20N,15.65E
1880-04-01,13.893,0.603,Suzhou,China,31.35N,120.63E
1796-05-01,31.35,2.077,Jagadhri,India,29.74N,77.54E
1752-06-01,,,Düsseldorf,Germany,50.63N,6.34E
1960-10-01,25.303,0.179,Lalitpur,India,24.92N,78.03E
1869-09-01,20.728,1.077,Pingdingshan,China,34.56N,112.86E
1916-07-01,16.608999999999998,0.2269999999999999,Odense,Denmark,55.45N,11.34E
1885-07-01,25.029,0.7440000000000001,Cibadak,Indonesia,7.23S,106.22E
1873-03-01,4.575,0.754,Sosnowiec,Poland,50.63N,19.01E
1999-10-01,6.803999999999999,0.256,Balashikha,Russia,55.45N,36.85E
1945-02-01,1.311,0.2269999999999999,Washington,United States,39.38N,76.99W
1933-07-01,18.713,0.415,Radom,Poland,50.63N,21.55E
1920-02-01,19.48,0.894,Guaymas,Mexico,28.13N,110.00W
1929-12-01,1.71,1.078,Guangyuan,China,32.95N,106.28E
1960-04-01,24.14,0.17,Bertoua,Cameroon,4.02N,13.66E
1927-09-01,6.807,0.294,Syktyvkar,Russia,61.88N,49.25E
1830-09-01,,,Haikou,China,24.92N,102.86E
1930-06-01,11.485,0.3939999999999999,Obihiro,Japan,42.59N,144.00E
1870-02-01,-2.63,1.551,Tuzla,Bosnia And Herzegovina,44.20N,17.89E
1933-03-01,28.485,0.39,Ondo,Nigeria,7.23N,4.05E
2013-09-01,,,Ilawe,Nigeria,7.23N,5.68E
1932-01-01,-0.374,1.305,Bojnurd,Iran,37.78N,56.95E
1819-06-01,17.156,1.598,Dimitrovgrad,Russia,53.84N,50.45E
1960-02-01,3.2460000000000004,0.289,Nottingham,United Kingdom,53.84N,1.36W
1882-06-01,14.847,0.527,Gliwice,Poland,50.63N,19.01E
1927-06-01,14.497,0.2689999999999999,Barrie,Canada,44.20N,80.50W
1936-09-01,12.537,0.322,Kiev,Ukraine,50.63N,31.69E
1885-11-01,24.854,1.024,Angeles,Philippines,15.27N,120.83E
2010-05-01,27.781,0.376,Maracanaú,Brazil,4.02S,39.38W
1894-09-01,24.753,0.6629999999999999,Sapele,Nigeria,5.63N,6.46E
1897-08-01,28.185,0.589,Hialeah,United States,26.52N,80.60W
1820-11-01,1.641,0.976,Hamburg,Germany,53.84N,9.55E
1935-11-01,19.43,0.471,Ismailia,Egypt,31.35N,32.04E
2008-03-01,14.184,0.14,Huangzhou,China,29.74N,114.46E
1869-08-01,11.431,1.537,Soweto,South Africa,26.52S,28.66E
2011-01-01,24.583,0.5429999999999999,Bhadravati,India,13.66N,75.14E
1981-10-01,12.54,0.301,Jiaozuo,China,34.56N,112.86E
1992-02-01,26.371,0.555,Magé,Brazil,23.31S,42.82W
1965-09-01,20.25,0.522,Algeciras,Spain,36.17N,5.97W
1838-04-01,3.156,1.285,Bern,Switzerland,47.42N,8.29E
1788-10-01,8.413,3.26,Essen,Germany,50.63N,6.34E
1931-06-01,20.654,0.534,Mixco,Guatemala,15.27N,90.83W
1972-08-01,14.811,0.439,Uitenhage,South Africa,34.56S,25.30E
1809-08-01,18.107000000000006,1.616,Yelets,Russia,52.24N,39.42E
1835-07-01,27.484,1.75,Mahesana,India,23.31N,72.52E
1926-12-01,-6.186,0.441,Orël,Russia,52.24N,36.79E
2004-10-01,26.651000000000003,0.321,Marawi,Philippines,7.23N,124.05E
1842-03-01,27.298,2.09,Chitradurga,India,13.66N,76.79E
1977-11-01,8.25,0.312,Mashhad,Iran,36.17N,59.67E
1865-11-01,9.59,2.087,Macheng,China,31.35N,114.97E
1870-11-01,21.048,1.605,Guaratinguetá,Brazil,23.31S,44.56W
1957-12-01,21.079,0.402,Ruiru,Kenya,0.80S,37.77E
1941-09-01,22.051,0.777,Zhenjiang,China,32.95N,119.68E
1883-10-01,25.974,0.828,Taytay,Philippines,15.27N,120.83E
1754-09-01,13.907,2.805,Plovdiv,Bulgaria,42.59N,24.00E
1852-08-01,29.394,4.069,Monterrey,Mexico,26.52N,100.30W
1907-04-01,24.613000000000003,0.722,Bandung,Indonesia,7.23S,107.84E
1789-09-01,16.523,1.858,Oradea,Romania,47.42N,22.50E
1973-06-01,29.305000000000003,0.13,Nam Dinh,Vietnam,20.09N,105.78E
2002-12-01,1.187,0.747,Shahr E Kord,Iran,32.95N,50.74E
1901-10-01,15.624,1.154,Worcester,South Africa,32.95S,20.11E
1793-01-01,2.145,5.245,Nottingham,United Kingdom,53.84N,1.36W
1931-07-01,22.645000000000003,0.291,Fuji,Japan,34.56N,138.16E
1773-06-01,20.132,1.866,Yevpatoriya,Ukraine,45.81N,33.46E
2002-03-01,1.209,0.275,Trondheim,Norway,63.49N,9.00E
1857-12-01,26.12,2.168,Magangué,Colombia,8.84N,75.41W
1934-04-01,26.086,0.207,Phagwara,India,31.35N,75.39E
1926-02-01,2.445,0.2319999999999999,Mitaka,Japan,36.17N,139.23E
1913-08-01,30.777,0.5820000000000001,Kaithal,India,29.74N,75.69E
1862-08-01,24.216,1.045,Thessaloníki,Greece,40.99N,23.43E
1995-07-01,26.226,0.3339999999999999,Sukabumi,Indonesia,7.23S,106.22E
1939-08-01,20.134,0.433,Maykop,Russia,44.20N,40.25E
1899-02-01,15.059,0.762,Muridke,Pakistan,31.35N,73.51E
1810-02-01,,,Baleshwar,India,21.70N,87.40E
1869-04-01,9.052,1.486,Taiyuan,China,37.78N,111.86E
1936-09-01,22.41,0.56,Livingstone,Zambia,18.48S,25.35E
1764-07-01,18.773,6.107,Wiesbaden,Germany,50.63N,8.87E
1975-09-01,25.106,0.255,Imabari,Japan,34.56N,132.32E
1910-03-01,30.277,0.8420000000000001,Niamey,Niger,13.66N,2.48E
1950-06-01,18.702,0.4639999999999999,Bello,Colombia,5.63N,75.87W
1937-03-01,19.789,0.283,Pakpattan,Pakistan,29.74N,73.85E
1989-06-01,16.628999999999998,0.286,Americana,Brazil,23.31S,48.06W
1863-07-01,28.16,1.605,Fort Lauderdale,United States,26.52N,80.60W
2003-10-01,16.386,0.308,Pachuca,Mexico,20.09N,98.96W
1868-06-01,24.72,1.141,Xinyang,China,32.95N,113.94E
1897-01-01,6.669,1.341,Shangrao,China,28.13N,117.27E
2008-09-01,20.903,0.2769999999999999,Bogotá,Colombia,4.02N,74.73W
1972-05-01,15.475,0.226,Baia Mare,Romania,47.42N,22.50E
1793-03-01,20.64,3.0780000000000003,Port Saint Lucie,United States,26.52N,80.60W
1842-02-01,10.447,2.109,Ilam,Iran,32.95N,46.91E
1800-03-01,3.067,4.814,Derby,United Kingdom,53.84N,1.36W
1888-01-01,7.146999999999999,0.914,Brest,France,49.03N,4.90W
1949-07-01,28.062,0.24,Maracaibo,Venezuela,10.45N,71.18W
1956-01-01,12.837,0.478,Anaheim,United States,32.95N,117.77W
1934-12-01,3.659,0.752,Trabzon,Turkey,40.99N,40.47E
1784-02-01,0.979,9.006,Leghorn,Italy,44.20N,11.18E
1898-08-01,25.891,0.845,Plây Cu,Vietnam,13.66N,108.17E
1799-08-01,27.436,1.222,Yavatmal,India,20.09N,78.48E
1887-11-01,10.322,1.149,Leshan,China,29.74N,103.38E
1819-04-01,9.222,2.059,Nazran,Russia,44.20N,44.72E
1843-11-01,17.205,0.924,Bayrut,Lebanon,34.56N,35.03E
1982-04-01,28.092,1.058,Chhapra,India,26.52N,84.18E
1934-02-01,11.904000000000002,0.733,Asyut,Egypt,26.52N,30.45E
1825-02-01,19.25,1.842,Rewa,India,24.92N,81.58E
1849-11-01,,,Purwokerto,Indonesia,7.23S,109.46E
1947-08-01,26.981,0.1939999999999999,Ziguinchor,Senegal,12.05N,16.44W
1957-12-01,25.003,0.545,Niterói,Brazil,23.31S,42.82W
2006-09-01,28.267,0.492,Panipat,India,29.74N,77.54E
1918-08-01,21.305000000000003,0.321,Ancona,Italy,44.20N,13.42E
1945-05-01,11.747,1.22,Virginia,South Africa,28.13S,26.36E
1957-01-01,-7.785,0.99,Orumiyeh,Iran,37.78N,44.75E
1873-08-01,11.867,0.445,Auckland,New Zealand,36.17S,175.03E
1807-07-01,19.375,2.485,Belgorod,Russia,50.63N,36.76E
1884-12-01,19.856,0.871,Bid,India,18.48N,76.06E
1929-08-01,17.208000000000002,0.512,Dali,China,26.52N,100.30E
1846-07-01,,,Uruguaiana,Brazil,29.74S,57.23W
1950-03-01,18.739,0.512,Botshabelo,South Africa,29.74S,27.69E
1864-11-01,,,Parnamirim,Brazil,5.63S,35.52W
2009-01-01,-14.171,0.261,Longjing,China,42.59N,128.73E
1931-11-01,20.208,0.471,Guarujá,Brazil,23.31S,46.31W
1753-06-01,21.515,2.01,Venice,Italy,45.81N,12.69E
1982-04-01,25.087,0.243,Paseh,Indonesia,7.23S,107.84E
1990-05-01,32.286,0.5720000000000001,Sasaram,India,24.92N,83.35E
1871-08-01,17.769000000000002,0.413,Liège,Belgium,50.63N,6.34E
1831-07-01,26.351,1.477,Monywa,Burma,21.70N,94.33E
1915-10-01,2.9650000000000003,0.451,Turku,Finland,60.27N,22.70E
1888-03-01,17.374000000000002,1.088,Anbu,China,23.31N,116.21E
2000-07-01,27.197,0.2269999999999999,Kurashiki,Japan,34.56N,134.27E
2005-09-01,17.637,0.381,Valladolid,Spain,40.99N,4.26W
1880-12-01,22.713,0.723,Camagüey,Cuba,21.70N,78.75W
2010-03-01,-7.393000000000002,0.628,Oulu,Finland,65.09N,24.89E
2002-03-01,15.556,0.286,Iskenderun,Turkey,36.17N,35.80E
1913-05-01,27.233,0.58,Conakry,Guinea,8.84N,13.78W
1989-11-01,12.812,0.253,Stockton,United States,37.78N,122.03W
1893-09-01,11.318,0.385,Vladimir,Russia,55.45N,39.69E
1949-02-01,3.302,0.467,Columbus,United States,39.38N,83.24W
1856-09-01,12.706,1.319,Southend On Sea,United Kingdom,52.24N,0.00W
1899-06-01,26.077,0.357,Lafayette,United States,29.74N,92.31W
1910-04-01,9.875,0.3389999999999999,Vicenza,Italy,45.81N,12.69E
1987-02-01,20.25,0.535,Bello,Colombia,5.63N,75.87W
1943-06-01,26.268,0.6579999999999999,Sandakan,Malaysia,5.63N,117.85E
1984-11-01,22.526000000000003,0.3979999999999999,Yavatmal,India,20.09N,78.48E
1992-09-01,25.66,0.3339999999999999,Indore,India,23.31N,76.02E
1995-06-01,28.377,0.17,Calamba,Philippines,13.66N,121.38E
1947-01-01,27.4,0.495,Mojokerto,Indonesia,7.23S,112.70E
1868-08-01,25.244,1.087,Tuxtla Gutiérrez,Mexico,16.87N,93.77W
1861-10-01,10.652,1.318,Stara Zagora,Bulgaria,42.59N,26.18E
1991-03-01,6.492999999999999,0.392,Aberdeen,United Kingdom,57.05N,1.48W
1861-01-01,22.066,1.852,Passo Fundo,Brazil,28.13S,51.82W
1826-01-01,,,Cagua,Venezuela,10.45N,67.91W
2007-02-01,23.864,0.622,Ruiru,Kenya,0.80S,37.77E
1997-02-01,25.906,0.372,Kampala,Uganda,0.80N,32.95E
1840-05-01,17.418000000000006,1.491,Cagliari,Italy,39.38N,8.32E
1797-12-01,-1.475,3.2230000000000003,Elista,Russia,45.81N,45.00E
1918-11-01,10.496,0.321,Akashi,Japan,34.56N,134.27E
1863-11-01,5.769,1.912,Neyshabur,Iran,36.17N,59.67E
1888-07-01,25.871,1.108,Jamame,Somalia,0.80N,42.59E
1857-12-01,24.428,1.142,Resistencia,Argentina,28.13S,59.09W
1995-07-01,19.75,0.226,Staryy Oskol,Russia,50.63N,36.76E
1978-01-01,18.784,0.209,Iguala,Mexico,18.48N,99.72W
1865-04-01,22.33,1.411,Culiacán,Mexico,24.92N,108.18W
1966-05-01,14.4,0.23,Derbent,Russia,42.59N,48.00E
2001-12-01,8.865,0.3289999999999999,Kerman,Iran,29.74N,57.23E
1836-08-01,,,Astanajapura,Indonesia,7.23S,107.84E
1892-11-01,-4.724,0.939,Novocheboksarsk,Russia,55.45N,48.19E
1968-02-01,22.004,0.262,Armenia,Colombia,4.02N,76.34W
1948-09-01,26.979,0.4479999999999999,Zamboanga,Philippines,7.23N,122.43E
1963-01-01,7.792000000000001,0.677,Fuzhou,China,26.52N,120.00E
1927-08-01,17.89,0.298,Chandigarh,India,31.35N,77.28E
1849-07-01,24.113000000000003,1.4880000000000002,Ahmadnagar,India,18.48N,74.37E
1962-04-01,8.198,0.258,Flint,United States,42.59N,82.91W
1923-01-01,24.828000000000003,0.5529999999999999,Cà Mau,Vietnam,8.84N,104.59E
1807-08-01,19.4,2.569,Oshawa,Canada,44.20N,78.26W
1982-08-01,20.326,0.246,New Haven,United States,40.99N,72.43W
1828-08-01,13.425999999999998,2.254,Sunderland,United Kingdom,55.45N,2.83W
1951-12-01,20.28,0.47,Hue,Vietnam,16.87N,107.16E
2009-01-01,0.706,0.509,Çorum,Turkey,40.99N,34.08E
1787-08-01,17.937,5.187,Tarnow,Poland,50.63N,21.55E
1827-11-01,5.175,0.723,Leghorn,Italy,44.20N,11.18E
1956-12-01,15.457,0.7020000000000001,Wellington,New Zealand,40.99S,174.67E
1971-04-01,18.707,0.276,Manizales,Colombia,5.63N,75.87W
1851-08-01,23.46,1.6909999999999998,Independence,United States,39.38N,93.64W
1790-07-01,22.072000000000006,2.051,Taganrog,Russia,47.42N,39.08E
1949-04-01,28.676,0.3379999999999999,Asansol,India,23.31N,86.50E
1895-09-01,15.029000000000002,0.382,Chisinau,Moldova,47.42N,29.61E
1902-12-01,15.44,0.726,Ha Noi,Vietnam,21.70N,106.44E
1983-06-01,26.731,0.3779999999999999,Hengshui,China,37.78N,115.93E
1859-01-01,4.9780000000000015,2.137,Qandahar,Afghanistan,31.35N,65.97E
1888-11-01,,,Dar Es Salaam,Tanzania,7.23S,39.73E
2001-05-01,24.534,0.2189999999999999,Baton Rouge,United States,29.74N,90.46W
1916-01-01,9.359,0.685,Killeen,United States,31.35N,98.01W
1929-07-01,25.065,0.215,Mormugao,India,15.27N,74.17E
1977-02-01,3.169,0.28,Luoyang,China,34.56N,112.86E
1971-03-01,24.642,0.281,Guatire,Venezuela,10.45N,66.27W
1965-04-01,8.324000000000002,0.161,Bucharest,Romania,44.20N,26.83E
1910-08-01,24.904,0.467,Jimeta,Nigeria,8.84N,12.16E
1819-12-01,-0.604,2.624,Ljubljana,Slovenia,45.81N,15.00E
1853-03-01,26.986,2.0,Malolos,Philippines,15.27N,120.83E
1896-05-01,31.062,0.4029999999999999,Daska,Pakistan,32.95N,73.72E
1929-08-01,25.615,0.315,Volgograd,Russia,49.03N,44.08E
1978-05-01,19.202,0.198,Zunyi,China,28.13N,106.36E
1871-03-01,-3.701,2.176,Calgary,Canada,50.63N,112.82W
1830-04-01,,,Yining,China,44.20N,80.50E
1949-09-01,25.647,0.423,Sukaraja,Indonesia,7.23S,106.22E
1926-03-01,-0.0419999999999999,0.6709999999999999,Lvov,Ukraine,50.63N,24.08E
2004-05-01,12.282,0.526,Boksburg,South Africa,26.52S,28.66E
1960-06-01,26.804,0.3,El Paso,United States,31.35N,105.55W
1826-09-01,24.458,1.965,Malegaon,India,20.09N,75.07E
1864-11-01,-0.141,1.035,Gdansk,Poland,53.84N,17.73E
1955-07-01,25.082,0.129,Detroit,United States,42.59N,82.91W
1996-11-01,9.378,0.122,Kasukabe,Japan,36.17N,139.23E
1928-03-01,9.335,0.254,Huzhou,China,31.35N,120.63E
1967-04-01,29.684,0.171,Ahmadabad,India,23.31N,72.52E
1947-04-01,16.192,0.143,San Nicolas,Argentina,32.95S,60.32W
1935-10-01,24.617,0.245,Kamalia,Pakistan,31.35N,73.51E
1872-07-01,29.041,1.713,Khorramabad,Iran,32.95N,48.83E
1967-09-01,20.054,0.501,Villa Canales,Guatemala,15.27N,90.83W
1858-06-01,29.436,1.415,Rishra,India,23.31N,88.25E
1965-06-01,16.445999999999998,0.486,Concord,United States,37.78N,122.03W
1857-08-01,13.614,1.6469999999999998,Lages,Brazil,28.13S,50.00W
1848-07-01,18.953000000000007,1.567,Vigo,Spain,42.59N,8.73W
1931-08-01,26.235,0.262,Marivan,Iran,36.17N,45.75E
2013-05-01,34.65,0.823,Kapra,India,16.87N,78.70E
1915-08-01,19.344,0.21,Cleveland,United States,40.99N,80.95W
1970-01-01,9.581,0.622,Thousand Oaks,United States,34.56N,118.70W
1893-10-01,9.381,0.377,Gdynia,Poland,53.84N,17.73E
1831-10-01,-2.091,2.181,Wuwei,China,37.78N,101.69E
1836-05-01,19.564,1.577,Teófilo Otoni,Brazil,18.48S,42.25W
2004-08-01,7.853,1.5619999999999998,La Paz,Bolivia,16.87S,68.65W
1892-12-01,23.571,1.007,Las Tunas,Cuba,21.70N,77.02W
2002-09-01,20.132,0.37,San Francisco,United States,37.78N,122.03W
1855-07-01,20.984,1.044,Budapest,Hungary,47.42N,20.13E
1859-08-01,19.953,0.7070000000000001,Bielsko Biala,Poland,50.63N,19.01E
1968-07-01,19.342,0.348,Nevinnomyssk,Russia,44.20N,42.48E
1925-07-01,28.654,0.691,Mbour,Senegal,13.66N,17.34W
1986-05-01,29.522,0.261,Ambarnath,India,18.48N,72.68E
1786-07-01,22.498,3.412,Eskisehir,Turkey,39.38N,31.21E
1888-12-01,-6.879999999999999,1.144,Sujiatun,China,40.99N,123.55E
1971-09-01,21.193,0.244,Kansas City,United States,39.38N,93.64W
1896-09-01,32.056,0.928,Abu Dhabi,United Arab Emirates,24.92N,54.98E
1833-11-01,-7.4540000000000015,2.341,Kemerovo,Russia,55.45N,85.04E
2004-12-01,-9.081,0.483,Lasa,China,29.74N,90.46E
1889-06-01,25.124,0.252,Erode,India,12.05N,77.26E
1852-10-01,25.927000000000003,1.51,Sincelejo,Colombia,8.84N,75.41W
1986-01-01,11.024,0.316,Ramat Gan,Israel,32.95N,35.43E
1889-11-01,4.834,0.823,Zaanstad,Netherlands,52.24N,5.26E
2000-06-01,23.912,0.475,Fez,Morocco,34.56N,5.84W
1932-11-01,21.328000000000003,0.2789999999999999,Kota,India,24.92N,76.26E
1842-11-01,8.23,2.26,Quchan,Iran,37.78N,58.98E
1867-07-01,28.262,1.585,Loudi,China,28.13N,111.82E
1920-07-01,26.142,0.887,Bitung,Indonesia,0.80N,124.55E
1953-06-01,19.484,0.244,Oyama,Japan,36.17N,139.23E
1856-06-01,17.595,1.6840000000000002,Samara,Russia,53.84N,50.45E
1994-03-01,8.544,0.2189999999999999,Yaan,China,29.74N,103.38E
1988-05-01,14.344,0.17,Almere,Netherlands,52.24N,5.26E
1878-06-01,32.448,1.185,Nadiad,India,23.31N,72.52E
1906-11-01,11.208,0.369,Jammu,India,32.95N,75.64E
1832-06-01,19.321,2.013,Krasnodar,Russia,45.81N,38.08E
1821-03-01,25.664,1.6880000000000002,Pabna,Bangladesh,23.31N,90.00E
1951-10-01,19.729,0.4529999999999999,Chenzhou,China,26.52N,112.84E
1955-10-01,12.15,0.214,Zhaotong,China,26.52N,103.88E
1993-09-01,9.009,0.322,Novokuznetsk,Russia,53.84N,85.91E
1846-05-01,26.789,1.554,Sekudai,Malaysia,0.80N,103.66E
1894-03-01,4.99,0.7959999999999999,Saint Étienne,France,45.81N,3.46E
1842-04-01,7.148,1.928,Bergisch Gladbach,Germany,50.63N,6.34E
1882-07-01,25.818,1.161,Araguaína,Brazil,7.23S,47.84W
1894-02-01,23.703000000000003,0.906,Atibaia,Brazil,23.31S,46.31W
1814-05-01,6.8420000000000005,1.327,Tver,Russia,57.05N,36.89E
1908-09-01,24.231,0.261,Luqiao,China,28.13N,120.91E
1982-11-01,14.932,0.518,Kashipur,India,29.74N,79.38E
1828-11-01,5.11,1.911,New York,United States,40.99N,74.56W
1895-04-01,25.992,1.513,Monrovia,Liberia,7.23N,10.54W
1929-05-01,19.042,0.43,Jaraguá Do Sul,Brazil,26.52S,48.36W
1856-03-01,24.885,1.871,Jamalpur,India,24.92N,86.90E
1943-03-01,17.288999999999998,0.252,Pate,Taiwan,24.92N,120.59E
1992-06-01,22.269,0.28,Nampula,Mozambique,15.27S,39.17E
1853-10-01,1.971,0.967,Kamensk Uralskiy,Russia,55.45N,62.36E
1941-07-01,26.801,0.8079999999999999,Bontang,Indonesia,0.80N,118.13E
1947-01-01,0.5,0.669,Kaifeng,China,34.56N,114.81E
1869-11-01,,,Caucaia,Brazil,4.02S,39.38W
1952-03-01,7.677,0.191,Knoxville,United States,36.17N,83.54W
1903-11-01,5.425,0.5770000000000001,Zagreb,Croatia,45.81N,15.00E
1939-01-01,-3.1210000000000004,0.26,Bataysk,Russia,47.42N,39.08E
1947-09-01,27.102,0.2,Haridwar,India,29.74N,77.54E
1991-11-01,11.582,0.156,Tianmen,China,31.35N,113.09E
1911-06-01,16.257,0.22,Amiens,France,49.03N,2.45E
1914-01-01,21.797,0.948,Araucária,Brazil,24.92S,49.66W
1974-01-01,19.027,0.371,Hue,Vietnam,16.87N,107.16E
1995-04-01,31.445,0.242,Khardaha,India,23.31N,88.25E
1877-10-01,10.475,0.589,Plymouth,United Kingdom,50.63N,3.80W
1869-12-01,1.481,1.119,Maykop,Russia,44.20N,40.25E
1836-03-01,,,Plây Cu,Vietnam,13.66N,108.17E
1873-10-01,23.196,1.168,Yaoundé,Cameroon,4.02N,12.05E
1917-05-01,13.178,0.3829999999999999,Radom,Poland,50.63N,21.55E
1994-03-01,27.347,0.599,Itarsi,India,23.31N,77.77E
1800-09-01,16.645,3.294,Pittsburgh,United States,40.99N,80.95W
1880-03-01,27.335,1.233,Bukit Mertajam,Malaysia,5.63N,100.09E
1832-06-01,21.704,2.441,Fez,Morocco,34.56N,5.84W
1922-06-01,23.403,1.038,Queimados,Brazil,23.31S,42.82W
1975-06-01,22.233,0.222,Kurume,Japan,32.95N,131.17E
2004-04-01,28.154000000000003,0.511,Uromi,Nigeria,7.23N,5.68E
1882-09-01,13.007,0.348,Chernihiv,Ukraine,52.24N,31.53E
1847-06-01,23.137,1.74,Jiangyin,China,31.35N,120.63E
1863-01-01,,,Mandaue,Philippines,10.45N,123.55E
2010-11-01,5.464,0.287,Peterborough,United Kingdom,52.24N,0.00W
1912-09-01,26.202,0.384,Meycauayan,Philippines,15.27N,120.83E
1771-10-01,12.393,1.81,Oviedo,Spain,42.59N,6.55W
1929-12-01,1.408,0.501,Chorzow,Poland,50.63N,19.01E
1962-03-01,25.669,0.647,Araçatuba,Brazil,21.70S,51.06W
1918-09-01,11.858,0.257,Saransk,Russia,53.84N,45.00E
2000-07-01,30.925,0.43,Rohtak,India,28.13N,77.27E
1748-05-01,,,Ingolstadt,Germany,49.03N,12.24E
1866-12-01,5.325,1.227,Cambridge,United Kingdom,52.24N,0.00W
1798-06-01,17.188,2.762,Duisburg,Germany,50.63N,6.34E
1770-11-01,3.974,4.394,Kherson,Ukraine,47.42N,31.97E
1858-11-01,4.091,1.3630000000000002,Hartford,United States,40.99N,72.43W
1885-11-01,,,Boa Vista,Brazil,2.41N,60.27W
1801-02-01,,,Pervouralsk,Russia,57.05N,60.49E
1923-07-01,19.13,0.693,Benguela,Angola,12.05S,13.15E
2010-05-01,33.046,0.3829999999999999,Ambala,India,29.74N,77.54E
1923-05-01,20.059,1.3119999999999998,Lubango,Angola,15.27S,14.17E
2001-03-01,0.746,0.226,Sterling Heights,United States,42.59N,82.91W
1916-01-01,22.03,0.7070000000000001,Yelahanka,India,13.66N,76.79E
1926-04-01,16.912,0.484,Shangrao,China,28.13N,117.27E
1801-06-01,14.126,2.37,Newport,United Kingdom,52.24N,2.63W
1852-08-01,19.082,1.319,Piatra Neamt,Romania,47.42N,27.24E
1885-02-01,23.333,2.122,Santa Cruz,Philippines,13.66N,121.38E
1952-04-01,27.17,0.415,Parnaíba,Brazil,2.41S,40.98W
1891-05-01,17.503999999999998,0.4539999999999999,Atibaia,Brazil,23.31S,46.31W
2003-08-01,20.953000000000003,0.3329999999999999,Bern,Switzerland,47.42N,8.29E
1887-05-01,32.373000000000005,0.847,Mahbubnagar,India,16.87N,78.70E
1905-08-01,18.901,0.51,Tunja,Colombia,5.63N,72.65W
1971-04-01,9.474,0.356,Móstoles,Spain,40.99N,4.26W
1905-08-01,27.208,0.342,Hong Gai,Vietnam,21.70N,106.44E
2004-03-01,27.126,0.372,Allahabad,India,24.92N,81.58E
2001-05-01,19.026,0.077,Numazu,Japan,34.56N,138.16E
1854-03-01,5.336,1.764,Kasukabe,Japan,36.17N,139.23E
1970-02-01,16.397000000000002,0.2269999999999999,Zhaoqing,China,23.31N,112.72E
1894-04-01,18.757,0.706,Newcastle,Australia,32.95S,152.23E
1944-05-01,11.555,0.22,Utrecht,Netherlands,52.24N,5.26E
1816-01-01,14.474,3.527,Amroha,India,28.13N,79.09E
1902-06-01,14.951,0.951,Ussuriysk,Russia,44.20N,131.93E
1784-11-01,9.512,2.129,Huntsville,United States,34.56N,85.62W
1942-06-01,16.208,1.133,Guarulhos,Brazil,23.31S,46.31W
1991-05-01,16.619,0.312,Jinzhou,China,40.99N,121.42E
1933-07-01,21.807,0.848,Modena,Italy,44.20N,11.18E
1992-10-01,27.565,0.259,Cuddapah,India,15.27N,79.17E
1977-06-01,25.855,0.35,Mataram,Indonesia,8.84S,115.95E
2003-09-01,28.295,0.342,Bhavnagar,India,21.70N,71.83E
1957-03-01,5.279000000000001,0.256,Overland Park,United States,39.38N,93.64W
1997-07-01,24.450000000000006,0.25,Abiko,Japan,36.17N,139.23E
1840-12-01,-13.354,2.214,Tver,Russia,57.05N,36.89E
1905-07-01,28.586,0.396,Warangal,India,18.48N,79.44E
1954-12-01,26.19400000000001,1.3219999999999998,Balikpapan,Indonesia,0.80S,116.52E
1886-02-01,-9.745,0.8740000000000001,Minsk,Belarus,53.84N,28.64E
1873-11-01,,,Enugu,Nigeria,7.23N,7.30E
1803-10-01,26.101,2.411,Varanasi,India,24.92N,83.35E
1903-04-01,26.113000000000003,0.7340000000000001,Berbera,Somalia,10.45N,45.00E
2008-09-01,18.932,0.499,Chiclayo,Peru,7.23S,80.27W
1826-07-01,23.15,1.5219999999999998,Tarragona,Spain,40.99N,2.13E
1981-07-01,19.353,0.919,Jequié,Brazil,13.66S,40.46W
1957-05-01,29.94,0.434,Pune,India,18.48N,74.37E
1904-07-01,21.427,0.42,Drobeta Turnu Severin,Romania,44.20N,22.36E
1863-02-01,-5.76,3.286,Serpukhov,Russia,55.45N,36.85E
2003-04-01,32.287,0.469,Burhanpur,India,21.70N,77.02E
1976-06-01,20.155,0.208,Petapa,Guatemala,15.27N,90.83W
1939-11-01,19.558,0.344,Fatehpur,India,26.52N,80.60E
1815-09-01,10.649,1.037,Pinsk,Belarus,52.24N,26.28E
1900-02-01,24.771,1.159,Makati,Philippines,15.27N,120.83E
1961-11-01,14.113,0.168,Leiyang,China,26.52N,112.84E
1851-08-01,13.532,1.981,Ulan Ude,Russia,52.24N,107.74E
1901-09-01,22.668000000000006,0.469,Yao,Japan,34.56N,136.22E
1823-01-01,19.289,1.761,Chhindwara,India,21.70N,78.75E
1806-04-01,30.465,2.7260000000000004,Mahesana,India,23.31N,72.52E
1852-03-01,3.471,1.712,Hadano,Japan,36.17N,139.23E
1753-12-01,-4.556,4.123,Ostrava,Czech Republic,50.63N,19.01E
1888-12-01,-2.535,0.8909999999999999,Providence,United States,42.59N,72.00W
1813-08-01,23.267,1.4680000000000002,Knoxville,United States,36.17N,83.54W
1784-06-01,18.63,2.198,Prizren,Serbia,42.59N,21.82E
1888-11-01,4.596,0.72,Lyon,France,45.81N,5.77E
1866-05-01,16.45,1.617,Potgietersrus,South Africa,23.31S,28.83E
1909-02-01,2.8560000000000003,0.364,Bristol,United Kingdom,52.24N,2.63W
1886-06-01,8.138,0.949,Murmansk,Russia,68.31N,34.70E
1853-02-01,23.168000000000003,1.776,Thana,India,18.48N,72.68E
1850-05-01,25.728,1.157,Kotte,Sri Lanka,7.23N,80.27E
1940-06-01,12.208,0.366,Nakhodka,Russia,42.59N,133.09E
1798-03-01,3.4400000000000004,2.408,Sibiu,Romania,45.81N,24.23E
1885-12-01,5.702000000000001,0.91,Birjand,Iran,32.95N,58.40E
1831-12-01,-9.462,2.951,Fushun,China,40.99N,123.55E
1855-12-01,20.4,2.117,São Vicente,Brazil,23.31S,46.31W
1793-09-01,5.045,2.294,Murmansk,Russia,68.31N,34.70E
1918-05-01,18.743,1.004,Fresnillo,Mexico,23.31N,102.23W
1974-05-01,16.643,0.287,Jinzhou,China,40.99N,121.42E
1972-06-01,33.338,0.461,Korba,India,21.70N,82.21E
1906-08-01,28.587,0.307,Ghazipur,India,24.92N,83.35E
1985-03-01,18.028,0.619,Jiroft,Iran,28.13N,57.27E
2006-01-01,7.569,0.228,Spring Valley,United States,36.17N,115.36W
1969-11-01,16.576,0.4679999999999999,Agadir,Morocco,29.74N,9.23W
1794-01-01,3.229,3.776,Getafe,Spain,40.99N,4.26W
1898-12-01,23.203000000000007,1.6269999999999998,Kindia,Guinea,10.45N,12.27W
2013-03-01,26.01,0.268,Cariacica,Brazil,20.09S,40.95W
1872-08-01,12.543,1.408,Welkom,South Africa,28.13S,26.36E
2011-10-01,26.777,0.245,Pamanukan,Indonesia,5.63S,108.16E
1913-07-01,21.992,0.263,Milwaukee,United States,42.59N,87.27W
1930-01-01,13.387,0.705,Nawabshah,Pakistan,26.52N,68.06E
1820-08-01,19.235000000000007,2.573,Plovdiv,Bulgaria,42.59N,24.00E
1869-01-01,24.193,1.246,Maracay,Venezuela,10.45N,67.91W
1862-07-01,,,Mingaora,Pakistan,34.56N,72.00E
1852-10-01,24.666,1.651,Hajipur,India,24.92N,85.12E
1958-06-01,35.796,0.6629999999999999,Dhaulpur,India,26.52N,77.01E
1811-09-01,,,Churu,India,28.13N,75.45E
1846-07-01,29.05,1.988,Ingraj Bazar,India,24.92N,88.67E
2008-06-01,23.12,0.64,Los Angeles,United States,34.56N,118.70W
1980-10-01,5.509,0.242,Velikie Luki,Russia,57.05N,30.98E
1956-05-01,12.744000000000002,0.2339999999999999,Wolfsburg,Germany,52.24N,10.51E
1780-05-01,13.664,2.184,London,United Kingdom,52.24N,0.00W
1950-12-01,26.158,0.669,Kebumen,Indonesia,7.23S,109.46E
1947-09-01,19.596,0.4029999999999999,Santa Clara,United States,37.78N,122.03W
1898-06-01,21.129,0.3989999999999999,Neyagawa,Japan,34.56N,136.22E
2000-09-01,25.454,0.222,Igboho,Nigeria,8.84N,4.05E
1892-05-01,22.865,0.653,Guanare,Venezuela,8.84N,70.54W
1913-06-01,30.952,0.317,Banda,India,24.92N,79.80E
1953-04-01,14.130999999999998,0.243,Sabadell,Spain,40.99N,2.13E
1979-04-01,9.21,0.284,Novocherkassk,Russia,47.42N,39.08E
2005-03-01,29.629,0.564,Uyo,Nigeria,5.63N,8.07E
1873-10-01,26.367,1.089,Grogol,Indonesia,7.23S,111.08E
1949-05-01,29.206,0.835,Begusarai,India,24.92N,86.90E
1964-06-01,26.773000000000003,0.351,Huizhou,China,23.31N,114.47E
1828-11-01,27.073,1.499,Santarém,Brazil,2.41S,55.45W
1965-01-01,25.91200000000001,0.4,Cabimas,Venezuela,10.45N,71.18W
1826-02-01,-12.656,1.218,Dzerzhinsk,Russia,57.05N,42.79E
1874-11-01,15.155,0.982,George,South Africa,34.56S,23.35E
1788-12-01,-9.304,3.417,Tighina,Moldova,47.42N,29.61E
1816-11-01,15.485,4.633,Jaramana,Syria,32.95N,35.43E
1916-04-01,19.022,0.718,Envigado,Colombia,5.63N,75.87W
1998-08-01,18.403,0.361,Chitungwiza,Zimbabwe,18.48S,30.42E
1975-08-01,25.256,0.5529999999999999,Aba,Nigeria,5.63N,8.07E
1866-11-01,5.735,0.6759999999999999,Preston,United Kingdom,53.84N,1.36W
1903-12-01,-8.562999999999999,0.984,Noginsk,Russia,55.45N,39.69E
1855-09-01,27.176,0.7340000000000001,Cape Coral,United States,26.52N,82.39W
1890-02-01,1.907,1.135,Toledo,United States,40.99N,83.08W
1746-08-01,,,Paterson,United States,40.99N,74.56W
1918-05-01,7.129,0.397,Talca,Chile,36.17S,71.60W
1881-05-01,25.016,0.415,Corpus Christi,United States,28.13N,97.27W
1993-06-01,17.461,0.507,Erzincan,Turkey,39.38N,39.54E
1957-09-01,29.146,0.705,Coro,Venezuela,12.05N,69.04W
1868-08-01,22.353,1.109,Buenaventura,Colombia,4.02N,76.34W
1854-02-01,-16.137999999999998,2.7260000000000004,Seversk,Russia,57.05N,84.10E
1950-02-01,13.284,0.26,Cairo,Egypt,29.74N,31.38E
2000-04-01,21.644,0.36,Bahir Dar,Ethiopia,12.05N,37.81E
1945-08-01,27.77,0.243,Ahmadabad,India,23.31N,72.52E
1995-04-01,15.035,0.176,Verwoerdburg,South Africa,26.52S,28.66E
1934-11-01,11.1,0.956,Khorramabad,Iran,32.95N,48.83E
1959-02-01,4.3260000000000005,0.247,Rouen,France,49.03N,0.00W
1871-02-01,-0.0979999999999999,2.1790000000000003,Zhoucun,China,36.17N,117.35E
1805-06-01,17.833000000000006,2.574,Fuenlabrada,Spain,40.99N,4.26W
1988-10-01,27.25,0.261,Bukit Mertajam,Malaysia,5.63N,100.09E
1811-08-01,14.026,2.934,Magnitogorsk,Russia,53.84N,58.64E
1902-03-01,25.466,0.882,Dagupan,Philippines,16.87N,120.56E
1932-02-01,26.26,0.497,Thanjavur,India,10.45N,79.36E
1989-07-01,12.12,0.479,Curitiba,Brazil,24.92S,49.66W
1913-09-01,12.611,0.79,Dimitrovgrad,Russia,53.84N,50.45E
1907-05-01,24.642,0.479,Ciparay,Indonesia,7.23S,107.84E
1868-06-01,19.403,0.777,Takaoka,Japan,36.17N,137.24E
1876-08-01,13.622,1.0759999999999998,Ulan Ude,Russia,52.24N,107.74E
1877-12-01,25.234,1.919,San Pedro,Philippines,13.66N,121.38E
1915-12-01,-11.126,0.6579999999999999,Ulyanovsk,Russia,53.84N,47.73E
1890-11-01,22.48,0.621,Cam Ranh,Vietnam,12.05N,108.49E
1773-01-01,-3.802000000000001,3.245,Saint Louis,United States,39.38N,89.48W
2005-09-01,21.478,0.3429999999999999,Bukavu,Congo (Democratic Republic Of The),2.41S,28.13E
1876-06-01,21.917,1.337,Qarchak,Iran,36.17N,51.71E
1879-04-01,10.029,1.435,Takasaki,Japan,36.17N,139.23E
1857-07-01,,,Melaka,Malaysia,2.41N,102.05E
1886-01-01,-24.223000000000003,1.385,Regina,Canada,50.63N,105.21W
1833-01-01,0.5609999999999999,3.22,Leghorn,Italy,44.20N,11.18E
1769-05-01,12.16,10.046,Bochum,Germany,52.24N,7.88E
1866-07-01,26.758000000000006,1.156,Cavite,Philippines,15.27N,120.83E
1876-05-01,16.974999999999998,1.12,Catania,Italy,37.78N,14.24E
1993-08-01,27.251,0.523,São Luís,Brazil,2.41S,44.20W
1881-02-01,-0.358,0.7120000000000001,Laiyang,China,36.17N,121.33E
1968-12-01,25.083,0.143,Maracay,Venezuela,10.45N,67.91W
1808-02-01,,,Ara,India,24.92N,85.12E
1940-06-01,33.985,0.308,Satna,India,24.92N,81.58E
1805-08-01,11.953,2.446,Innsbruck,Austria,47.42N,10.66E
1995-11-01,10.597,0.216,Xuanzhou,China,31.35N,118.74E
1969-08-01,27.48,0.5489999999999999,Do Rud,Iran,32.95N,48.83E
1868-07-01,18.451,1.046,Florencia,Colombia,2.41N,76.34W
1808-01-01,-1.5490000000000002,3.008,Leipzig,Germany,50.63N,11.41E
1904-12-01,22.08,0.332,Indaiatuba,Brazil,23.31S,48.06W
1983-07-01,31.56,0.348,Beawar,India,26.52N,73.43E
1907-07-01,25.686,0.541,Jining,China,34.56N,116.76E
1966-08-01,26.642,0.451,Gardez,Afghanistan,32.95N,69.89E
1913-10-01,18.102,0.4589999999999999,Costa Mesa,United States,32.95N,117.77W
1779-11-01,4.062,2.374,Piatra Neamt,Romania,47.42N,27.24E
1962-08-01,26.753,0.263,Parbhani,India,20.09N,76.78E
1988-06-01,19.13,0.2739999999999999,Tieli,China,47.42N,129.08E
1866-05-01,30.757,1.5730000000000002,Champdani,India,23.31N,88.25E
1972-05-01,27.62,0.375,Ponnani,India,10.45N,76.09E
1850-09-01,15.778,0.8759999999999999,Bucharest,Romania,44.20N,26.83E
1957-10-01,13.856000000000002,0.723,Sucre,Bolivia,18.48S,65.92W
1909-03-01,27.933000000000003,1.088,Raipur,India,21.70N,82.21E
1903-01-01,22.892,1.09,Macaé,Brazil,21.70S,42.40W
2000-09-01,24.782,0.208,Batman,Turkey,37.78N,40.68E
1746-04-01,,,Kolomna,Russia,55.45N,39.69E
1822-07-01,22.842,1.907,Queluz,Portugal,39.38N,8.32W
1962-06-01,27.999,0.585,Tarlac,Philippines,15.27N,120.83E
1977-02-01,-6.178000000000001,0.151,Yelets,Russia,52.24N,39.42E
1935-07-01,21.781,0.552,Craiova,Romania,44.20N,24.60E
1895-06-01,25.439,0.355,Obosi,Nigeria,5.63N,6.46E
1802-06-01,15.743,2.147,Zurich,Switzerland,47.42N,8.29E
1840-03-01,26.06600000000001,1.134,Ho Chi Minh City,Vietnam,10.45N,107.18E
1937-01-01,20.751,0.476,Chilpancingo,Mexico,18.48N,99.72W
1919-04-01,21.24,1.097,Macaé,Brazil,21.70S,42.40W
1898-11-01,3.463,0.5,Zhytomyr,Ukraine,50.63N,29.15E
1894-01-01,16.462,1.227,Cajamarca,Peru,7.23S,78.65W
1947-09-01,20.899,0.366,Ribeirão Das Neves,Brazil,20.09S,44.36W
1944-08-01,24.354,0.254,Yelahanka,India,13.66N,76.79E
1954-06-01,19.512,0.478,Lancaster,United States,34.56N,118.70W
1872-12-01,8.295000000000002,1.79,Huelva,Spain,37.78N,6.10W
1955-09-01,24.774,1.248,Hargeysa,Somalia,8.84N,44.59E
2004-10-01,18.478,0.257,Querétaro,Mexico,20.09N,100.66W
1998-02-01,8.744,0.278,Zhuzhou,China,28.13N,113.64E
1923-04-01,13.353,1.134,Sirjan,Iran,29.74N,55.38E
1983-12-01,25.219,0.335,Mejicanos,El Salvador,13.66N,90.00W
1962-10-01,17.592,0.421,Catania,Italy,37.78N,14.24E
2001-03-01,27.576,0.877,Lagos,Nigeria,5.63N,3.23E
1942-01-01,-3.582,0.196,Binzhou,China,37.78N,117.97E
1823-11-01,3.559,4.077,Wroclaw,Poland,50.63N,16.48E
1803-03-01,26.234,2.234,Baharampur,India,23.31N,88.25E
1830-12-01,6.537000000000001,2.546,Viransehir,Turkey,37.78N,40.68E
1967-01-01,0.8390000000000001,0.265,Fujimi,Japan,36.17N,139.23E
1837-02-01,1.023,1.694,Magdeburg,Germany,52.24N,10.51E
2003-05-01,13.752,0.289,Westminster,United States,39.38N,104.05W
1952-05-01,14.065,0.315,Afyonkarahisar,Turkey,39.38N,31.21E
1854-08-01,27.008000000000003,1.347,Kasuga,Japan,32.95N,131.17E
1836-10-01,25.854,3.758,Gangapur,India,26.52N,77.01E
1870-01-01,0.405,1.197,Copenhagen,Denmark,55.45N,11.34E
1811-04-01,14.221999999999998,1.945,Netanya,Israel,32.95N,35.43E
1818-03-01,22.613000000000003,1.959,Farrukhabad,India,28.13N,79.09E
1805-02-01,4.767,2.559,Perpignan,France,42.59N,2.18E
1985-10-01,14.364,0.166,Machida,Japan,36.17N,139.23E
1915-04-01,27.075,0.637,Dagupan,Philippines,16.87N,120.56E
1926-03-01,26.916,0.451,Loa Janan,Indonesia,0.80S,116.52E
1955-09-01,26.888,0.165,Olongapo,Philippines,15.27N,120.83E
1977-12-01,18.227,0.344,Jamshedpur,India,23.31N,86.50E
1839-03-01,18.088,2.289,Thanesar,India,29.74N,77.54E
1971-11-01,16.423,0.181,Lafayette,United States,29.74N,92.31W
1904-12-01,15.656,0.519,Port Elizabeth,South Africa,34.56S,25.30E
1746-08-01,,,Balashikha,Russia,55.45N,36.85E
1889-01-01,-21.107,1.29,Temirtau,Kazakhstan,50.63N,72.25E
1839-01-01,16.837,2.06,Obregon,Mexico,28.13N,110.00W
1780-07-01,25.642000000000003,2.356,Peoria,United States,40.99N,89.47W
1949-09-01,21.211,1.12,Shiyan,China,32.95N,110.11E
1872-12-01,24.682,1.516,Hagonoy,Philippines,15.27N,120.83E
1894-02-01,5.361000000000001,0.979,Salamanca,Spain,40.99N,6.39W
1999-04-01,8.972999999999997,0.2319999999999999,Novomoskovsk,Russia,53.84N,39.55E
2007-11-01,23.946,0.24,Mahbubnagar,India,16.87N,78.70E
1920-02-01,6.488,0.894,Bushehr,Iran,29.74N,51.69E
1782-08-01,17.627000000000006,4.062,Geneva,Switzerland,45.81N,5.77E
1869-06-01,27.5,1.147,Chaozhou,China,23.31N,116.21E
1944-05-01,19.591,0.519,Langfang,China,39.38N,116.53E
1922-01-01,11.531,0.382,Tijuana,Mexico,32.95N,117.77W
1992-04-01,15.083,0.286,Peking,China,39.38N,116.53E
1980-05-01,12.023,0.168,Vanderbijlpark,South Africa,26.52S,28.66E
1962-01-01,20.031,0.358,Katumba,Tanzania,8.84S,33.24E
1843-05-01,21.861,1.483,Pingchen,Taiwan,24.92N,120.59E
1862-05-01,,,Sadiqabad,Pakistan,28.13N,70.00E
1879-08-01,25.69,0.928,Zama,Japan,36.17N,139.23E
1861-03-01,18.285,1.385,Newcastle,South Africa,28.13S,30.00E
1837-09-01,13.105,1.43,Saint Paul,United States,45.81N,93.46W
1941-06-01,22.955,0.367,Toluca,Mexico,18.48N,99.72W
1997-07-01,19.457,0.433,Vigo,Spain,42.59N,8.73W
1923-11-01,1.6749999999999998,0.482,Kazan,Russia,55.45N,48.19E
1941-03-01,28.55,0.305,Bally,India,23.31N,88.25E
1857-09-01,21.025,1.052,Governador Valadares,Brazil,18.48S,42.25W
1805-05-01,13.219,1.444,Gomel,Belarus,52.24N,31.53E
1924-12-01,5.657,0.263,Yokkaichi,Japan,34.56N,136.22E
1870-03-01,-0.647,2.312,Dongling,China,40.99N,123.55E
1976-06-01,28.192,0.291,Garza García,Mexico,26.52N,100.30W
1914-01-01,25.715,0.987,Hat Yai,Thailand,7.23N,99.73E
1894-07-01,29.647,0.602,Khurja,India,28.13N,77.27E
1767-11-01,5.845,8.827,Chemnitz,Germany,50.63N,13.94E
1872-06-01,22.916,1.899,Wenzhou,China,28.13N,120.91E
1945-04-01,6.529999999999999,0.457,Maykop,Russia,44.20N,40.25E
1956-09-01,7.427999999999999,0.187,Seversk,Russia,57.05N,84.10E
1858-09-01,22.629,1.207,Kindia,Guinea,10.45N,12.27W
1928-09-01,12.935,0.295,Staryy Oskol,Russia,50.63N,36.76E
1937-10-01,8.317,0.283,Graz,Austria,47.42N,15.39E
1916-12-01,-5.496,0.4629999999999999,Guelph,Canada,44.20N,80.50W
1901-07-01,8.222000000000001,0.564,Hamilton,New Zealand,37.78S,174.92E
1865-03-01,2.177,1.7080000000000002,Tanggu,China,39.38N,118.61E
1874-06-01,27.904,1.531,Bhairab Bazar,Bangladesh,24.92N,90.44E
1979-08-01,25.733,0.176,Ugep,Nigeria,5.63N,8.07E
1976-06-01,17.633000000000006,0.216,Sterlitamak,Russia,53.84N,55.91E
1972-04-01,8.596,0.406,Peterborough,United Kingdom,52.24N,0.00W
1817-09-01,12.755999999999998,2.655,Focsani,Romania,45.81N,26.54E
1841-05-01,17.237000000000002,1.4,Saga,Japan,32.95N,131.17E
1889-04-01,6.747000000000001,0.449,Rochester,United States,42.59N,78.55W
1930-09-01,14.022,0.285,Witbank,South Africa,26.52S,28.66E
2000-01-01,2.789,0.3779999999999999,Denizli,Turkey,37.78N,28.47E
2013-09-01,23.951,1.193,Torreón,Mexico,24.92N,102.86W
1984-07-01,22.31,0.217,Dingzhou,China,39.38N,114.45E
1890-07-01,27.14,0.515,Nakhon Pathom,Thailand,13.66N,99.91E
1981-06-01,14.512,0.439,Milan,Italy,45.81N,8.08E
1925-10-01,7.6469999999999985,0.29,Newark,United States,40.99N,74.56W
1993-01-01,1.467,0.186,Columbus,United States,39.38N,83.24W
1861-09-01,17.535999999999998,1.133,Salt Lake City,United States,40.99N,112.90W
1930-05-01,18.609,0.267,Goma,Congo (Democratic Republic Of The),2.41S,29.73E
1996-10-01,23.698,0.175,Brasília,Brazil,15.27S,47.50W
2012-12-01,25.759,0.402,Mangaluru,India,13.66N,75.14E
1875-03-01,28.243,0.887,Chikmagalur,India,13.66N,75.14E
1977-09-01,23.822,0.249,Mwanza,Tanzania,2.41S,32.95E
1941-03-01,25.225,0.38,Cam Ranh,Vietnam,12.05N,108.49E
1968-05-01,11.101,0.298,Ede,Netherlands,52.24N,5.26E
1826-09-01,,,Ahvaz,Iran,31.35N,49.01E
1910-03-01,3.938,0.336,Tsuchiura,Japan,36.17N,139.23E
1860-12-01,,,Bhilwara,India,24.92N,74.48E
1941-03-01,23.21,0.345,Camagüey,Cuba,21.70N,78.75W
1916-01-01,15.133,0.471,Taoyüan,Taiwan,24.92N,120.59E
1938-07-01,15.619000000000002,0.574,Ambato,Ecuador,0.80S,77.95W
1839-08-01,17.235,2.505,Vilnius,Lithuania,55.45N,25.51E
2003-04-01,27.663,0.348,Adiwerna,Indonesia,7.23S,109.46E
1902-11-01,23.047,0.226,Hyderabad,India,16.87N,78.70E
1970-02-01,0.0129999999999999,0.181,Elista,Russia,45.81N,45.00E
1913-11-01,18.627,0.414,Danshui,China,23.31N,114.47E
2006-10-01,26.877,0.289,Jhansi,India,24.92N,78.03E
1854-03-01,25.134,1.712,Mirpur Khas,Pakistan,24.92N,69.16E
1968-06-01,18.433,0.6,Bydgoszcz,Poland,53.84N,17.73E
1846-08-01,27.55,1.567,Patan,India,23.31N,72.52E
1995-05-01,13.768,0.18,Mytishchi,Russia,55.45N,36.85E
1805-04-01,29.803,1.95,Malegaon,India,20.09N,75.07E
1968-02-01,22.322,0.326,Americana,Brazil,23.31S,48.06W
1856-08-01,22.864,1.444,Camaçari,Brazil,12.05S,37.81W
2005-06-01,25.947000000000006,0.22,Henderson,United States,36.17N,115.36W
1880-09-01,23.361,0.939,Wuxue,China,29.74N,116.31E
1981-07-01,31.083,0.644,Obregon,Mexico,28.13N,110.00W
1871-03-01,25.158,1.927,Ratlam,India,23.31N,74.27E
1983-11-01,17.91,0.377,Adana,Turkey,36.17N,35.80E
1957-02-01,8.032,0.3379999999999999,Dahuk,Iraq,36.17N,43.76E
1816-05-01,24.167,2.082,Port Saint Lucie,United States,26.52N,80.60W
1914-04-01,21.678,0.7040000000000001,Araraquara,Brazil,21.70S,47.60W
1849-02-01,14.421,2.059,Xiaolan,China,23.31N,112.72E
1895-12-01,0.119,0.995,Sarajevo,Bosnia And Herzegovina,44.20N,17.89E
1895-03-01,28.257,0.502,Chandrapur,India,20.09N,78.48E
1940-06-01,28.155,0.8290000000000001,Bobo Dioulasso,Burkina Faso,10.45N,4.09W
1997-12-01,12.742,0.367,Rancagua,Chile,34.56S,70.05W
1866-10-01,17.723,1.028,Medellín,Colombia,5.63N,75.87W
1893-02-01,23.344,0.635,Garut,Indonesia,7.23S,107.84E
1987-12-01,26.723000000000003,0.258,Martapura,Indonesia,4.02S,114.91E
1853-12-01,7.106,1.68,Kitakyushu,Japan,34.56N,130.38E
2005-04-01,5.74,0.1369999999999999,Kazan,Russia,55.45N,48.19E
1866-05-01,13.576,1.298,Nizhnekamsk,Russia,55.45N,51.02E
1877-12-01,24.094,2.138,Queimados,Brazil,23.31S,42.82W
1936-02-01,22.029,0.579,Antananarivo,Madagascar,18.48S,47.32E
1810-04-01,2.2960000000000003,2.994,Saratov,Russia,52.24N,47.30E
1916-03-01,25.9,0.787,Sullana,Peru,5.63S,80.72W
1918-11-01,-7.286,0.609,Lasa,China,29.74N,90.46E
1996-02-01,18.225,0.493,Budaun,India,28.13N,79.09E
1796-08-01,20.936,4.255,Kragujevac,Serbia,44.20N,20.12E
1960-03-01,7.885000000000002,0.654,Kerman,Iran,29.74N,57.23E
1797-08-01,18.75,2.466,Vigo,Spain,42.59N,8.73W
1853-02-01,-8.328,1.978,Haibowan,China,39.38N,106.13E
1934-06-01,22.329,0.209,Townsville,Australia,18.48S,147.04E
1940-09-01,26.291,0.286,Pembroke Pines,United States,26.52N,80.60W
1877-07-01,25.103,0.898,Taman,Indonesia,7.23S,109.46E
1975-06-01,20.765,0.235,Chisinau,Moldova,47.42N,29.61E
1955-06-01,21.099,0.372,Qujing,China,24.92N,104.63E
1999-09-01,27.165,0.1669999999999999,Taipei,Taiwan,24.92N,122.36E
1921-08-01,18.309,0.319,Tambov,Russia,52.24N,42.04E
1831-05-01,,,Portland,United States,45.81N,123.46W
1783-03-01,-5.957000000000002,2.747,Rybinsk,Russia,58.66N,40.00E
2010-06-01,19.822,0.2189999999999999,Envigado,Colombia,5.63N,75.87W
1927-03-01,15.172999999999998,0.304,Haimen,China,23.31N,116.21E
1994-06-01,29.532000000000004,0.53,Paradise,United States,36.17N,115.36W
1809-02-01,4.159000000000002,3.681,Hagen,Germany,52.24N,7.88E
1958-03-01,22.384,0.64,Butembo,Congo (Democratic Republic Of The),0.80N,29.73E
1967-07-01,25.47,0.411,El Tigre,Venezuela,8.84N,64.05W
1967-04-01,5.8340000000000005,0.2,Jishu,China,44.20N,127.45E
1935-12-01,3.1910000000000003,0.22,Soka,Japan,36.17N,139.23E
1992-12-01,26.157,0.409,Ilesha,Nigeria,8.84N,4.05E
2006-09-01,23.66,0.218,São José Do Rio Prêto,Brazil,20.09S,49.48W
1866-03-01,12.433,0.877,Tétouan,Morocco,36.17N,5.97W
1848-04-01,14.076,2.331,Anqing,China,31.35N,116.86E
1946-11-01,23.875,0.312,Tiruppur,India,10.45N,77.73E
1768-04-01,10.745,3.378,Pleven,Bulgaria,44.20N,24.60E
1874-09-01,19.027,0.434,Fort Wayne,United States,40.99N,85.21W
1773-12-01,12.277,4.938,Badalona,Spain,40.99N,2.13E
1890-09-01,20.078,0.852,Nova Friburgo,Brazil,21.70S,42.40W
1911-12-01,23.079,0.971,Niamey,Niger,13.66N,2.48E
1949-01-01,25.586,0.433,Kalmunai,Sri Lanka,7.23N,81.89E
1906-03-01,7.995,0.983,Zhumadian,China,32.95N,113.94E
1980-12-01,26.451,0.316,Long Xuyên,Vietnam,10.45N,105.55E
1932-04-01,26.726,0.228,Surabaya,Indonesia,7.23S,112.70E
1830-06-01,12.707,3.883,Helsinki,Finland,60.27N,25.95E
1908-04-01,30.144,0.642,Bauchi,Nigeria,10.45N,10.64E
1939-11-01,22.465,0.372,Chitradurga,India,13.66N,76.79E
1857-04-01,3.2110000000000003,0.823,Arzamas,Russia,55.45N,42.52E
1954-03-01,7.633999999999999,0.365,Chuzhou,China,32.95N,117.77E
2008-03-01,9.658,0.207,Nishinomiya,Japan,34.56N,136.22E
1963-03-01,13.378,0.494,Nanchong,China,31.35N,105.55E
1804-04-01,31.306,1.985,Bhagalpur,India,24.92N,86.90E
1979-01-01,11.032,0.405,Barcelona,Spain,40.99N,2.13E
1987-05-01,25.047,0.39,Beni Suef,Egypt,29.74N,31.38E
1804-01-01,18.921000000000006,3.417,Madhyamgram,India,23.31N,88.25E
1990-05-01,15.597,0.2319999999999999,Brescia,Italy,45.81N,10.38E
1906-10-01,9.72,0.735,Benxi,China,40.99N,123.55E
1884-03-01,28.964,2.244,Ilorin,Nigeria,8.84N,4.05E
1888-03-01,1.4299999999999995,0.614,Darmstadt,Germany,50.63N,8.87E
1952-07-01,20.044,0.368,Teófilo Otoni,Brazil,18.48S,42.25W
1921-05-01,15.765999999999998,0.444,Orsha,Belarus,53.84N,31.36E
1907-05-01,20.696,1.256,Villa Nueva,Guatemala,15.27N,90.83W
1880-04-01,1.986,0.5539999999999999,Lyubertsy,Russia,55.45N,36.85E
1797-06-01,21.519,2.33,Pavlohrad,Ukraine,49.03N,36.73E
1995-04-01,12.668,0.165,Kurashiki,Japan,34.56N,134.27E
1980-10-01,27.01,0.413,Abadan,Iran,29.74N,48.00E
1831-05-01,,,Weinan,China,34.56N,108.97E
1876-01-01,-4.441,0.6459999999999999,Sofia,Bulgaria,42.59N,24.00E
1790-09-01,14.518,2.641,Debrecen,Hungary,47.42N,22.50E
2013-02-01,20.595,0.5589999999999999,Sogamoso,Colombia,5.63N,72.65W
1851-02-01,25.633000000000003,1.207,Kedungwuni,Indonesia,7.23S,109.46E
1964-06-01,20.995,0.34,Chifeng,China,42.59N,120.00E
1977-12-01,26.118,0.278,Amaigbo,Nigeria,5.63N,8.07E
1844-02-01,20.253,0.975,Narayanganj,Bangladesh,23.31N,90.00E
1885-05-01,28.114,0.8340000000000001,Ambarnath,India,18.48N,72.68E
1752-01-01,-6.941000000000002,2.446,Pittsburgh,United States,40.99N,80.95W
1962-02-01,18.924,0.191,Gangapur,India,26.52N,77.01E
1917-12-01,3.727,0.846,Salt Lake City,United States,40.99N,112.90W
1916-08-01,27.291,0.397,Dimapur,India,26.52N,93.13E
1796-05-01,30.98,1.656,Kamarhati,India,23.31N,88.25E
1906-08-01,26.128,0.4579999999999999,Jaramana,Syria,32.95N,35.43E
1853-03-01,23.78,1.694,Palanpur,India,24.92N,72.71E
1932-11-01,13.685,0.4429999999999999,Morelia,Mexico,20.09N,100.66W
1893-06-01,20.241,0.427,Kashihara,Japan,34.56N,136.22E
1859-11-01,,,Pati,Indonesia,7.23S,111.08E
1930-02-01,28.57,0.73,Bobo Dioulasso,Burkina Faso,10.45N,4.09W
1871-09-01,26.194000000000003,0.936,Raichur,India,16.87N,77.02E
1980-11-01,26.504,0.271,Bulaon,Philippines,15.27N,120.83E
2005-12-01,20.365,0.244,Pune,India,18.48N,74.37E
1989-06-01,26.55,0.2319999999999999,Hsintien,Taiwan,24.92N,122.36E
1776-04-01,6.7200000000000015,2.3480000000000003,Horlivka,Ukraine,49.03N,39.18E
1937-07-01,28.521,0.536,Wuhu,China,31.35N,118.74E
1945-04-01,13.082,0.411,Chandigarh,India,31.35N,77.28E
1770-09-01,14.046,2.732,Kiev,Ukraine,50.63N,31.69E
2010-05-01,27.422,0.387,Castanhal,Brazil,0.80S,47.41W
1903-02-01,2.145,0.7090000000000001,Ashikaga,Japan,36.17N,139.23E
1947-11-01,19.103,0.435,Sohag,Egypt,26.52N,32.24E
1940-04-01,13.305,0.188,Raleigh,United States,36.17N,79.56W
2001-05-01,18.887,0.494,Taiyuan,China,37.78N,111.86E
1853-07-01,20.129,1.044,Petapa,Guatemala,15.27N,90.83W
1954-12-01,22.527,0.3879999999999999,Viamão,Brazil,29.74S,51.69W
1785-03-01,-3.822000000000001,3.877,Providence,United States,42.59N,72.00W
1975-04-01,17.250999999999998,0.158,Irving,United States,32.95N,96.70W
1976-03-01,5.532,0.684,Saveh,Iran,34.56N,50.59E
1976-04-01,25.474,0.226,Georgetown,Guyana,7.23N,57.57W
1806-09-01,25.834,2.006,Bangalore,India,12.05N,77.26E
1896-02-01,15.661,0.629,Wellington,New Zealand,40.99S,174.67E
1838-07-01,27.335,2.7960000000000003,Dewas,India,23.31N,76.02E
1877-03-01,17.343,0.986,Hanoi,Vietnam,21.70N,106.44E
1934-02-01,24.264,0.534,Pacet,Indonesia,7.23S,107.84E
1906-01-01,-1.814,0.569,Olomouc,Czech Republic,49.03N,17.14E
1875-09-01,18.866,0.66,Topeka,United States,39.38N,95.72W
1883-11-01,26.263,1.771,Iwo,Nigeria,7.23N,4.05E
1834-07-01,27.923,2.102,Sancti Spíritus,Cuba,21.70N,78.75W
1997-04-01,5.523,0.185,Otaru,Japan,42.59N,141.82E
1953-12-01,24.641,0.341,Cabudare,Venezuela,10.45N,69.55W
1817-10-01,6.097999999999999,3.802,Apeldoorn,Netherlands,52.24N,5.26E
1988-03-01,0.338,0.136,Jinzhou,China,40.99N,121.42E
1960-07-01,23.229000000000006,0.207,Alexandria,United States,39.38N,76.99W
1793-09-01,13.623,2.036,Trois Rivières,Canada,45.81N,72.69W
1979-08-01,27.389000000000006,0.311,Batangas,Philippines,13.66N,121.38E
1979-09-01,21.286,0.142,Isesaki,Japan,36.17N,139.23E
1939-10-01,12.374,0.1669999999999999,Samarkand,Uzbekistan,39.38N,66.59E
1829-10-01,2.73,2.317,Pavlodar,Kazakhstan,52.24N,76.20E
2011-09-01,27.354000000000006,0.299,Surat,India,21.70N,73.56E
1900-09-01,22.61,0.753,Córdoba,Spain,37.78N,4.07W
1918-10-01,28.734,0.44,Katsina,Nigeria,13.66N,7.43E
1999-07-01,26.641,0.307,Chattanooga,United States,34.56N,85.62W
1996-12-01,0.5169999999999999,0.38,Pueblo,United States,37.78N,103.73W
1853-05-01,14.592,1.3030000000000002,Colombo,Brazil,24.92S,49.66W
2007-02-01,-12.459,0.312,Saint Paul,United States,45.81N,93.46W
1903-12-01,12.674,0.664,Kamalia,Pakistan,31.35N,73.51E
1891-07-01,28.778,0.298,Ulubaria,India,23.31N,88.25E
1950-06-01,28.929,0.644,Wah,Pakistan,34.56N,72.00E
1954-05-01,17.456,0.262,Weinan,China,34.56N,108.97E
1949-07-01,27.204,0.397,Jiaojiang,China,28.13N,120.91E
1882-04-01,18.814,1.486,Potgietersrus,South Africa,23.31S,28.83E
1986-11-01,7.782,0.237,Zwolle,Netherlands,52.24N,5.26E
1902-05-01,28.127,0.907,Urdaneta,Philippines,15.27N,120.83E
1864-08-01,18.548,1.4480000000000002,Mufulira,Zambia,12.05S,27.95E
1869-11-01,,,Khanewal,Pakistan,29.74N,72.00E
1966-05-01,21.051,0.209,Quetzaltenango,Guatemala,15.27N,90.83W
1827-06-01,16.914,1.759,León,Spain,42.59N,6.55W
1915-06-01,13.958,0.254,Innsbruck,Austria,47.42N,10.66E
1889-02-01,2.7379999999999995,0.563,Tulsa,United States,36.17N,95.47W
1888-12-01,-19.748,1.277,Kirov,Russia,58.66N,49.23E
1908-04-01,15.224,0.618,Uitenhage,South Africa,34.56S,25.30E
1955-11-01,21.144,0.677,Navsari,India,20.09N,73.36E
1875-10-01,17.493000000000002,1.215,Awassa,Ethiopia,7.23N,38.11E
1939-06-01,25.304,0.2319999999999999,Changde,China,28.13N,111.82E
1888-11-01,9.783,0.439,Niiza,Japan,36.17N,139.23E
1845-06-01,14.265999999999998,1.356,Glazov,Russia,58.66N,52.31E
1934-02-01,3.4410000000000003,0.3829999999999999,Tottori,Japan,34.56N,134.27E
1956-07-01,24.286,0.657,Salt Lake City,United States,40.99N,112.90W
1996-03-01,29.683000000000003,0.315,Hyderabad,India,16.87N,78.70E
1873-05-01,27.899,1.534,Cavite,Philippines,15.27N,120.83E
1927-09-01,22.31,0.397,Tirana,Albania,40.99N,19.17E
1929-01-01,-0.24,0.593,Kaifeng,China,34.56N,114.81E
1983-11-01,26.635,0.428,Pagadian,Philippines,7.23N,124.05E
1754-04-01,11.709,6.404,Belgrade,Serbia,44.20N,20.12E
1966-08-01,16.73,0.418,São Bernardo Do Campo,Brazil,23.31S,46.31W
1836-11-01,-9.542,2.5540000000000003,Ekibastuz,Kazakhstan,52.24N,76.20E
1888-10-01,26.114,0.629,El Limón,Venezuela,10.45N,67.91W
1821-08-01,13.832,1.913,Tula,Russia,53.84N,36.82E
1961-06-01,21.773000000000003,0.352,Anjo,Japan,34.56N,136.22E
1756-11-01,4.363,3.738,Trieste,Italy,45.81N,12.69E
1957-02-01,22.555,0.233,Itu,Brazil,23.31S,48.06W
1921-05-01,10.872,0.457,Espoo,Finland,60.27N,25.95E
1766-02-01,3.512,4.175,Belfast,United Kingdom,55.45N,5.67W
1956-12-01,-2.838,0.384,Bila Tserkva,Ukraine,49.03N,29.39E
1826-12-01,,,Metro,Indonesia,5.63S,104.93E
1991-08-01,20.858,0.294,Maykop,Russia,44.20N,40.25E
1938-12-01,26.178,0.254,Citeureup,Indonesia,5.63S,106.55E
1918-12-01,16.578,0.615,Thái Nguyên,Vietnam,21.70N,106.44E
1865-01-01,0.369,1.586,Xuchang,China,34.56N,112.86E
1774-12-01,2.1080000000000005,5.228,Logroño,Spain,42.59N,2.18W
2000-04-01,27.10100000000001,0.5329999999999999,Daska,Pakistan,32.95N,73.72E
1934-11-01,-4.823,0.253,Anda,China,45.81N,125.77E
2007-08-01,29.313,0.187,Ara,India,24.92N,85.12E
1999-04-01,4.939,0.208,Trois Rivières,Canada,45.81N,72.69W
1937-09-01,26.921,0.2319999999999999,Medan,Indonesia,4.02N,98.84E
1929-05-01,14.470999999999998,0.484,Fushun,China,40.99N,123.55E
1948-03-01,27.255,0.348,Libreville,Gabon,0.80N,8.84E
1861-04-01,5.43,0.943,Radom,Poland,50.63N,21.55E
1853-05-01,26.935,0.992,Malambo,Colombia,10.45N,74.45W
1891-09-01,23.178,1.161,Guangshui,China,31.35N,113.09E
1994-01-01,23.642,0.8490000000000001,Kindia,Guinea,10.45N,12.27W
1822-11-01,6.655000000000001,2.083,Mahabad,Iran,36.17N,45.75E
2003-01-01,18.511,0.441,Nagda,India,23.31N,76.02E
1962-08-01,23.887,0.3339999999999999,Atlanta,United States,34.56N,83.68W
1961-12-01,6.441000000000002,0.3389999999999999,Logroño,Spain,42.59N,2.18W
1945-12-01,-13.973,0.248,Novocheboksarsk,Russia,55.45N,48.19E
1923-02-01,22.587,0.432,Guarulhos,Brazil,23.31S,46.31W
1918-03-01,19.669,0.667,Gondar,Ethiopia,12.05N,37.81E
1912-02-01,9.048,1.045,Daan,China,29.74N,105.23E
1860-06-01,31.288,1.914,Jabalpur,India,23.31N,79.51E
1860-05-01,16.442999999999998,1.2819999999999998,Kuwana,Japan,34.56N,136.22E
1882-07-01,19.653,1.098,Musoma,Tanzania,0.80S,34.55E
1802-07-01,25.911,2.3080000000000003,Kansas City,United States,39.38N,93.64W
1857-08-01,18.091,1.195,Bournemouth,United Kingdom,50.63N,1.27W
1855-10-01,26.56600000000001,1.628,Nadiad,India,23.31N,72.52E
1877-03-01,24.582,0.5920000000000001,Ujjain,India,23.31N,76.02E
1946-12-01,-1.146,0.2289999999999999,Pécs,Hungary,45.81N,17.31E
1848-11-01,13.632,1.6840000000000002,Geelong,Australia,37.78S,144.41E
1992-06-01,28.822,0.264,Phitsanulok,Thailand,16.87N,100.47E
1962-06-01,17.579,0.578,Bauru,Brazil,21.70S,49.33W
1879-08-01,13.364,0.767,Liverpool,United Kingdom,53.84N,4.09W
1983-08-01,17.366,0.413,Santos,Brazil,23.31S,46.31W
1945-01-01,-9.757,0.125,Buffalo,United States,42.59N,78.55W
1901-02-01,23.238000000000003,1.757,Belo Horizonte,Brazil,20.09S,44.36W
1834-04-01,10.181,2.273,Naples,Italy,40.99N,14.91E
2000-04-01,21.936,0.29,Posadas,Argentina,28.13S,55.45W
1936-07-01,16.929000000000002,0.465,Ferraz De Vasconcelos,Brazil,23.31S,46.31W
1841-08-01,21.355,1.281,Rio De Janeiro,Brazil,23.31S,42.82W
1830-08-01,,,Maturín,Venezuela,10.45N,63.00W
1930-03-01,14.130999999999998,0.46,Garden Grove,United States,32.95N,117.77W
1963-08-01,18.568,0.191,Boston,United States,42.59N,72.00W
1867-11-01,6.647,1.973,Borujerd,Iran,34.56N,48.65E
1819-12-01,23.611,1.908,Avadi,India,13.66N,80.09E
1942-06-01,8.931000000000003,2.358,Tarija,Bolivia,21.70S,64.90W
1966-10-01,25.053,0.444,Faisalabad,Pakistan,31.35N,73.51E
2009-05-01,17.942,0.297,Zhaodong,China,45.81N,125.77E
1814-11-01,4.979,7.58,Karlsruhe,Germany,49.03N,7.35E
1971-12-01,19.31,0.544,Bhiwandi,India,20.09N,73.36E
1948-06-01,18.343,0.258,Hegang,China,47.42N,131.45E
2011-03-01,6.779,0.15,Saint Louis,United States,39.38N,89.48W
1926-03-01,16.631,0.391,Beni Suef,Egypt,29.74N,31.38E
1831-07-01,21.105,1.715,Miskolc,Hungary,47.42N,20.13E
1832-07-01,,,Sukkur,Pakistan,28.13N,68.18E
1917-04-01,13.465,0.276,Fujieda,Japan,34.56N,138.16E
2009-02-01,28.852,0.556,Lafia,Nigeria,8.84N,8.92E
1968-11-01,10.768,0.2289999999999999,Laiyang,China,36.17N,121.33E
1950-11-01,19.482,0.73,Guangzhou,China,23.31N,112.72E
1905-10-01,14.387,0.285,Zama,Japan,36.17N,139.23E
1939-05-01,24.207,0.18,Imphal,India,24.92N,93.99E
1944-07-01,27.69,0.309,Georgetown,Guyana,7.23N,57.57W
1911-06-01,11.523,0.335,Valparaiso,Chile,32.95S,71.81W
1865-04-01,25.552,1.37,Mejicanos,El Salvador,13.66N,90.00W
1966-09-01,17.578,0.445,Dayton,United States,39.38N,83.24W
1792-02-01,19.237,2.832,Hialeah,United States,26.52N,80.60W
2007-11-01,-3.727,0.377,Penza,Russia,53.84N,45.00E
1919-04-01,21.2,0.3389999999999999,Dakar,Senegal,15.27N,17.50W
1864-12-01,2.386,1.207,Southend On Sea,United Kingdom,52.24N,0.00W
1948-09-01,19.267000000000003,0.1689999999999999,Alexandria,United States,39.38N,76.99W
1853-08-01,25.956,2.036,Huaibei,China,34.56N,116.76E
1845-12-01,25.533,2.269,Nagercoil,India,8.84N,77.03E
1895-07-01,26.899,0.482,Shillong,India,24.92N,92.22E
1888-02-01,20.332,1.116,Kulti,India,23.31N,86.50E
1836-03-01,25.902,1.335,Titagarh,India,23.31N,88.25E
1874-01-01,22.43,1.5730000000000002,Moji Das Cruzes,Brazil,23.31S,46.31W
1826-06-01,21.572,2.768,Des Moines,United States,40.99N,93.73W
1792-07-01,15.691,2.86,Poole,United Kingdom,50.63N,1.27W
1858-08-01,26.115,1.829,Yangmei,Taiwan,24.92N,120.59E
1960-04-01,20.777,0.235,Metairie,United States,29.74N,90.46W
1835-03-01,,,Termiz,Uzbekistan,37.78N,67.12E
1857-12-01,8.082,1.041,Murcia,Spain,37.78N,2.03W
1896-08-01,26.167,0.997,Urdaneta,Philippines,15.27N,120.83E
1852-02-01,1.803,1.078,Podgorica,Montenegro,42.59N,19.64E
1775-07-01,17.674000000000003,1.5830000000000002,Ipswich,United Kingdom,52.24N,0.00W
1955-03-01,23.946,0.556,Joinville,Brazil,26.52S,48.36W
1827-08-01,28.562,1.304,Naihati,India,23.31N,88.25E
1922-01-01,-5.484,0.426,Joliet,United States,40.99N,87.34W
1881-09-01,23.798,0.436,Kakogawa,Japan,34.56N,134.27E
1982-09-01,11.824000000000002,0.145,Newcastle Upon Tyne,United Kingdom,55.45N,2.83W
1896-09-01,15.389,0.377,Nantes,France,47.42N,1.18W
1822-12-01,-4.029,3.969,Suceava,Romania,47.42N,27.24E
1763-11-01,2.386,3.71,Zielona Gora,Poland,52.24N,15.77E
1899-09-01,18.44,1.071,Barueri,Brazil,23.31S,46.31W
1863-09-01,25.301,1.565,Manbij,Syria,36.17N,37.79E
1827-12-01,14.912,3.459,Tanta,Egypt,31.35N,30.16E
1921-07-01,28.974,0.946,Diourbel,Senegal,15.27N,15.83W
1887-12-01,-12.089,1.971,Oulu,Finland,65.09N,24.89E
1804-05-01,35.23000000000001,2.176,Bikaner,India,28.13N,73.64E
1982-07-01,21.384,0.286,Kasukabe,Japan,36.17N,139.23E
1993-06-01,16.951,0.29,Kingston,Canada,44.20N,76.02W
1927-03-01,16.901,0.318,Port Said,Egypt,31.35N,32.04E
1971-10-01,15.713,0.265,Kariya,Japan,34.56N,136.22E
1832-01-01,,,Barcelona,Venezuela,10.45N,64.64W
1973-06-01,27.248,0.113,Mawlamyine,Burma,16.87N,97.12E
1970-01-01,3.614,0.4029999999999999,Zhuzhou,China,28.13N,113.64E
1994-11-01,11.505,0.341,Jammu,India,32.95N,75.64E
1907-03-01,9.99,0.596,Mardan,Pakistan,34.56N,72.00E
1897-12-01,1.3279999999999998,0.455,Inegol,Turkey,39.38N,29.13E
1984-02-01,0.8940000000000001,0.727,Varamin,Iran,36.17N,51.71E
1986-02-01,22.33,0.353,Porbandar,India,21.70N,70.10E
1970-06-01,31.6,0.456,Tambaram,India,13.66N,80.09E
1961-01-01,20.406,0.363,Bhiwandi,India,20.09N,73.36E
1836-11-01,-6.388999999999999,2.66,Saskatoon,Canada,52.24N,107.74W
1922-05-01,15.605999999999998,0.376,Hino,Japan,36.17N,139.23E
1926-01-01,-3.019,0.273,Hirosaki,Japan,40.99N,140.59E
